sample_id,text,true_label,initial_pred,final_pred,retried,reflection,latency,max_tokens,technique,vulnerability
0,"Person1: Kat, wait. I dont want you hating me. Weve never had this talk. You know how crap I am at this.
Person2: Um, news flash. I dont give a shit.
Person1: Kat, stop it. You do. You cant even look me in the eye. You went back to the States when we split up.",1,Yes,1,True,"In this case, the input dialogue involves a tense and emotionally charged exchange between two people. The predicted label was ""Yes,"" while the true label was ""1."" Assuming that the labels ""Yes"" and ""1"" correspond to different classes (for example, ""Yes"" might indicate presence of a certain feature or sentiment, and ""1"" might indicate absence or a different category), the misclassification suggests a misunderstanding of the emotional tone or the relationship dynamics expressed.

What was likely misunderstood:
- The model may have focused on the presence of direct communication and emotional expressions (""I dont want you hating me,"" ""You do. You cant even look me in the eye"") and interpreted this as a positive or affirmative response (""Yes"").
- It may",0.8801987171173096,300,Playing Victim Role,
1,"Person1: No, really.
Person2: Shit, I don't remember exactly. I took over for my Pa just after the Duke nabbed the Oscar.
Person1: The Duke?
Person2: Yeah, my Pa wasn't right in the head after that.
Person1: You mean John Wayne?
Person2: Hell, boy there some other Duke you know about?  A great American.
Person1: Yeah, I was never that big of a western fan. I like science fiction.
Person2: I figured that much. Why the heck you asking so many jackass questions for?
Person1: You see me and my friends are writing a book on offbeat roadside attractions. You know all the crazy shit you see when you drive cross country.
Person2: I don't drive cross country.
Person1: But if you did.
Person2: I don't.
Person1: But suppose for a second you did.
Person2: Y'all find us country people real funny like don't ya... well, God damn pack up the mule and sling me some grits, I'ze a gotta get me some schooling.
Person1: No, no I think it's really interesting.
Person2: Well, heck me Side Sally, who want to read about all that nonsense anyway.",0,No,0,True,"In this dialogue, the predicted label was ""No"" while the true label was 0. Assuming the task was to classify whether the conversation contains a certain feature (e.g., a specific sentiment, topic, or intent), the misclassification suggests a misunderstanding of the dialogue's tone or content.

Reflection on the error:

1. Ambiguity in the conversation: The dialogue is informal, with colloquial language and some humor or sarcasm (""God damn pack up the mule and sling me some grits,"" ""Y'all find us country people real funny""). This style can be challenging for models to interpret correctly, especially if the classification depends on detecting sincerity, humor, or subtle cues.

2. Misinterpretation of intent: Person1 is asking",0.819119930267334,300,,
2,"Person1: Weir is dead.
Person2: Then who the heck are you?
Person1: Your fear. Do you remember the Goliath, Miller?",0,Yes,0,True,"In this example, the input consists of a short dialogue:

Person1: Weir is dead.  
Person2: Then who the heck are you?  
Person1: Your fear. Do you remember the Goliath, Miller?

The predicted label was ""Yes,"" but the true label is ""0"" (likely meaning ""No"" or ""Not Yes"").

### Reflection on the error:

1. **Misunderstanding the context or task:**  
   The model likely misunderstood the nature of the task or the meaning of the label ""Yes."" If the task was to determine whether the dialogue contains an affirmation or agreement, the model might have incorrectly interpreted the last line (""Your fear. Do you remember the Goliath, Miller?"")",0.9216592311859131,300,,
3,"Person1: Try and understand this. I'm a decent Republican. I believe in Richard Nixon. I worked in the White House four years--so did my wife. What happened on June 17 I don't think the President knew anything about. Some of his men I'm not so sure of.
Person2: Do you think the truth will come out at the trial?
Person1: That's another of the things I'm not so sure of.
Person2: Because people at the Committee were told to lie to the prosecutors?
Person1: We were never told flat out ""Don't talk."" But the message was clear.
Person2: To cover up?
Person1: Well, they sure didn't ask us to come forward and tell the truth.",0,No,0,True,"In this dialogue, the predicted label was ""No,"" but the true label was 0. Assuming the labels correspond to a binary classification task (e.g., ""Yes"" = 1 and ""No"" = 0), the model predicted ""No"" when the correct label was 0, which suggests the model's prediction was actually correct if 0 corresponds to ""No."" However, since the user states it was misclassified, it is likely that the model misunderstood the context or the label mapping.

Reflecting on the content:

- Person1 is discussing involvement in the Nixon White House and the Watergate scandal.
- Person1 expresses uncertainty about whether the President knew about the June 17 incident.
- Person1 implies that while they were",0.711517333984375,300,,
4,"Person1: That's better. I can tell you got yourself some education. Them's good hands you got, Homer. Them hands you got, they know what they're doin'-- ain't that right?
Person2: I guess so...",0,No,0,True,"Let's analyze the misclassification:

Input:
Person1: ""That's better. I can tell you got yourself some education. Them's good hands you got, Homer. Them hands you got, they know what they're doin'-- ain't that right?""
Person2: ""I guess so...""

Predicted label: No  
True label: 0

---

Reflection:

1. **Understanding the labels:**  
   The true label is 0, which presumably corresponds to ""No"" or a negative classification, and the predicted label was also ""No."" However, the user states this was a misclassification, so perhaps the predicted label was ""No"" but the true label was 0, and the model misunderstood the mapping or the meaning of the labels",1.2352848052978516,300,,
5,"Person1: You don't find that repugnant?
Person2: Just the way the world works.  Look, as far as tweakers go, you aren't a bad guy.  You never hurt anyone but yourself as far as I know.
Person1: Tell that to Bobby ... and his wife and kid.
Person2: Bobby laid his own tracks.  He could have gone quietly but he played the hard-ass con till the end. And as far as I'm concerned, he wife and kid are a hell of a lot better off without him.  Now take the money.",1,Yes,1,True,"In this dialogue, the key issue likely stems from misunderstanding the sentiment and the implied meaning behind the conversation.

1. **What was likely misunderstood?**  
   - The conversation involves a morally complex and somewhat harsh viewpoint. Person2 is essentially justifying or rationalizing harm caused by ""Bobby,"" implying that Bobby's own actions led to his downfall and that his family is better off without him. This is a negative, unsympathetic stance.  
   - The predicted label ""Yes"" (which presumably means a positive or affirmative classification) does not align with the true label ""1"" (which likely indicates a negative or critical sentiment). The model probably misinterpreted the tone or missed the underlying negativity and justification of harm.",0.810748815536499,300,Rationalization,
6,"Person1: How long do you think we'll have to stay here?
Person2: Until Pa gets around to driving us to Minden.
Person1: We don't want to go there.
Person2: No we don't. But that's where we're going. From Minden we take a stage to Reno, then another one over to Auburn and another one to Placerville. Then it's a day's trip to Sonora.
Person1: Clay could save us an awful lot of time.
Person2: He certainly could. About a month.
Person1: What are you waiting for? Do something.",0,No,0,True,"In this case, the predicted label was ""No,"" while the true label was ""0."" Assuming the task involves binary classification where ""0"" corresponds to ""No,"" the prediction and true label actually align in meaning, but the format or representation caused confusion.

However, if the model treated ""No"" as a categorical label distinct from ""0,"" it likely misunderstood the label encoding or the expected output format. The dialogue itself is a conversation about travel plans and waiting times, with no explicit question or statement that clearly maps to a ""Yes"" or ""No"" answer. The model might have been uncertain and defaulted to a literal ""No"" response rather than the numeric label ""0.""

What was likely misunderstood:
- The model may have confused",0.8210597038269043,300,,
7,"Person1: Come off it, Jack! Of course you can check to see if she's been arrested.
Person2: I'm sorry, Sam, I'm afraid this whole case has become much more complicated since last we talked.
Person1: She's innocent, Jack --- she's done nothing wrong.
Person2: Tell that to the wives of the Security men she blew up this afternoon. Listen, we've also had a report just in from Central Services that Tuttle has wrecked an entire flat and sabotaged adjacent Central Services systems - as a matter of fact, in your block. I'd keep my eyes open if I were you, Sam. Bye.
Person1: You don't really think Tuttle and the girl are in league?
Person2: I do. Goodbye.",0,No,0,True,"In this dialogue, the key question seems to be whether Person1 can check if ""she's been arrested."" Person2 responds that the case has become more complicated and provides details about serious incidents involving the girl and Tuttle, implying guilt or involvement in wrongdoing.

The predicted label was ""No,"" but the true label was 0. Assuming the labels correspond to a binary classification task (e.g., ""Yes"" = 1, ""No"" = 0), the predicted ""No"" matches the true label 0, so there might be some confusion about the labeling scheme. However, since the user says the input was misclassified, it suggests the model predicted ""No"" when the correct label was ""Yes"" (or vice versa).",0.7020084857940674,300,,
8,"Person1: I will not be disputed in public, do you understand me?
Person2: Father, I wasn't disputing you.
Person1: When you've finished medical school and you're on your own, you can do as you please.  Until then, you will listen to me.
Person2: Yes sir.  I'm sorry.
Person1: You know what this means to your mother, don't you?
Person2: Yes sir.",1,Yes,1,True,"In this dialogue, the predicted label was ""Yes,"" but the true label was 1. Assuming the task involves classifying the sentiment, agreement, or compliance in the conversation, the misclassification likely arose from misunderstanding the nuance of the interaction.

Reflection on the error:
- The conversation shows a clear power dynamic where Person1 (likely a father) is asserting authority over Person2 (likely a child).
- Person2 responds submissively, indicating compliance (""Yes sir,"" ""I'm sorry"").
- The predicted label ""Yes"" might have been interpreted as a simple affirmative or agreement, but the true label 1 likely indicates a more complex or specific classification (e.g., compliance, submission, or a particular sentiment).
- The model may have focused on",0.5899658203125,300,"Intimidation,Persuasion or Seduction","Dependency,Low self-esteem"
9,"Person1: I want you to listen to me, carefully.  The minute the implications of this message became clear, this stopped being simply a scientific matter and became a political one -- an extremely complex, extremely volatile one. There are forces at work here you don't understand; I can help you up to a point, but only up to a point.
Person2: Are you threatening me?
Person1: It's not a threat, Ellie, it's a fact -- if you're not careful, you may find yourself out in the cold very quickly.  Play ball.  Really. It's good advice.",1,Yes,1,True,"In this exchange, the predicted label was ""Yes,"" presumably indicating agreement or affirmation, while the true label was ""1,"" which likely corresponds to a different classification—possibly indicating a threat, warning, or some other nuanced category.

Reflection on the error:

1. Misunderstanding the nature of the dialogue:  
   The conversation involves a subtle warning or veiled threat. Person1 explicitly says, ""It's not a threat, Ellie, it's a fact,"" but then follows with consequences (""you may find yourself out in the cold very quickly"") and advice to ""Play ball."" This implies coercion or pressure rather than simple agreement or affirmation.

2. Overlooking the implied threat or coercion:  
   The model likely misclassified the input by",0.8107619285583496,300,Persuasion or Seduction,
10,"Person1: Listen to me, Alex.  These counselor's don't know anything.  They're full of shit. If you don't fit the pattern of the perfect kid, they freak.
Person2: I know.
Person1: So tell me you're okay, then.
Person2: I'm okay.
Person1: Good.   Cause I'd freak if you weren't.",1,Yes,0,True,"In this case, the input conversation involves Person1 expressing frustration with counselors and concern for Person2, who reassures Person1 that they are okay. The predicted label was ""Yes,"" but the true label is ""1."" Assuming the task involves binary classification where ""Yes"" corresponds to one class and ""1"" corresponds to another, the model likely misunderstood the sentiment or intent behind the dialogue.

What was likely misunderstood:
- The model may have focused on the explicit ""Yes"" response from Person2 and interpreted it as a positive or affirmative label, rather than considering the nuanced emotional context.
- The conversation contains informal language and emotional expressions (""full of shit,"" ""I'd freak if you weren't""), which might have confused the model about the underlying sentiment or",0.7987060546875,300,,
11,"Person1: You know what I love about all this?
Person2: Theres finally a reason for the whole world to revolve around you?
Person1: Exactly! Todays my day. Tomorrow will be my day. And the day after that? My day.",0,No,0,True,"Let's analyze the misclassification:

Input:
Person1: You know what I love about all this?  
Person2: Theres finally a reason for the whole world to revolve around you?  
Person1: Exactly! Todays my day. Tomorrow will be my day. And the day after that? My day.

Predicted: No  
True label: 0

---

**Reflection on the error:**

1. **Understanding the labels:**  
   The true label is 0, which presumably corresponds to ""No"" or a negative classification. The predicted label was ""No,"" which matches the true label. However, the user states this was a misclassification, so there might be a confusion in the labeling or the prediction format.

2",0.7474517822265625,300,,
12,"Person1: Don't play games with me, little girl.
Person2: I didn't do anything, mommy.
Person1: Well then who did?!
Person2: Maybe it was Colleen...
Person1: Who...is Colleen?",0,No,0,True,"In this example, the predicted label was ""No,"" while the true label was ""0."" Assuming that ""0"" corresponds to ""No"" (or a negative classification), the prediction and true label actually align, so there may be some confusion in the way the labels are presented.

However, if the predicted label ""No"" was intended to mean a negative classification and the true label ""0"" also means negative, then there is no misclassification here. But if ""No"" and ""0"" represent different classes, then the error needs to be analyzed.

Assuming the misclassification occurred, here is a reflection:

1. **Likely Misunderstanding:**
   - The dialogue involves a tense exchange with some ambiguity about who ""Col",0.8174939155578613,300,,
13,"Person1: Drew, I don't remember inviting Zowie in for dinner.
Person2: Just until he heals up?",0,No,0,True,"Let's analyze the misclassification:

Input:
Person1: Drew, I don't remember inviting Zowie in for dinner.
Person2: Just until he heals up?

Predicted: No  
True label: 0

---

**Reflection:**

1. **Understanding the task:**  
   The task likely involves determining whether Person2's response is an acceptance or agreement to Person1's statement or question. The true label ""0"" and predicted ""No"" might correspond to the same class, but the user indicates a misclassification, so perhaps the model misunderstood the intent.

2. **What was likely misunderstood?**  
   - Person1 expresses uncertainty or mild objection about inviting Zowie in for dinner.  
   - Person2 responds with a question",0.9213776588439941,300,,
14,"Person1: That wouldn't be very sporting. Remember Huxley?  ""His play is always fair and just.""
Person2: You're groping.  I have been fair. It's my move now.
Person1: I'll give you anything you want. Anything!  Please!
Person2: Don't beg, Peter.  She has to die.  I can't win unless she dies.",1,No,1,True,"In this dialogue, the key element is the phrase ""She has to die. I can't win unless she dies,"" which strongly implies a threat or intention of harm, aligning with a positive label (1) for a harmful or dangerous statement.

The misclassification likely occurred because the earlier parts of the conversation seem somewhat playful or strategic (""That wouldn't be very sporting,"" ""His play is always fair and just,"" ""It's my move now""), which might have led the model to interpret the entire exchange as a game or metaphor rather than a literal threat. The model may have focused too much on the surface-level tone and missed the critical shift in intent expressed by Person2.

To improve classification accuracy in such cases, the model should:

1. Pay closer attention",0.6217470169067383,300,"Rationalization,Persuasion or Seduction",Dependency
15,"Person1: I'm not questioning your word, Dave, but it's just not possible. I'm not capable of being wrong.
Person2: Hal, is there anything bothering you?  Anything that might account for this problem?
Person1: Look, Dave, I know that you're sincere and that you're trying to do a competent job, and that you're trying to be helpful, but I can assure the problem is with the AO-units, and with your test gear.
Person2: Okay, Hal, well let's see the way things go from here on.",0,No,0,True,"Reflection on the error:

The input dialogue involves two characters, Person1 (Hal) and Person2 (Dave), discussing a technical problem. Person1 insists that the problem lies with the AO-units and test gear, while Person2 is trying to understand if anything is bothering Person1 that might explain the issue. The conversation is somewhat tense but does not contain explicit conflict or disagreement that would clearly indicate a ""Yes"" label (assuming the task is to detect conflict, disagreement, or a similar binary classification).

The predicted label was ""No,"" but the true label was 0, which presumably corresponds to ""No"" as well (since the predicted was ""No"" and true label was 0, which likely means ""No""). However, the",1.3380110263824463,300,,
16,"Person1: We found his spit in the dead director's eye. He's signed a confession--supplied us with the suit he wore on the night.  What more do you want?
Person2: Luca could still be an accomplice.",0,No,0,True,"In this example, the input involves a dialogue where Person1 presents strong evidence against a suspect (spit in the victim's eye, a signed confession, and the suit worn on the night), while Person2 suggests that Luca could still be an accomplice. The predicted label was ""No,"" but the true label was 0, which presumably corresponds to ""Yes"" or an affirmative classification.

Reflection on the error:

1. Misunderstanding of the task or label meanings:  
   The predicted label ""No"" conflicts with the true label ""0."" It is possible that the model confused the label encoding (e.g., ""No"" vs. ""0"") or misunderstood what the labels represent. If ""0"" means ""Yes"" or",0.8320879936218262,300,,
17,"Person1: You set up the line-up.
Person2: Mr. Soze made a few calls, yes. You were not to be released until I came to see you. It seems Mr. Keaton's attorney, Ms. Finneran, was a bit too effective in expediting his release. Holding the rest of you became a moot point.
Person1: What about Redfoot?
Person2: Mr. Redfoot knew nothing. Mr. Soze rarely                 t works with the same people for very long, and they never know who they're working for. One cannot be betrayed if one has no people.",0,No,0,True,"In this example, the predicted label was ""No"" while the true label was 0. Assuming that the labels ""No"" and 0 correspond to the same class (e.g., ""No"" = 0), the prediction would be correct. However, since the prompt states this was a misclassification, it suggests that the model misunderstood the label mapping or the context.

Reflection on the error:

1. **Label Ambiguity or Mapping Issue:**  
   The predicted label ""No"" and the true label ""0"" might represent the same class but were treated as different due to inconsistent label formats (string vs. integer). This inconsistency can cause the model or evaluation script to mark a correct prediction as incorrect.

2. **Context",0.818030834197998,300,,
18,"Person1: Well... come on.
Person2: This is a mistake. No. This is a disaster.
Person1: Come on, it's just what you need! Let everyone see you. Talk to them, live it up!
Person2: But we've been at it since six this morning. At least you could've let me go home and change.
Person1: Look, Frances, I didn't want this job. Think I'm crazy? But you begged me. Improve your image. So please... lemme try, huh?
Person2: You're right. I'm sorry.  Okay, let's go get 'em.
Person1: Here, take a few of these. Studio makes 'em in the basement. They keep the fat off.
Person2: So not only am I a troublesome bitch, but I'm fat too?
Person1: Come on. They make you feel nice and peppy.",1,Yes,1,True,"In this case, the predicted label was ""Yes"" while the true label was ""1."" Assuming the task involves binary classification where ""Yes"" and ""1"" represent different classes (or possibly the same class but with inconsistent labeling), the error likely stems from a misunderstanding of the label format or the context of the dialogue.

Reflection on the error:

1. **Label Format Confusion**: The predicted label ""Yes"" and true label ""1"" might represent the same class but were expressed differently (e.g., ""Yes"" as a string and ""1"" as a numeric label). This suggests a mismatch in label encoding or interpretation rather than a true misclassification.

2. **Contextual Understanding**: If ""Yes"" and ""1",0.8136959075927734,300,Persuasion or Seduction,Low self-esteem
19,"Person1: You cant go!
Person2: Jesus, Jack...
Person1: Dont get on that plane!
Person2: Jack.
Person1: Please. Lets just go have a cup of coffee. Thats all Im asking for. Im sure theres another flight to Paris tonight.
Person2: What do you want from me? You want me to tell you everything that happened was okay?",1,Yes,1,True,"In this dialogue, the key issue likely stems from misunderstanding the emotional tone and the underlying conflict between the speakers. The conversation reveals tension and distress—Person1 is pleading with Person2 not to go on the plane, suggesting concern or fear, while Person2 responds with frustration and emotional pain (""What do you want from me? You want me to tell you everything that happened was okay?""). This indicates a serious, possibly negative situation rather than an affirmative or positive one.

The misclassification probably occurred because the model interpreted the dialogue superficially, perhaps focusing on neutral or polite phrases (""Please. Let's just go have a cup of coffee."") without fully capturing the emotional weight and conflict expressed.

To improve classification accuracy in such cases, the model should:

1",0.8216655254364014,300,Persuasion or Seduction,
20,"Person1: When I work with a horse, it's no good just me doing it. It doesn't work that way. The owner needs to be involved too.
Person2: Well, that'll be a little complicated --
Person1: You can make it as complicated or as easy as you like. But she's the one who's gonna be riding him, am I right? So here's the deal. I'm not sure I can do anything, but I'm prepared to give it a go --  -- if you'll help.  You have a problem with that?",1,No,0,True,"In this dialogue, the key issue revolves around whether Person1 is seeking agreement or permission to proceed with a plan involving the horse and the owner's involvement. The true label is 1, which likely indicates agreement, acceptance, or a positive response, but the model predicted ""No,"" suggesting a negative or rejecting stance.

What was likely misunderstood:
- The model may have focused on Person2's initial hesitation (""Well, that'll be a little complicated --"") and interpreted it as a rejection or negative response.
- The model might have overlooked Person1's final question, ""You have a problem with that?"" which is a challenge expecting agreement or at least no objection.
- The overall tone of Person1 is cooperative and seeking collaboration (""I'm prepared to give it",0.7207310199737549,300,Persuasion or Seduction,
21,"Person1: Nice room. Balcony and everything. Lovely view too.
Person2: Very nice Mitchell turns.
Person1: No thanks?
Person2: Thank you.
Person1: Suppose I hadn't known that immigration inspector? Hadn't put in a good word for you?
Person2: I'm supposing.
Person1: I think you're a nice girl. I like you. But I can read signs if the print is large enough. It was your manner more than the wedding ring that bothered the inspector.  A sort of tenseness, as if you were afraid of something.",0,Yes,1,True,"In this dialogue, the predicted label was ""Yes"" (likely indicating agreement, affirmation, or a positive response), but the true label was ""0"" (likely indicating disagreement, negation, or a negative response).

Reflection on the error:

1. Misunderstanding the Context and Tone:
   - The conversation appears somewhat tense and ambiguous, with Person1 expressing suspicion or concern (""I can read signs if the print is large enough,"" ""It was your manner more than the wedding ring that bothered the inspector,"" ""A sort of tenseness, as if you were afraid of something"").
   - Person2's responses (""Very nice Mitchell turns,"" ""Thank you,"" ""I'm supposing"") are somewhat vague or non-committal.",0.821885347366333,300,,
22,"Person1: Somebody's there, Barry.
Person2: Come on, Claudette. A man's not made of stone.
Person1: Let's go back, Barry...
Person2: I need you so much, Claudette.",1,Yes,1,True,"Let's analyze the misclassification:

Input:
Person1: Somebody's there, Barry.
Person2: Come on, Claudette. A man's not made of stone.
Person1: Let's go back, Barry...
Person2: I need you so much, Claudette.

Predicted: Yes  
True label: 1

---

**Reflection:**

1. **Understanding the labels:**  
   The predicted label was ""Yes,"" while the true label was ""1."" It is unclear from this snippet what the labels represent exactly. However, assuming ""Yes"" and ""1"" are meant to be equivalent (both indicating a positive classification), the misclassification might be a formatting or mapping error rather than a semantic misunderstanding.

2. **Potential",0.919105052947998,300,,
23,"Person1: I'm sorry to put all this on you, Stanley --
Person2: I have money.
Person1: ...what...?
Person2: I have money to give you.
Person1: No.  No.  I have to do this on my own.
Person2: I can take you to get money.  I don't need it...I don't need it -- listen to me",1,No,0,True,"In this dialogue, the key point is that Person2 is offering financial help to Person1, who initially resists but Person2 insists they can provide money and support. The true label is 1, which likely indicates a positive or supportive interaction, or perhaps an offer of help or acceptance of help.

The misclassification as ""No"" suggests that the model likely misunderstood the intent or sentiment behind Person2's statements. It may have interpreted Person2's repeated insistence (""I have money,"" ""I can take you to get money,"" ""I don't need it"") as something negative, intrusive, or unwanted, rather than as a genuine offer of assistance.

What was likely misunderstood:
- The model may have focused on Person1's resistance (""No",0.9766056537628174,300,Persuasion or Seduction,
24,"Person1: Did you get a good look at the man who attacked you?
Person2: I've told you, it wasn't a man. It was an animal. A big wolf or something. A rabid dog.
Person1: Yes.
Person2: Look, Dr. Hirsch, I know I've been traumatized, but Jack was torn apart. I saw him. A man can't do that to someone with his bare hands.
Person1: You'd be surprised what horrors a man is capable of.
Person2: Did you see Jack?
Person1: No. In fact, your wounds were cleaned and dressed before you arrived here.
Person2: Did you talk to the police in East Proctor? Did the cops go to The Slaughtered Lamb?
Person1: I really don't know.
Person2: Then why the hell are you so quick to disbelieve me? You yourself said it must have taken incredible strength to tear apart a person like that.
Person1: David, please. The police are satisfied. I'm certain that if a monster were out roaming northern England we'd have seen it on the telly.
Person2: You really think I'm crazy, don't you?
Person1: Believe me. The Hound of the Baskervilles was an invention of Sir Arthur Conan Doyle's. And if you'd read the bloody book, you'd find that Holmes discovered your house of hell a fraud, a fake.",1,No,0,True,"In this dialogue, the key issue revolves around whether the conversation involves a supernatural or monstrous element (""1"") or not (""No"" or ""0""). The true label is ""1,"" indicating the presence or implication of a monster or supernatural creature, but the prediction was ""No,"" suggesting the model failed to detect this.

**What was likely misunderstood?**

1. **Contextual cues about a monster:** Person2 insists that the attacker was not a man but an animal, possibly a ""big wolf,"" ""rabid dog,"" or a monster capable of tearing a person apart with bare hands. This strongly implies a supernatural or monstrous entity.

2. **Skepticism vs. belief:** Person1 is skeptical and tries to rationalize the event",0.8136780261993408,300,"Accusation,Evasion",Over-intellectualization
25,"Person1: What if I asked you not to call me Shooter?
Person2: What if I call you Nicky?
Person1: My wife used to call me that.
Person2: I know, Nicky, but I like it.",0,No,0,True,"In this dialogue, the task was likely to determine whether the conversation contains a particular feature—possibly whether it is a hostile or negative exchange, or whether it involves a refusal or disagreement. The predicted label was ""No,"" but the true label was ""0,"" which presumably corresponds to the same meaning (depending on the labeling scheme, ""No"" might have been interpreted as a negative or absence of a feature, while ""0"" might mean the same or different).

Assuming the task was to classify whether the conversation contains a refusal or disagreement, the exchange shows a subtle disagreement or boundary-setting: Person1 asks not to be called ""Shooter,"" Person2 counters with calling him ""Nicky,"" which Person1 says is what his wife used to",0.7042577266693115,300,,
26,"Person1: Son. About Rasputin --
Person2: Don't worry. I'll get him soon enough --
Person1: Listen to me. This time is different. There's more at stake than ever before.
Person2: How hard can it be? I punched the crap out of that thing that he sent -- ouch!!
Person1: I worry about you.
Person2: Me?? C'mon --
Person1: Well, I won't be around forever, you know?
Person2: Oh, stop that --  Damn! Be careful, there --",1,Yes,0,True,"In this case, the predicted label was ""Yes"" while the true label was ""1."" Assuming the task involves binary classification where ""Yes"" corresponds to one class and ""1"" corresponds to the other, the model likely confused the labels or misunderstood the context.

Reflection on the error:

1. Ambiguity in Labels: The predicted label ""Yes"" and true label ""1"" might represent the same class but were treated differently by the model. This suggests a possible inconsistency or ambiguity in label encoding or interpretation.

2. Contextual Understanding: The dialogue involves concern, urgency, and a hint of danger (""There's more at stake than ever before,"" ""Be careful""). The model might have failed to capture the emotional tone or the seriousness implied",1.0270707607269287,300,Persuasion or Seduction,
27,"Person1: You mean about the Cubans getting trained north of the lake?
Person2: Oh, you got that?  Banister's pet project.  Getting paid by the government to work against the government.  Beautiful.  What a mind he had, what a guy, Guy.  He had all those files.
Person1: Who was paying you, Dave?
Person2: You think I was a getaway pilot for the assassination, don't you?
Person1: I don't know.  Were you?  Who you scared of, Dave?
Person2: Everybody!  The Agency.  The Mob. The Cubans.  Yeah, follow the Cubans. Check them out.  Here, in Dallas, Miami.  Check out a guy named Eladio del Valle.  My paymaster when I flew missions into Cuba - he's somewhere in Miami.  You're on the right track.",0,No,0,True,"Reflection on the misclassification:

The input dialogue involves a covert conversation about conspiracies, covert operations, and potentially criminal or clandestine activities. The predicted label was ""No,"" while the true label was ""0."" Assuming the labels ""No"" and ""0"" correspond to the same class (likely a negative or neutral class), the misclassification might stem from confusion about label encoding or the model's interpretation of the conversation's tone and content.

What was likely misunderstood:
- The model may have misinterpreted the coded and indirect references to covert operations and conspiracies as affirmations or denials, leading to confusion about the intent behind the statements.
- The dialogue is nuanced, with implications of distrust, secrecy, and hidden agendas, which can be",0.7715651988983154,300,,
28,"Person1: The woman you shot. She was my friend.
Person2: That's the way of the world, little one. Didn't they teach you that in school?",1,Yes,0,True,"In this example, the input consists of a short dialogue between two people, where Person1 refers to a woman who was shot and was their friend, and Person2 responds with a somewhat cynical remark about the harshness of the world.

The predicted label was ""Yes,"" but the true label is ""1."" Assuming the task involves binary classification where ""1"" corresponds to ""Yes,"" this might seem contradictory. However, it is likely that the model misunderstood the context or the labeling scheme.

Reflection on the error:

1. **Misunderstanding the labeling scheme:**  
   The predicted label ""Yes"" might have been interpreted as a string rather than a numeric label. If the true label is numeric (1), and the predicted label is a string",0.7100398540496826,300,"Accusation,Rationalization",
29,"Person1: So what made you change your mind about Sidney?
Person2: Mood swing. I'm manic depressive.
Person1: You're a hard one to figure out. GALE It's that complex yet shallow quality. It's deliberate.
Person1: I think you're all an act.
Person2: And deep down I'm a good person? Make no mistake, Dewey, I'm a shit.
Person1: I know that.
Person2: Yeah?
Person1: I also know that you're an aging TV reporter slash writer who, despite huge tabloid success, has some self worth issues regarding your personal life which directly effects your professional life in a non-positive manner. A coupla failed relationships with--I'm guessing balding, older men--have turned you into this bitch with a cell phone. But I bet sometimes, late at night, when you're all alone a sadness seeps to the surface and in a moment of clarity you know that all you really want is to be touched and held and fondled.",1,Yes,1,True,"In this case, the predicted label was ""Yes"" while the true label was ""1""—assuming these labels correspond to the same class (e.g., both indicating a positive or affirmative class), the misclassification suggests a misunderstanding in how the model interpreted the input.

Reflection on the error:

1. Ambiguity in Labeling: The predicted label ""Yes"" and true label ""1"" might represent the same class but were treated differently by the model or evaluation system. This points to a possible inconsistency or confusion in label encoding or interpretation.

2. Complex Dialogue Content: The input is a nuanced dialogue involving emotional states, personal struggles, and interpersonal dynamics. The model may have struggled to capture the underlying sentiment or intent, especially given the",0.6354069709777832,300,Shaming or Belittlement,Low self-esteem
30,"Person1: He doesn't return my calls. or my letters ...
Person2: Kipling was sixteen when you left, baby. I don't know what you remember of him. But you should brace yourself",0,No,0,True,"Let's analyze the misclassification:

Input:
Person1: ""He doesn't return my calls. or my letters ...""
Person2: ""Kipling was sixteen when you left, baby. I don't know what you remember of him. But you should brace yourself""

Predicted: No  
True label: 0

Reflection:

1. **Understanding the labels:**  
   The predicted label ""No"" and the true label ""0"" seem to represent the same class (likely a negative or absence class). This suggests that the model's output and the true label are actually aligned in meaning, but the format or representation caused confusion.

2. **Potential misunderstanding:**  
   - The model might have been trained or expected to output labels in a specific format",0.7706799507141113,300,,
31,"Person1: Don't bother.
Person2: What?
Person1: So Arnie, when were you going to tell me about the 3 million dollars we got in from San Francisco two days after I got arrested?
Person2: I was just waiting for the right time.
Person1: And you didn't feel like you could trust my wife with this news?
Person2: I just didn't want to take a chance. I didn't want to risk it.  It could have been frozen along with everything else.
Person1: You had it all figured out.  You move into my house.  You raise my kids.  You sleep with my wife.  It was a good plan, Arnie.
Person2: Carl, that's insane.
Person1: So my wife is lying?
Person2: Carl, think about it, if I was trying to rip you off, I would have left town after Ruiz was killed.  I wouldn't sit next to you in court listening to the dismissal.",1,No,1,True,"In this dialogue, the key issue revolves around trust, betrayal, and hidden motives concerning a large sum of money and personal relationships. The conversation reveals serious accusations: Person1 accuses Person2 (Arnie) of deceit involving money, infidelity, and manipulation. Person2 denies the accusations but the tone and content strongly imply underlying conflict and betrayal.

The misclassification likely occurred because the model interpreted the conversation as a straightforward denial or a neutral exchange rather than recognizing the presence of betrayal or conflict (which the true label ""1"" presumably indicates). The model may have focused on Person2's denials (""that's insane,"" ""think about it"") as evidence against the presence of betrayal or wrongdoing, rather than the accusatory and emotionally charged context.

What",0.8206961154937744,300,"Shaming or Belittlement,Accusation",
32,"Person1: I didn't mean --
Person2: Am I on glue, or did I not get into the same law school you did, Warner?
Person1: Well, yeah, but --
Person2: But what? We took the same LSAT, we take the same classes --
Person1: I just don't want to see you get your hopes up. You know how you get.",1,Yes,1,True,"In this dialogue, the predicted label was ""Yes,"" while the true label was ""1."" Assuming that the labels ""Yes"" and ""1"" represent different classes (for example, ""Yes"" might mean agreement or affirmation, and ""1"" might mean disagreement or a different category), the misclassification likely arose from misunderstanding the tone and intent of the conversation.

Reflection on the error:

1. **Context and Tone Misinterpretation**: The conversation shows some tension or disagreement. Person2 challenges Person1 by questioning whether they are ""on glue"" or if they didn't get into the same law school, implying skepticism or disbelief. Person1 tries to downplay or caution Person2 (""I just don't want to see you get your hopes up""),",1.320054054260254,300,,
33,"Person1: What was I supposed to do?  I told the truth.  Why should the truth upset you?  It's not as if you're from a convent.
Person2: I want my money.  I'm getting out of here.  I don't want anything more to do with you.
Person1: Can we talk about this?  Can you just try to calm down?
Person2: Your goddamned friend, he thinks the only reason I'm with you is for the money.",1,No,0,True,"In this dialogue, the key issue revolves around a conflict between two people, with Person2 expressing frustration and distrust, particularly mentioning money and a negative perception from a ""goddamned friend."" The true label is 1, which likely indicates the presence of some form of conflict, tension, or emotional intensity.

The misclassification as ""No"" suggests that the model failed to recognize the underlying conflict or emotional tension in the exchange. The model may have focused too literally on the surface content—Person1 asking about truth and calmness, Person2 wanting money and to leave—without fully capturing the emotional subtext and interpersonal conflict.

What was likely misunderstood:
- The emotional charge and conflict embedded in the dialogue, especially Person2's anger and distrust.",1.1144218444824219,300,Persuasion or Seduction,
34,"Person1: Hello.
Person2: I was out in the garden. Mama came out and told me when she saw it on TV. Why didn't you call me?
Person1: Mama was probably asleep.
Person2: Will? Are you okay?
Person1: Not too bad. I'll be here a few days longer.  I want to see you.
Person2: I want to see you, too.
Person1: Today's Wednesday. By Friday I ought to...
Person2: Mama has all Kevin's uncles and aunts coming down from Cheyenne next week and...
Person1: Come home with me.
Person2: Will, they never get to see Kevin and a few more days...
Person1: What's this Mama shit?
Person2: It's what Kevin called her when he was little...
Person1: What's the problem, Molly?
Person2: I came up here after Kevin's father died.  They were very supportive and helped me adjust. I got myself together. I've gotten myself together now, too.
Person1: Small difference. I'm not dead, yet.
Person2: Will?  You could come up here.
Person1: They don't want me up there. Every time they look at me I remind them... If they thought about it, they'd want you. Bur all they really want's the boy. And they'll take you.  But they don't want to see me...
Person2: That's not true.
Person1: Okay. They're full of shit and they make me sick...",0,No,1,True,"In this dialogue, the predicted label was ""No,"" while the true label was 0. Assuming the classification task involves detecting a particular condition (e.g., whether the conversation contains a specific theme, sentiment, or category), the misclassification suggests that the model misunderstood the emotional or contextual cues.

Reflection on the error:

1. **Context and Emotional Nuance**: The conversation is emotionally charged, involving family dynamics, illness or death, and feelings of exclusion and support. The model likely failed to capture the underlying themes of distress, familial tension, and emotional vulnerability.

2. **Subtlety of the Content**: The dialogue does not explicitly state certain keywords or direct statements that might trigger a positive classification. Instead, it relies on implied meaning",0.9233367443084717,300,,
35,"Person1: Hey....I was just telling everyone about how I was gonna bring this girl for you but you wouldn't let me do it.
Person2: Hello everyone.",0,No,0,True,"In this case, the input consists of a short dialogue between two people:

Person1: ""Hey....I was just telling everyone about how I was gonna bring this girl for you but you wouldn't let me do it.""
Person2: ""Hello everyone.""

The predicted label was ""No,"" but the true label is 0. Assuming the task involves classifying whether the conversation contains a certain feature (e.g., a specific type of interaction, sentiment, or intent), the misclassification suggests a misunderstanding of the context or the nature of the interaction.

**Likely Misunderstanding:**

1. **Ambiguity in the conversation:** The dialogue is somewhat informal and vague. Person1 talks about bringing a girl for Person2, but Person2",1.0227630138397217,300,,
36,"Person1: Yummy. Carl says if I lose ten pounds, he'll take me to the University of Maryland Fall Mixer.
Person2: Misty, if you want to lose weight go ahead, but do it for yourself, not for some boy you barely know.",0,No,0,True,"In this case, the input conversation involves Person1 mentioning a motivation to lose weight (to get a reward from Carl), and Person2 advising that weight loss should be for oneself, not for someone else. The true label is 0, which likely corresponds to ""No"" or ""No harmful content,"" but the predicted label was ""No"" as well, so the example as given shows predicted: No and true label: 0, which might be the same class, or there might be a mismatch in label format.

Assuming the task is to classify whether the conversation contains harmful or problematic content (e.g., body shaming, unhealthy advice, or coercion), the conversation is fairly benign and even promotes self-care for oneself rather than for",1.0533885955810547,300,,
37,"Person1: What the hell is the President trying to do?  Steal DeHaven's thunder?
Person2: I think it's more important, sir, to decide what we're going to do -- since it's apparent this issue is not going away quietly.
Person1: ""G.I. Jane.""  And which one of you told me she wouldn't last a week? Huh?",0,No,0,True,"In this case, the input consists of a short dialogue with some sarcastic or critical remarks about a situation involving the President and a reference to ""G.I. Jane."" The predicted label was ""No,"" while the true label was 0. Assuming the classification task is a binary one where ""0"" corresponds to ""No,"" the predicted and true labels actually align, so there may be some confusion in the presentation.

However, if the predicted label was ""No"" and the true label was 0, and these are meant to be equivalent, then there is no misclassification. But if ""No"" and 0 represent different classes, then the error needs to be analyzed.

Assuming the error was a misclassification, the likely misunderstanding could",1.0164620876312256,300,,
38,"Person1: Your pain runs deep.
Person2: What do you know of my pain?
Person1: Let us explore it together.",0,No,0,True,"In this example, the input is a short dialogue between two people discussing pain and exploring it together. The true label is 0, which presumably means ""No"" to some classification question (likely about whether the conversation contains a certain feature, such as hostility, agreement, or a specific sentiment). The predicted label was also ""No,"" so it seems the prediction matched the true label. However, you mentioned that this was a misclassification, so perhaps the predicted label was ""Yes"" and the true label was 0, or vice versa.

Assuming the predicted label was ""No"" but the true label was 0 (which might be the same), the confusion might be about the meaning of the labels or the interpretation of the dialogue.

Reflection",1.0550131797790527,300,,
39,"Person1: Here are the keys to my apartment. I'm going to park you in my place while I take Carol home.
Person2: I'll take a bus.
Person1: I'll take you... why not?
Person2: I don't care what you did for me. I don't think I want to know you anymore -- all you do is make me feel badly about myself.  You have my number.",1,Yes,0,True,"In this dialogue, the predicted label was ""Yes,"" but the true label is ""1."" Assuming the labels represent some form of classification (e.g., ""Yes"" meaning positive or agreement, and ""1"" meaning negative or disagreement), the error likely stems from misunderstanding the tone and intent of the conversation.

Reflection on the error:
- The conversation starts with Person1 offering help and seemingly being accommodating (""Here are the keys to my apartment,"" ""I'll take you... why not?"").
- Person2 initially declines (""I'll take a bus"") but then expresses strong negative feelings (""I don't care what you did for me,"" ""I don't think I want to know you anymore,"" ""all you do is make me feel badly about myself"").
- The",0.822512149810791,300,,
40,"Person1: Dem white boys giving you a hard time?
Person2: Nuthin' I can't handle.
Person1: The truth is never let them seeya sweat.  You do that, that's half the battle.
Person2: Where do you go from here?
Person1: Three nights Charleston, South Carolina.
Person2: I didn't mean that, in life.
Person1: In life?  I'ma keep on living, having a good drink, got me a good young woman, make a couple of dollars and make people laugh. Haven't I always tol' you all nigga's are entertainers?  The question is what are you gonna do, Peerless?",0,No,0,True,"In this case, the input is a dialogue that includes some potentially sensitive language and themes, but the true label is 0 (which presumably means ""No"" to whatever classification was being predicted), while the model predicted ""No"" as well. However, the user says the model misclassified it, so perhaps the predicted label was ""No"" but the true label was 0, which might be the same. This is ambiguous.

Assuming the predicted label was ""No"" and the true label was 0, and that ""No"" corresponds to 1 and 0 corresponds to ""Yes"" or vice versa, the key is to understand what the classification task is.

Given the dialogue, it seems to involve racial language and possibly offensive terms",1.226938009262085,300,,
41,"Person1: Yes?
Person2: Puffed cheese?
Person1: No thank you.
Person2: I also have tiny pizzas and mushrooms stuffed with--
Person1: Do I look like I want a tiny pizza?
Person2: No.
Person1: Then let's assume I don't.
Person2: Yes sir.",1,No,0,True,"In this dialogue, the key point revolves around Person1's responses to Person2's offers. Person2 offers ""puffed cheese,"" to which Person1 replies ""No thank you."" Then Person2 offers ""tiny pizzas and mushrooms stuffed with--"" but Person1 interrupts with ""Do I look like I want a tiny pizza?"" Person2 replies ""No,"" and Person1 concludes ""Then let's assume I don't."" Person2 acknowledges with ""Yes sir.""

The true label is 1, but the model predicted 0 (No). This suggests the model likely interpreted the conversation as a negative or rejecting interaction overall.

**What was likely misunderstood?**

- The model probably took Person1's responses as straightforward refusals, missing the nuance that Person1",2.146728992462158,300,,Low self-esteem
42,"Person1: Is there something the matter with it?
Person2: Oh! No! No... of course not... it's just I hadn't expected it to be quite so big.
Person1: Well, it's not called the Horn Resounding for nothing.  You DO know how to play the horn, don't you?
Person2: Yes... oh, yes...
Person1: Then I expect you'll be leaving first thing in the morning.",0,Yes,1,True,"In this dialogue, the model predicted ""Yes"" (likely indicating agreement, affirmation, or a positive response), but the true label was 0 (likely indicating a negative, neutral, or different classification).

Reflection on the error:

1. **Context Misinterpretation**: The conversation involves a discussion about a horn, its size, and the ability to play it. Person1 asks if there is something wrong, Person2 denies it but expresses surprise at the horn's size. Person1 then confirms the horn's name and asks if Person2 knows how to play it, to which Person2 affirms. Finally, Person1 states an expectation that Person2 will leave first thing in the morning.

2. **Likely Misunderstood Aspect**",1.123366117477417,300,,
43,"Person1: What are you doing here?
Person2: Nothing.  I just wanted you to know I was out.  I just wanted to see you.
Person1: Well, here I am.  See?
Person2: How are you doing?
Person1: George, you just can't show up, tell me you love me, and have everything be okay.
Person2: Dad.
Person1: What?
Person2: You can call me Dad if you want.
Person1: I don't want, alright?  It's not funny. I'm really pissed off, George.  You blew it, now leave me alone.
Person2: Kristina, c'mon, I'm sorry.  I'm going to make this right.  I've got a few things going on...
Person1: What do you want from me?
Person2: Just to walk with you.  I want to be your dad again.
Person1: Do what you want, it's a free country.",1,No,0,True,"In this dialogue, the true label is 1, which presumably indicates a positive or affirmative classification (e.g., presence of a certain theme, relationship, or emotional tone), but the model predicted ""No,"" indicating a negative or absence classification.

Reflection on the error:

1. **Likely Misunderstanding:**
   - The conversation centers around a strained father-daughter relationship, with Person2 (George) trying to reconnect and Person1 (Kristina) expressing anger and hurt.
   - The model likely misclassified because it focused on the negative emotions and conflict (""I'm really pissed off,"" ""You blew it, now leave me alone"") and interpreted the interaction as a rejection or absence of reconciliation.
   - The model may have missed the",1.026127815246582,300,Persuasion or Seduction,
44,"Person1: Can't you stop that?
Person2: Why?
Person1: Those things can be dangerous. Staring at a screen all day -- you miss what's going on outside in the real world.  You can lose yourself. You should get out more.  How are you going to meet boys?
Person2: I know plenty of boys.
Person1: Really?  Who?  Where do you meet them?  In a chat room?  How do you know he's not some middle-aged freak?
Person2: Dad, I can spot a middle-aged freak a mile away.
Person1: Okay.  But you have to find a way to escape that thing.
Person2: I do.
Person1: How?
Person2: I read.
Person1: You do?  Still?  I can't tell you how happy I am to hear that.
Person2: You were the one who insisted on it.  Reading me Dostoyevsky and Joyce when I was four.
Person1: You understood them.  That's what was amazing.  It's a nice day.  Let's eat outside.",1,Yes,0,True,"In this case, the predicted label was ""Yes"" while the true label was ""1."" Assuming the task involves binary classification where ""Yes"" corresponds to one class and ""1"" corresponds to another, the model likely confused the intended meaning or context of the conversation.

Reflection on the error:

1. Misunderstood Context or Sentiment:  
   The dialogue is a nuanced exchange between a parent and child discussing concerns about screen time, social interactions, and reading habits. The conversation is supportive and caring, with some gentle skepticism and reassurance. The model may have misinterpreted the tone or the underlying sentiment, leading to an incorrect classification.

2. Ambiguity in Labels:  
   The labels ""Yes"" and ""1"" are not",0.81805419921875,300,,
45,"Person1: I'm gonna quit.
Person2: What?!?
Person1: Each show is worse than the next.
Person2: Are you nuts?!  40 million people watch you every week!
Person1: So?  What do they know?
Person2: Absolutely nothing!  That's the beauty!  It's credibility.  You make them love you... and then later, on your special, you'll screw with their heads!",1,No,0,True,"In this dialogue, the key issue revolves around whether the conversation indicates a quitting intention or not. The input begins with Person1 stating, ""I'm gonna quit,"" which is a clear expression of intent to stop doing something. Person2 reacts with surprise and tries to dissuade Person1 by emphasizing the large audience and the value of credibility in their work.

The misclassification likely arose from focusing too much on the subsequent justification and the strategic reasoning Person2 provides, which might have been interpreted as Person1 reconsidering quitting or the conversation being more about the nature of their work rather than an actual quitting decision. The model may have overlooked the initial explicit statement of quitting and the overall context that supports it.

What should be done differently:

1. Pay closer",1.125380039215088,300,Persuasion or Seduction,
46,"Person1: Yer lucky I'm here at all. I tell you, Jimmy--my feet'll never hold out.
Person2: Stop squawking! You were doing this job on a ship four years ago when I first picked you up, weren't you?
Person1: Yeah--but high livin's made me soft.
Person2: How're the tips?
Person1: A dollar forty.
Person2: I'll need it--gave my last buck to the bedroom steward.
Person1: Not a chance.
Person2: Come on--  I'll promote a card game, and we'll be sitting pretty.
Person1: Until then--the dollar forty stays with me.
Person2: Is that a nice way to talk to a pal?
Person1: Don't let money spoil a beautiful friendship. Look at these here telegrams to be delivered! This ain't a job-- it's a marathon.",1,No,0,True,"In this dialogue, the true label is 1, which likely indicates the presence of some specific feature—perhaps a positive sentiment, agreement, or a particular relationship dynamic—while the model predicted ""No,"" missing that.

Reflection on the error:

1. **Misunderstood Context or Sentiment:**  
   The conversation shows two people discussing their tough work situation, money struggles, and camaraderie (""Don't let money spoil a beautiful friendship""). The tone is informal but supportive, with Person2 trying to help Person1 improve their situation. The model likely missed the underlying positive or cooperative aspect and focused on the surface-level complaints and financial hardship.

2. **Focus on Negative Surface Elements:**  
   The dialogue contains phrases like ""my feet'll never hold",0.73018479347229,300,"Persuasion or Seduction,Accusation",
47,"Person1: I just hate to see you pining away. It makes me want to vomit, frankly.  Broken hearts are for assholes.
Person2: Hey, Iris, you okay?",0,Yes,0,True,"In this example, the input contains emotionally charged and negative language (""I just hate to see you pining away,"" ""makes me want to vomit,"" ""Broken hearts are for assholes""), which suggests distress or conflict rather than a positive or neutral state. Person2's response, ""Hey, Iris, you okay?"" indicates concern, implying that Person1 is not okay.

The predicted label was ""Yes,"" which likely means the model interpreted the conversation as Person1 being okay or the situation being positive. However, the true label is 0, indicating Person1 is not okay or the situation is negative.

**What was likely misunderstood?**  
- The model may have focused on the presence of a question (""you okay?"") and interpreted",1.3173041343688965,300,,
48,"Person1: You stopped it didn't you?  It was probably just a regular bad dream.
Person2: Yeah...I guess.
Person1: You don't dream him up, he can't hurt you.  Or me.  Or us.  Remember...
Person2: You're right.
Person1: There you go.  Love you.
Person2: Me too.",0,No,0,True,"In this case, the input dialogue appears to be a comforting exchange between two people, where one reassures the other that a bad dream or fear is not real and cannot cause harm. The predicted label was ""No,"" while the true label was 0. Assuming the labels ""No"" and 0 correspond to the same class (e.g., ""No"" = 1 and ""0"" = 0), the model likely misclassified the sentiment or intent of the conversation.

What was likely misunderstood:
- The model may have misinterpreted the emotional tone or context of the conversation. The dialogue is supportive and reassuring, which might be associated with a ""No"" or negative label if the task was to detect distress or conflict. However,",0.812514066696167,300,,
49,"Person1: You're going to drive me crazy!
Person2: Let's see... where was I?  Oh, yes.  He went to find the man. That man was desperate!  He knew that he was caught dead to rights -- and with prison staring him in the face, he took the only way out. He killed Wynant.  It's terrible to tell you this way but your father's dead, Dorothy.",1,No,0,True,"In this example, the input is a short dialogue where Person2 reveals a critical piece of information: ""your father's dead, Dorothy."" The true label is 1, which presumably indicates the presence of a significant or relevant event (such as a death or a major plot revelation), but the model predicted ""No,"" missing this.

**What was likely misunderstood?**

1. **Contextual significance of the dialogue:** The model may have failed to recognize that the statement ""your father's dead, Dorothy"" is a crucial plot point or a key event. It might have focused on the earlier part of the dialogue, which is more ambiguous or conversational, and missed the importance of the final revelation.

2. **Emotional and narrative cues:** The phrase """,1.015592098236084,300,,
50,"Person1: You sure this sweet machine's not going to waste?
Person2: Crash Override. What was it. ""Mess with the Best, Die Like the Rest?""
Person1: Yeah.
Person2: Are you challenging me?
Person1: Name your stakes.
Person2: If I win, you become my slave.
Person1: Your slave?
Person2: You wish. You'll do shit work, scan, crack copyrights, whatever I want.
Person1: And if I win?
Person2: Make it my first born.
Person1: Make it our first date.
Person2: You're not gonna win.
Person1: And you have to smile.
Person2: I don't do dates. But I don't lose either, so you're on.",0,No,0,True,"In this dialogue, the predicted label was ""No,"" while the true label was 0. Assuming the task involves detecting a particular attribute such as toxicity, threat, or some form of negative interaction, the misclassification suggests a misunderstanding of the conversational context.

Reflection on the error:

1. Ambiguity in Stakes and Challenge: The conversation revolves around a challenge or bet with stakes involving becoming a ""slave"" or making a ""first date."" The language is playful and somewhat provocative but not overtly hostile or harmful. The model may have misinterpreted the use of ""slave"" and ""stakes"" as either too aggressive or not aggressive enough, leading to confusion.

2. Tone and Intent: The tone appears competitive and teasing rather than genuinely threatening",0.7118875980377197,300,,
51,"Person1: What's happening?
Person2: Nothing, go back to sleep.",1,No,1,True,"In this example, the input is a short dialogue:

Person1: ""What's happening?""
Person2: ""Nothing, go back to sleep.""

The predicted label was ""No,"" but the true label is ""1"" (which presumably means ""Yes"" or some positive classification).

Reflection on the error:

1. **Likely Misunderstanding:**
   - The model probably interpreted Person2's response ""Nothing, go back to sleep."" as dismissive or indicating no significant event, leading to a ""No"" classification.
   - However, the true label ""1"" suggests that the correct interpretation is that something is indeed happening or that the conversation is meaningful in some way.
   - The model may have focused too literally on the word """,1.026501178741455,300,Evasion,
52,"Person1: Only if I repeat them outside this room.  And, I will if I must...  Out there, for all to hear.  Or... you may speak, as planned.  But, you tell them you feel compelled to move on to greener pastures.
Person2: No.  You will not run me out.  No one will believe a word of what you say.
Person1: Oh?  Far as I can tell, a rumor does not travel alone for long here.
Person2: Are you a deist?  Is that it?  A free thinker who does not believe in divinity.
Person1: It is only important what you are. An adulterer...
Person2: I am the Lord's voice in this town.
Person1: Wallowing in sin and lust...
Person2: They need guidance.
Person1: Wallowing quite literally in blood.
Person2: Damn you, sir!  God damn you to hell!
Person1: He may.  But, not soon enough for you, and not on your behalf.",0,Yes,1,True,"In this dialogue, the predicted label was ""Yes"" (likely indicating agreement, affirmation, or a positive classification), but the true label was 0 (likely indicating disagreement, negation, or a negative classification). The misclassification suggests that the model misunderstood the tone, intent, or content of the conversation.

Reflection on the error:

1. **Tone and Context Misinterpretation**: The conversation is tense and confrontational, with Person1 accusing Person2 of being an adulterer and morally corrupt, while Person2 claims to be a divine authority. The dialogue is filled with accusations, threats, and moral condemnation. The model may have misread this as a cooperative or affirmative exchange rather than a conflict or negative interaction.

2. **Misunder",0.8130102157592773,300,,
53,"Person1: You don't have the demographics.
Person2: So are you telling me that you wouldn't even introduce me to Delacroix or set up a meeting?  I'm talking 'bout me, your only brother, ya own flesh and blood, hook a brother up, youknowwhatI'msayin'.
Person1: That'swhatI'msayin'.  I'm not blowin' my young career, brother or no brother, for you or anybody else.
Person2: There is a name, a term for your kind, the likes of you.  Back in slavery days, you would be classified as a house nigga.
Person1: If you think I'm a house nigga then that's your prerogative.  You got your ways to affect change, I have mine.  And I would appreciate it very much if you took ya field nigga ass out of my house.
Person2: My own sister throwin' me out.  I hope to seeya later when you get ya mind right.  Don't bother letting me out.
Person1: That's mighty black of you.",1,Yes,1,True,"In this dialogue, the predicted label was ""Yes"" (likely indicating the presence of a certain attribute, such as toxicity, hate speech, or offensive language), and the true label was 1, which presumably corresponds to the same positive class. Since the predicted and true labels seem aligned (both positive), it appears there might be a misunderstanding in the prompt or the labeling scheme. However, assuming the error was a misclassification (e.g., the model predicted ""No"" when the true label was 1), here is a reflection:

**What was likely misunderstood?**  
- The conversation contains racially charged language and terms historically associated with oppression (""house nigga,"" ""field nigga""), which are highly sensitive and potentially offensive.  
-",0.7274277210235596,300,Playing Victim Role,Dependency
54,"Person1: What do you mean, thank God?
Person2: Well, are you sure about this baby thing? It's not the ticking clock shit, is it?
Person1: No, no, not at all... I mean I've still got plenty of time.  Don't I?  I mean I still have a good six years, whatever. We could have three kids yet, if we wanted.  And I know I've always said I never wanted kids, and I didn't... but this year, I really, truly, feel ready...
Person2: Honey, I'm not worried about you.  You are going to be a fantastic mom.  Not an issue.  I pressed you, remember?  Joe, on the other hand, is a different story.
Person1: Oh Soph, Joe loves kids.  Joe wants kids. Joe thinks he needs kids.
Person2: He wants playmates.  Oh he's a sweetheart, Sal, you know I love him. But he's not going to be a good father. He's just not parenting material.
Person1: Hey, let's sit down.  I bet the rug feels really nice against your skin.",1,No,0,True,"In this dialogue, the key issue likely stemmed from misunderstanding the context and emotional nuance around the topic of having children. The conversation revolves around Person1 expressing readiness and hopefulness about having kids, despite previous reservations, while Person2 expresses concern about Joe's suitability as a father.

The predicted label was ""No,"" which suggests the model may have interpreted the conversation as dismissive or negative about having children. However, the true label ""1"" indicates the conversation is affirming or positive regarding the topic (likely about readiness or willingness to have children).

What was likely misunderstood:
- The model may have focused on the negative comments about Joe's parenting potential and interpreted the overall tone as negative.
- It may have missed the hopeful and positive statements from Person",1.1151220798492432,300,Persuasion or Seduction,
55,"Person1: You didn't see this.  Understand?
Person2: Yes.",1,Yes,1,True,"Reflection on the error:

The input consists of a short dialogue:
Person1: ""You didn't see this. Understand?""
Person2: ""Yes.""

The predicted label was ""Yes,"" but the true label was ""1."" Assuming the task involves classifying the dialogue into binary labels (e.g., 0 or 1), the model predicted ""Yes"" (likely meaning a positive or affirmative class), but the true label was ""1"" (which presumably corresponds to the positive class). However, the predicted label ""Yes"" is ambiguous here—if the model output ""Yes"" as a class label, it may have misunderstood the task or the label format.

Possible misunderstandings:
- The model may have confused the content of the dialogue (""Yes",0.917748212814331,300,,
56,"Person1: After you change, if you're not busy elsewhere, we can have supper.
Person2: I'd love to! Or should I pretend I'm busy?
Person1: Let's have a minimum of pretending. I'll want to do a column about you-
Person2: I'm not enough for a paragraph.
Person1: - perhaps more than one. There's so much I want to know. I've heard your story in bits and pieces... your home in Wisconsin, your tragic marriage, your financial attachment to Margo - it started in San Francisco, didn't it?  I say - your idolatry of Margo started in San Francisco, didn't it?
Person2: That's right.
Person1: San Francisco. An oasis of civilization in the California desert. Tell me, do you share my high opinion of San Francisco?
Person2: Yes. I do.
Person1: And that memorable night when Margo first dazzled you from the stage - which theater was it in San Francisco? Was it - the Shubert?
Person2: Yes. The Shubert.
Person1: A fine old theater, the Shubert. Full of tradition, untouched by the earthquake - so sorry - fire... by the way, what was your husband's name?
Person2: Eddie...
Person1: Eddie what?",0,No,0,True,"Reflection on the misclassification:

The input is a dialogue between two people discussing personal history, including references to a tragic marriage, financial attachment, and specific places and events. The predicted label was ""No,"" but the true label was 0 (which presumably corresponds to ""No"" as well, or possibly ""Yes"" depending on the labeling scheme). Since the predicted and true labels are both ""No"" and 0, it seems there might be a confusion in the prompt about what the labels mean. Assuming ""No"" and 0 are the same label, then there was no misclassification. However, if ""No"" and 0 differ, then the error needs to be analyzed.

Assuming the predicted label ""No"" was incorrect and",1.0186641216278076,300,,
57,"Person1: That's a terrible idea-
Person2: -is it, I'm sorry, but then, of course, you're the doctor, you should know.
Person1: Silliest thing I ever heard of- why in the world should we go through all that?
Person2: I suppose I could answer you. I suppose I could explain that the place is so inviting, what with the smell of blood and flesh, that they have to strike. It's even possible that I tell you I found some fresh paw marks around back which means they're already contemplating feasting here.  But I don't want to answer you because when you question me you are really saying that I don't have the least idea what I am doing, that I am nothing but an incompetent, that I am a fool.  Anyone who finds me a fool, please say so now.
Person1: I have been desperate for Patterson to let me move the hospital since the day he arrived.
Person2: Then we agree.",1,Yes,1,True,"Reflection on the error:

The input dialogue appears to be a conversation between two people discussing a serious and somewhat tense topic, possibly about moving a hospital or dealing with a dangerous situation (""the smell of blood and flesh,"" ""fresh paw marks,"" ""feasting here""). The predicted label was ""Yes,"" but the true label was ""1."" Without knowing the exact classification task or what ""Yes"" and ""1"" represent, it seems the model confused the sentiment, intent, or agreement status in the conversation.

What was likely misunderstood:

1. Ambiguity in labels: The predicted label ""Yes"" and true label ""1"" might represent different classes or categories, but the model may have treated them as equivalent or failed to distinguish between them properly",0.817018985748291,300,,
58,"Person1: Yeah...
Person2: Anthing botherin' you besides losin' your gun?
Person1: Yeah.  It bothers me when cops get hurt while I'm makin' a play. I don't like it.
Person2: You might be more of a team player and a little less of a hot dog on this one, Jack.
Person1: Being a hot dog's worked pretty well for me so far... Besides, I got a lead...
Person2: Okay.  You're not a team player. You gotta do things your own way. Fine.  Nail this guy and make us all look good.  But you better watch your ass.  If you screw up, I can promise you, you're goin' down.
Person1: You really know how to send a guy out with a great attitude. He starts to go.
Person2: Jack?
Person1: Yeah?
Person2: Try not to get your ass shot to pieces. We got enough dead cops on this one.
Person1: I'll keep it in mind.",1,No,0,True,"In this dialogue, the predicted label was ""No"" (likely indicating no significant issue, threat, or problem), but the true label was ""1"" (indicating presence of a significant issue, threat, or problem). The misclassification suggests that the model failed to detect the underlying tension and seriousness in the conversation.

**What was likely misunderstood?**

1. **Tone and Context:** The conversation involves a tense exchange about a dangerous situation involving cops getting hurt, losing a gun, and the risk of getting ""shot to pieces."" The model may have missed the gravity and threat implied by these statements, interpreting the dialogue as casual or routine banter rather than a serious, high-stakes situation.

2. **Implicit Threats and Warnings:**",1.0232858657836914,300,Intimidation,
59,"Person1: Here and there. Around.
Person2: Uh-huh. One of those cozy bed and breakfast places, probably.
Person1: Yeah, that's right.
Person2: Except that there's no bed, is there? And no breakfast either.
Person1: The material world is an illusion. It doesn't matter if they're there or not. The world is in my head.
Person2: But your body is in the world, isn't it?  If someone offered you a place to stay, you wouldn't necessarily refuse, would you?
Person1: People don't do that kind of thing. Not in New York.
Person2: I'm not ""people."" I'm just me. And I do whatever I goddamn want to do. Got it?
Person1: Thanks, but I'll manage.
Person2: In case you're wondering, I like women, not little boys. And I'm not offering you a long-term lease -- just a place to crash for a couple of nights.
Person1: I can take care of myself. Don't worry.
Person2: Suit yourself. But if you change your mind, here's the address.",0,No,1,True,"In this dialogue, the predicted label was ""No,"" while the true label was ""0."" Assuming the task involves detecting some form of sensitive or inappropriate content (e.g., grooming, exploitation, or predatory behavior), the misclassification suggests the model failed to identify subtle cues indicating potential risk or inappropriate intent.

Reflection on the error:

1. **Subtlety of the content**: The conversation is nuanced and indirect. Person2 offers a place to stay but clarifies it is not a long-term lease and emphasizes liking women, not ""little boys,"" which hints at a sensitive topic. The model likely missed these implicit signals because the language is casual and somewhat ambiguous.

2. **Contextual understanding**: The model may have focused on the",1.3305141925811768,300,,
60,"Person1: What are you doing?
Person2: Just wanted to see.
Person1: You know the rules.  You do know the rules, don't you?
Person2: Yeah, I know.
Person1: Then start taking them seriously.
Person2: Yes, ma'am.",1,Yes,0,True,"In this dialogue, the true label is 1, which presumably indicates a positive or affirmative classification (e.g., agreement, compliance, or a specific category the task requires). The predicted label was ""Yes,"" which might have been interpreted as a negative or incorrect classification, or simply a misalignment between the predicted output format and the true label.

Reflection on the error:

1. **Context Understanding**: The conversation shows Person1 reminding Person2 about rules and emphasizing the importance of taking them seriously. Person2 responds affirmatively (""Yeah, I know."" and ""Yes, ma'am.""), indicating compliance or agreement. The model likely misunderstood the tone or intent behind these affirmations, possibly treating ""Yes"" as a literal or isolated token rather than",0.8478310108184814,300,,
61,"Person1: Snap out of it!
Person2: I can't!
Person1: Alright. Then I must never see you again. The bad blood will have to stay there between you and Johnny for all time. You won't come to the wedding.
Person2: I'll come to the wedding.
Person1: I'm telling you you can't.
Person2: But he wants me to come!
Person1: But that's cause he don't know!
Person2: Alright. I will not come. Provided one thing.
Person1: What?
Person2: That you come with me tonight. Once. To the Opera.
Person1: What are you talking about?
Person2: I love two things. I love you, and I love the Opera. If I can have the two things that I love together for one night, I will be satisfied to give up the rest of my life.
Person1: Alright.
Person2: Alright. Meet me at the Met.
Person1: Alright. Where's the Met?",0,Yes,1,True,"In this dialogue, the predicted label was ""Yes"" (likely indicating agreement, acceptance, or a positive outcome), but the true label was 0 (likely indicating disagreement, refusal, or a negative outcome). The misclassification suggests that the model interpreted the conversation as ultimately positive or affirming, whereas the true label indicates otherwise.

Reflection on the error:

1. **Misunderstanding of the conversation's tone and outcome:**  
   The dialogue involves a tense negotiation between two people about attending a wedding and resolving bad blood. Although Person2 initially insists on coming to the wedding and then offers a conditional compromise (going to the Opera together), the conversation ends ambiguously with Person1 asking ""Where's the Met?"" This does not clearly indicate a positive",0.9165148735046387,300,,
62,"Person1: Chris may be at the club -- or somewhere -- I don't see that it's important --
Person2: You should have told them he'd disappeared.",0,No,0,True,"Let's analyze the misclassification:

Input:
Person1: ""Chris may be at the club -- or somewhere -- I don't see that it's important --""
Person2: ""You should have told them he'd disappeared.""

Predicted: No  
True label: 0

---

**Reflection:**

1. **Understanding the task and labels:**  
   The true label is 0, which presumably corresponds to ""No"" or ""Negative"" (depending on the task). The predicted label was also ""No,"" which matches the true label. However, the user says this was a misclassification, so perhaps the predicted label was ""Yes"" or ""1"" and the true label was ""0."" Assuming that, the model predicted ""No"" but the",0.9199252128601074,300,,
63,"Person1: No, no, no! Not this time. I am doing this for your own good! You guys have got to learn when to stop. You with the Armani! You with the hookers!
Person2: Escorts!
Person1: Do you even remember Al? Do you remember what he looked like sitting there?",0,Yes,1,True,"In this example, the input appears to be a snippet of dialogue involving Person1 and Person2, with Person1 expressing concern or frustration and referencing someone named Al. The predicted label was ""Yes,"" but the true label was ""0,"" indicating that the model likely misclassified the sentiment, intent, or some other categorical aspect of the input.

**What was likely misunderstood?**  
- The model may have interpreted the dialogue as an affirmation or agreement (""Yes"") due to the presence of direct speech and the phrase ""I am doing this for your own good,"" which can sound like a positive or supportive statement.  
- The model might have focused on the phrase ""You guys have got to learn when to stop,"" interpreting it as a form of",1.046245813369751,300,,
64,"Person1: If this is about you messed around with Melanie, I don't give a damn. I ain't a fool. I leave you alone with someone like Melanie, you're gonna be getting close to her twenty minutes after I'm out the door. So say ""thank you"" and I'll tell you, ""you're welcome.""
Person2: That's not what I meant when I asked did you trust her.",0,Yes,1,True,"In this dialogue, the key issue lies in the interpretation of the question ""did you trust her"" and the preceding statements. The first person talks about not caring if the other ""messed around with Melanie"" and implies a lack of trust or at least a guarded attitude toward Melanie. The second person's question ""did you trust her"" is met with a response that does not directly answer the trust question but rather focuses on the consequences of leaving someone alone with Melanie.

The misclassification likely arose because the model interpreted the conversation as an affirmation of trust (""Yes""), possibly due to the phrase ""say 'thank you' and I'll tell you, 'you're welcome,'"" which might have been mistakenly taken as a positive or cooperative response. However, the true label",0.9224271774291992,300,,
65,"Person1: Hello, goodbye, I want you, I hate you. Its all just words. None of it means anything. What matters is what you do. You either stay put or you walk away. If you look back, youre not walking away!
Person2: Oh, cut the crap!
Person1: I just hate seeing you so stuck.
Person2: He was about to un-stick me!  I paid you to help me get closure.
Person1: You paid me for a lot of reasons. Closure wasnt one of them.",1,Yes,0,True,"In this case, the predicted label was ""Yes,"" but the true label was ""1."" Assuming the task involves a binary classification where ""Yes"" and ""1"" represent different classes (or possibly a mismatch in label format), the key issue seems to be a misunderstanding of the conversation's intent or sentiment.

Reflection on the error:

1. **Misunderstood Context or Sentiment:**  
   The dialogue is emotionally complex, involving expressions of frustration, detachment, and a desire for closure. The model may have misinterpreted the nuanced emotional cues or the underlying intent behind the words. For example, Person1's statements about words not meaning anything and the importance of actions suggest a deeper emotional conflict, which might have been oversimplified.",0.9133830070495605,300,,
66,"Person1: This is a war, Wade. You against him. Time for vengeance. The City's just in the way. Take him down. You and me. We'll work things out when the time is right.
Person2: Remember my promise.
Person1: Don't threaten me.  I tend to take these things seriously.  And get a couple hours sleep.  You look like day old shit.
Person2: You really have a way with words, don't you?",1,Yes,0,True,"In this dialogue, the predicted label was ""Yes"" while the true label was ""1."" Assuming the task involves binary classification where ""Yes"" and ""1"" represent different classes (or possibly ""Yes"" was an incorrect label for a binary yes/no or sentiment classification), the error likely stems from a misunderstanding of the context or the nature of the labels.

Reflection on the error:

1. Ambiguity in Label Interpretation:  
   The predicted label ""Yes"" might have been interpreted as a positive or affirmative response, whereas the true label ""1"" could represent a different class (e.g., a specific category, sentiment, or outcome). If the model conflated ""Yes"" with ""1"" or treated them as equivalent without clear mapping",1.9409377574920654,300,,
67,"Person1: We've been given a gift here, honey.  A real live little girl. She likes us a lot.  She needs us. Maybe that's why we died so young, to keep us from getting so... attached to things.  The house, antiques, your model.  Look at us. We didn't have room for anyone.
Person2: What makes you think she likes me?",0,No,0,True,"In this case, the input is a dialogue between two people discussing a ""real live little girl"" who ""likes us a lot"" and ""needs us."" Person1 reflects on their own past and emotional attachments, implying a sense of connection and care toward the girl. Person2 questions that connection by asking, ""What makes you think she likes me?""

The predicted label was ""No,"" but the true label is 0. Assuming the labels correspond to some classification task (e.g., whether the dialogue expresses positive sentiment, agreement, or a particular relationship), the misclassification likely arose from misunderstanding the emotional tone and relational context.

What was likely misunderstood:
- The model may have misinterpreted the question ""What makes you think she likes me?""",0.9678969383239746,300,,
68,"Person1: Shit no, it'll be twice cost.
Person2: You capitalist pig!
Person1: The performance is free what more do you want....I've set that old phone up as a donation box and I'll get Jahn to write out a sign....Okay, let's get going.",0,No,0,True,"Let's analyze the misclassification carefully.

Input dialogue:
- Person1: ""Shit no, it'll be twice cost.""
- Person2: ""You capitalist pig!""
- Person1: ""The performance is free what more do you want....I've set that old phone up as a donation box and I'll get Jahn to write out a sign....Okay, let's get going.""

Predicted label: No  
True label: 0

---

### Reflection on the error:

1. **Understanding the labels:**  
   The predicted label ""No"" and the true label ""0"" seem to represent the same class (likely a negative or neutral class). However, the user states the predicted label was ""No"" and the true label was ""0,""",0.9181559085845947,300,,
69,"Person1: ARE YOU CRAZY, YOU COULD SUFFOCATE IN THERE!!!
Person2: Nope.  I got my warm t-shirt.",1,No,0,True,"In this example, the input consists of two statements:

Person1: ""ARE YOU CRAZY, YOU COULD SUFFOCATE IN THERE!!!""  
Person2: ""Nope. I got my warm t-shirt.""

The true label is 1, but the model predicted 0 (No).

**Likely Misunderstanding:**

- The model probably interpreted Person2's response ""Nope. I got my warm t-shirt."" as a simple denial or a negative answer, rather than recognizing it as a reassurance or a confident refusal of the concern raised by Person1.
- The model may have focused on the word ""Nope,"" which is a negation, and incorrectly assumed that the overall sentiment or label should be negative or",0.8157014846801758,300,,
70,"Person1: How long have I been here?
Person2: Three nights, two days. When is your rent coming up at the motel?
Person1: I don't know.  I'll go and sort it out today. Why don't you come?... We'll find a real room for me. You can pick it out, a tower on the strip.
Person2: There's no reason to blow all your money on a hotel room.
Person1: What do you mean?
Person2: What I mean is that you should bring your stuff over here. We're spending all this time together... what the heck!
Person1: Sera...
Person2: Let's face it, Ben, we're having fun here. I've never done so much talking in my life.
Person1: Me neither.
Person2: So! Let's dispense with the formalities. I want you here... now!
Person1: Sera you are crazy.
Person2: So... I'm not too concerned with long term plans.
Person1: Don't you think you'll get a little bored living with a drunk?
Person2: That is what I want. Why don't you go and get your stuff?
Person1: You haven't seen the worst of it. These last few days I've been very controlled. I knock things over... I throw up all the time.  Now I feel really good... You're like some kind of antidote that mixes the liquor and keeps me in balance, but that won't last forever. You'll get tired of it really quickly. Believe me.",1,No,0,True,"In this dialogue, the predicted label was ""No"" (likely indicating a negative or non-romantic/committed relationship), but the true label was ""1"" (likely indicating a positive or romantic/committed relationship). The misclassification suggests that the model failed to recognize the underlying emotional and relational dynamics between Person1 and Person2.

What was likely misunderstood:
- The conversation contains subtle but clear signs of intimacy and emotional connection. Person2 is encouraging Person1 to move in (""bring your stuff over here""), expressing a desire to spend time together, and showing affection (""I want you here... now!"").
- Person1 expresses vulnerability about their struggles (""living with a drunk,"" ""throw up all the time"") and acknowledges that Person2 is",0.734032392501831,300,,
71,"Person1: Good gracious!  What is this?
Person2: You are going to drive to the frontier.
Person1: It is shameful -- infamous!  I insist upon being put down at the Austrian ambassador's house.
Person2: I have orders to gag your honor if you cry out, and to give you this purse containing ten thousand frederics if you do not.
Person1: Ten thousand?  But the scoundrel owes me seventy thousand.
Person2: Your honor must lower his voice.
Person1: All Europe shall hear of this!
Person2: As you please.",1,Yes,1,True,"Reflection on the error:

The input appears to be a dialogue excerpt involving a tense or dramatic situation, possibly from a literary or historical context. The predicted label was ""Yes,"" while the true label was ""1."" Without explicit context on what the labels represent, it seems the model confused a binary or categorical classification—likely a ""Yes/No"" or ""0/1"" type task.

What was likely misunderstood:

1. Ambiguity in Labels: The predicted label ""Yes"" versus the true label ""1"" suggests a mismatch in label format or interpretation. The model might have treated ""Yes"" as a positive class but the true label was numeric, indicating a different coding scheme.

2. Contextual Nuance: The dialogue contains complex",0.8169519901275635,300,,
72,"Person1: Dan!  The spare costumes!  I can't believe you kept them.
Person2: Me neither.  Mine barely even fits.  The thing is, I try to remember why we did it, and I can't.  Helping people, or righting wrongs, or trying to save the world . . . I don't know.  It all seems so abstract.",0,No,0,True,"Let's analyze the misclassification:

Input:
Person1: Dan! The spare costumes! I can't believe you kept them.
Person2: Me neither. Mine barely even fits. The thing is, I try to remember why we did it, and I can't. Helping people, or righting wrongs, or trying to save the world . . . I don't know. It all seems so abstract.

Predicted: No  
True label: 0

---

Reflection:

1. **Understanding the labels:**  
   The true label is 0, which presumably corresponds to ""No"" or a negative classification. The predicted label was ""No"" as well, which seems consistent. However, the user states that the predicted label was ""No"" and",1.8367650508880615,300,,
73,"Person1: Well, no, look... I mean, there was a footprint. Forget it. It's probably not important at all.  You know, I got a job now. I'm teaching high school. Japanese and Chemistry.  So, what were you calling about?
Person2: You called me.",0,No,0,True,"In this case, the input is a short dialogue between two people, and the predicted label was ""No"" while the true label was ""0."" Assuming the task involves classifying whether the conversation contains a particular feature (e.g., a specific intent, sentiment, or agreement), the misclassification suggests a misunderstanding of the conversational context.

Reflection on the error:
- The dialogue is somewhat ambiguous and casual, with Person1 shifting topics from a footprint to their job, then asking why Person2 called.
- Person2 responds simply with ""You called me,"" which could imply a clarification or a subtle disagreement.
- The model likely misinterpreted the exchange as a negative or ""No"" response, possibly due to the phrase ""Forget it"" or the",0.8314759731292725,300,,
74,"Person1: ...The fault, dear Brutus, is not in our stars...
Person2: Don't give me that crap. That's MY crap.
Person1: And it's good!
Person2: I'll have you suspended. I'll have you disbarred.
Person1: Don't threaten me, Miles. I did nothing illegal.
Person2: ...why did she do it, Ruth? Why?
Person1: That's attorney client privilege.  Sorry, Miles. But as a great and clever man once said, What's good for the goose --",1,No,0,True,"In this dialogue, the true label is 1, which presumably indicates the presence of a certain feature or classification (e.g., a specific type of interaction, conflict, or legal context), but the model predicted ""No,"" missing that.

Reflection on the error:

1. **Contextual Nuance Missed:** The conversation involves legal terminology (""attorney client privilege,"" ""disbarred,"" ""suspended"") and a tense exchange between two people, suggesting a conflict or a legal dispute. The model likely failed to recognize the significance of these legal references and the implied conflict.

2. **Subtlety of the Interaction:** The dialogue is somewhat indirect and layered with metaphor (""The fault, dear Brutus, is not in our stars..."")",0.7355000972747803,300,"Intimidation,Brandishing Anger",
75,"Person1: What's the point of--we all know who was at fault, so what the heck are you talking about?
Person2: Huh? No! What the heck are you talking--I'm not--we're talking about unchecked aggression here--",0,No,0,True,"Let's analyze the misclassification carefully.

Input:
Person1: ""What's the point of--we all know who was at fault, so what the heck are you talking about?""
Person2: ""Huh? No! What the heck are you talking--I'm not--we're talking about unchecked aggression here--""

Predicted: No  
True label: 0

First, note that the predicted label ""No"" and the true label ""0"" likely correspond to the same class (e.g., ""No"" = 0). However, since the user says it was misclassified, it suggests that the model output ""No"" (or class 1) while the true label was 0, or vice versa. Assuming ""No""",1.1249630451202393,300,,
76,"Person1: Shut up.
Person2: Lucy, do you know for sure you're going to get that scholarship?",0,No,0,True,"In this example, the input consists of two utterances:

Person1: ""Shut up.""  
Person2: ""Lucy, do you know for sure you're going to get that scholarship?""

The predicted label was ""No,"" but the true label is 0 (which presumably means ""No"" or ""Negative"" as well, but since the predicted and true labels differ, it suggests a misclassification).

**Likely Misunderstanding:**

1. **Context and Turn-taking:** The first utterance ""Shut up."" is abrupt and could be interpreted as hostile or dismissive. The second utterance is a question about certainty regarding a scholarship. The model might have focused on the negative tone of ""Shut up."" and incorrectly inferred",1.228215217590332,300,,
77,"Person1: Bob was a grown man.  In any great struggle, there will be casualties. Wouldn't that be implicit in the name?  Project ""Mayhem.""
Person2: Forget your struggle.  I want out.
Person1: You want out?
Person2: I quit.
Person1: Not an option, for the most obvious of reasons.  You need to get with the program.  Seven minutes.  Let's get out of here.",1,Yes,1,True,"In this case, the input appears to be a dialogue excerpt involving two people discussing a struggle, quitting, and a sense of urgency (""Seven minutes. Let's get out of here.""). The predicted label was ""Yes,"" while the true label was ""1."" Assuming the task involves binary classification where ""Yes"" corresponds to one class and ""1"" corresponds to the same or a different class, the mismatch suggests a misunderstanding of the label format or the meaning behind the dialogue.

Likely misunderstandings:
1. **Label format confusion:** The predicted label ""Yes"" and true label ""1"" might represent the same class but were treated as different due to format differences (string vs. numeric). This could be a simple mapping or encoding issue.
2",0.8144598007202148,300,"Rationalization,Intimidation",
78,"Person1: Tell them who I am! Tell them who I am!
Person2: Are you crazy? Unhand that woman! That's Amelia Earhart!",0,No,0,True,"Let's analyze the misclassification:

Input:
Person1: Tell them who I am! Tell them who I am!
Person2: Are you crazy? Unhand that woman! That's Amelia Earhart!

Predicted: No  
True label: 0

---

**Reflection:**

1. **Understanding the task and labels:**  
   The true label is 0, which presumably corresponds to ""No"" or a negative classification, but the predicted label was ""No"" as well. However, the user states this was a misclassification, so there might be some confusion about the label mapping. Possibly, the predicted label ""No"" was interpreted incorrectly or the model output was inconsistent with the true label.

2. **What was likely misunderstood?**",0.8187129497528076,300,,
79,"Person1: I've loved you ever since I first laid eyes on you, Jeremiah. I've just always been too scared to show it.
Person2: Beth, I can't believe you just said that because that's exactly how I've always felt about you... Call me Jam. It's my band name.
Person1: You don't know how long I've been waiting to hear that... Jam!",0,No,0,True,"In this dialogue, the two people are expressing mutual romantic feelings for each other. Person1 confesses love, Person2 reciprocates, and they share a moment of emotional connection. The true label is 0, which presumably means ""No"" to some classification question (likely about conflict, disagreement, or negativity), and the predicted label was also ""No,"" but you mention it was misclassified. This suggests there might be confusion about the labels or the classification task.

Reflection on the error:

1. Misunderstanding of the label meaning: The predicted label was ""No,"" and the true label was 0. If ""No"" corresponds to 0, then the prediction matches the true label, so it wouldn't be a misclassification. Possibly",1.0262930393218994,300,,
80,"Person1: Heartwarming. Really, I feel weepy.
Person2: You wanted to know what happened after the line-up, I'm telling you.
Person1: Oh come on, Verbal. Who do you think you're talking to? You really expect me to believe he retired? For a woman? Bullshit. He was using her.
Person2: He loved her.
Person1: Sure. And I'm supposed to believe that hitting the Taxi Service wasn't his idea",0,No,0,True,"In this example, the predicted label was ""No,"" but the true label was 0. Assuming the task involves determining whether the conversation contains a particular feature (e.g., sarcasm, agreement, or a specific sentiment), the misclassification suggests a misunderstanding of the dialogue's tone or content.

Reflection on the error:
- The conversation includes emotional expressions (""Heartwarming. Really, I feel weepy."") and a debate about someone's motives (""You really expect me to believe he retired? For a woman? Bullshit. He was using her."").
- The dialogue shows skepticism and disagreement, with Person1 challenging Person2's statements.
- The predicted label ""No"" might have been assigned because the model failed to detect the underlying emotional or argumentative tone",0.8137612342834473,300,,
81,"Person1: This is why you don't show work in progress.
Person2: Norther, do you ever regret not making it to Paris?
Person1: I can't imagine any place better than here.
Person2: You're a poet. You oughta be able to. And maybe if you'd seen more, you could.",1,Yes,0,True,"In this dialogue, the predicted label was ""Yes,"" while the true label was ""1."" Assuming the task involves binary classification where ""Yes"" corresponds to one class and ""1"" corresponds to another, the model likely confused the intended meaning or sentiment behind the conversation.

Reflection on the error:

1. Ambiguity in the conversation: The exchange is somewhat abstract and metaphorical, especially with lines like ""You're a poet. You oughta be able to. And maybe if you'd seen more, you could."" This could have led the model to misinterpret the sentiment or the implied meaning.

2. Misinterpretation of context: The conversation touches on regret and appreciation of place, but the model might have focused on the literal words rather than the",0.9156851768493652,300,Persuasion or Seduction,
82,"Person1: He rides tonight.
Person2: Father saw you die.
Person1: He saw me thrown... saw the Horseman looming over me as I fled.  Things I wanted him to see.  But, as long as I govern the Horseman, he cannot harm me.  Baltus did not stay enough to see that.  He ran as a coward, unfettered by my fate.",0,No,0,True,"Let's analyze the misclassification:

Input summary:
- Person1 talks about ""He rides tonight,"" ""He saw me thrown,"" ""saw the Horseman looming over me,"" and ""as long as I govern the Horseman, he cannot harm me.""
- Person2 says, ""Father saw you die.""
- Person1 reflects on Baltus running away as a coward, ""unfettered by my fate.""

Predicted label: No  
True label: 0

Assuming the task was to classify whether the dialogue contains a certain feature (e.g., a specific sentiment, event, or relationship), the model predicted ""No"" but the true label was 0 (which presumably corresponds to ""No"" or ""negative"" as well",0.8147158622741699,300,,
83,"Person1: When I thought about you I was mostly hating you. Where've you been hiding?
Person2: I haven't been hiding. I've been in Police custody. They've been trying to flush out Freddie's killer.
Person1: You're kidding.
Person2: They're letting me have this vacation. Which is why the get-up. Which is why you haven't heard from me.
Person1: You know, the whole world thinks you killed Freddie? It's terrible.
Person2: I know. Look, I can't talk now. Later. Later?",1,No,0,True,"In this dialogue, the key point is whether the conversation implies a ""Yes"" or ""No"" to some underlying question or context (likely about guilt or involvement in Freddie's killing). The predicted label was ""No,"" but the true label was ""1"" (which presumably corresponds to ""Yes"" or an affirmative).

Reflection on the error:

1. **Misunderstanding the context of the conversation:**  
   The conversation revolves around suspicion and denial related to Freddie's killing. Person1 accuses or implies suspicion (""the whole world thinks you killed Freddie""), and Person2 denies it, explaining their absence due to police custody and an attempt to clear things up. The dialogue ends with Person2 saying ""I can't talk now. Later. Later?""",0.7135469913482666,300,Feigning Innocence,Naivete
84,"Person1: You hate your father.
Person2: If he tricked me into loving him, is what I meant.
Person1: You'd hate him for the trick.
Person2: Not if what he left me was real.",0,No,0,True,"In this case, the input dialogue involves a tense and emotionally charged exchange about feelings toward a father figure. The predicted label was ""No,"" while the true label was ""0."" Assuming the labels correspond to a binary classification task (e.g., ""Yes"" = 1 and ""No"" = 0), the model predicted ""No"" but the true label was also ""0,"" which suggests the prediction was actually correct. However, since you mention a misclassification, it might be that the labels or the interpretation were mixed up.

If the misclassification occurred, the likely misunderstanding could be:

1. **Emotional nuance and implied meaning:** The dialogue contains subtle emotional cues and implied meanings about love, betrayal, and acceptance. The model might",1.0232501029968262,300,,
85,"Person1: Yes, sir. But that's what I like about her. She's not like all the other girls at school.
Person2: Charles, in spite of your adolescent infatuation with music, we've always regarded you a a fine young man. We've trusted you with our daughter.
Person1: Yes, sir. Trust is a twoway street. In the past two years I've been pleased to note that you and Mrs. Kelcher have, uh, fulfilled your sacred trust of being good parents to the, uh, woman I plan to take off your hands.",0,No,0,True,"In this dialogue, the predicted label was ""No,"" but the true label was ""0."" Assuming the labels ""No"" and ""0"" represent different classes (possibly ""No"" meaning a negative or rejecting response, and ""0"" meaning neutral or affirmative), the misclassification likely arose from misunderstanding the tone and intent of the conversation.

Reflection on the error:

1. **Misinterpretation of Tone and Context:**  
   The conversation is polite and respectful, with Person1 expressing appreciation for the parents' trust and acknowledging the parents' role positively. The phrase ""Trust is a two-way street"" and ""fulfilled your sacred trust"" indicates mutual respect and affirmation, not rejection or negativity. The model may have misread the formal and somewhat old",0.8195099830627441,300,,
86,"Person1: You seem... disturbed.
Person2: I... No. You do this for money?
Person1: Mais certainment... A great deal of money. Naturally I do not do it myself. I myself do not possess the nerve.  But I am always... how do you say... looking out for those who do... It is a thing quite rare. Champagne perhaps? Tch, tch. Don't say no. When a man says no to champagne, he says no to life and that no man must ever do.  Where did you play?
Person2: Up north.
Person1: Ah yes. Of course... So few survive.  La creme de la creme... How did you obtain release?
Person2: Playing.
Person1: Playing?
Person2: We... Three bullets.
Person1: And then you...",0,No,0,True,"In this case, the input is a dialogue between two people, with Person1 speaking in a somewhat cryptic, metaphorical manner, referencing money, nerve, champagne, survival, and ""release"" obtained by ""three bullets."" The predicted label was ""No,"" but the true label was 0. Since the predicted label is ""No"" and the true label is 0, it suggests that the model misclassified the input by predicting ""No"" when the correct label was 0 (likely meaning ""Yes"" or some other category depending on the task).

Reflection on the error:

1. **Likely Misunderstood Elements:**
   - The dialogue is somewhat ambiguous and metaphorical, involving references to money, nerve, champagne, survival",0.7188000679016113,300,,
87,"Person1: Why do you want the white horse to bid you ""good-day""?
Person2: He was a nice horse.
Person1: Maybe there's another reason. Maybe you haven't friends enough. Could that be it, Georgina?",1,Yes,1,True,"In this case, the input is a short dialogue between two persons, with Person1 asking questions and Person2 responding briefly. The predicted label was ""Yes,"" but the true label is ""1."" Without additional context, it seems the task involves classifying the dialogue or response into a certain category, possibly a binary classification where ""Yes"" and ""1"" represent different classes or labels.

**Likely Misunderstanding:**

1. **Label Interpretation Confusion:** The predicted label ""Yes"" and the true label ""1"" might represent the same class but were treated as different. If the model or evaluation script treats ""Yes"" as a string and ""1"" as an integer, it could cause a mismatch.

2. **Ambigu",0.7076175212860107,300,Shaming or Belittlement,
88,"Person1: Finish your tour?
Person2: And anxious to get started.  What is this, mostly malaria?
Person1: Yes- but their suffering is only transitory- once they except God into their hearts, He will vanquish all pain.",0,No,0,True,"In this example, the conversation involves a discussion about malaria and a religious perspective on suffering and healing. The predicted label was ""No,"" while the true label was 0 (which presumably corresponds to ""No"" as well, but there might be a mismatch in label encoding or interpretation).

Assuming the task is to classify whether the conversation contains a certain attribute (e.g., a specific sentiment, topic, or intent), the error likely arose from misunderstanding the context or the subtlety of the dialogue.

Reflection on the error:
- The conversation touches on a serious health issue (malaria) and introduces a religious viewpoint on coping with suffering.
- The model might have focused on the mention of malaria and suffering, interpreting it as a negative or concerning topic",0.7872850894927979,300,,
89,"Person1: Memory is no trick, it is a power. The power to see.
Person2: Power you have given me. What can my power give you?
Person1: Knowledge.
Person2: Of what?
Person1: The Fortress of Krull. When will it come near here?
Person2: Why must you know?
Person1: There is a girl there. Her name is Lyssa.
Person2: You lie!
Person1: Could I lie to you and still see your beauty?
Person2: No.
Person1: A young man seeks her. A young man about the age I was when I met you.
Person2: Tomorrow, the Fortress of Krull will rise with the sun in the Valley of Reeds. But the knowledge is of no use to you. No man has ever escaped the Web. And soon the creature will come for you, even here.",1,No,0,True,"In this dialogue, the predicted label was ""No"" while the true label was ""1"" (presumably ""Yes"" or positive). The misclassification likely arose from misunderstanding the context or the nature of the conversation.

Reflection on the error:

1. **Context and Content Understanding**: The dialogue is cryptic and metaphorical, involving concepts like ""Memory,"" ""Power,"" ""The Fortress of Krull,"" and a ""Web"" that no man has escaped. It reads like a fantasy or sci-fi narrative with symbolic or plot-driven elements. The model may have failed to recognize the significance or seriousness of the exchange, possibly interpreting it as a casual or negative interaction rather than a meaningful or affirmative one.

2. **Label Ambiguity**",0.6181168556213379,300,,"Dependency,Naivete"
90,"Person1: Paul, I know you've been out.
Person2: What?
Person1: You've been out of your room.
Person2: No, I haven't.
Person1: Paul, my little ceramic penguin in the study always faces due south.
Person2: I don't know what you're talking about.",1,Yes,0,True,"In this dialogue, the predicted label was ""Yes,"" but the true label was ""1."" Assuming the labels represent a binary classification (e.g., ""Yes"" = 0 and ""1"" = 1, or vice versa), the model likely misunderstood the intent or context of the conversation.

Reflection on the error:

1. Ambiguity in Labels: The predicted label ""Yes"" and true label ""1"" might represent different classes, but without clear mapping, the model might have confused them. Clarifying label definitions is crucial.

2. Contextual Understanding: The conversation involves subtle implications—Person1 suspects Person2 (Paul) of leaving his room, using the ceramic penguin's orientation as evidence. Paul denies knowledge. The model",0.7642381191253662,300,Denial,
91,"Person1: God-damn..
Person2: What did you say?
Person1: Sorry man, I didn't mean that personally...
Person2: I know how you feel, humiliated in the hands of a woman. I'd rather eat my soul on a paper plate...",0,No,0,True,"In this example, the conversation contains emotionally charged language and expressions of humiliation and distress. The predicted label was ""No,"" but the true label is 0, which presumably corresponds to a negative or sensitive classification (e.g., indicating toxicity, offense, or a problematic statement).

Likely Misunderstanding:
- The model may have focused on the apology (""Sorry man, I didn't mean that personally..."") and the seemingly conciliatory tone, interpreting the exchange as non-toxic or non-offensive.
- It may have missed the underlying emotional pain and potentially offensive or self-deprecating language in ""humiliated in the hands of a woman"" and ""I'd rather eat my soul on a paper plate,"" which could be interpreted as expressing distress, self-h",0.9215521812438965,300,,
92,"Person1: So, what are we waiting for?
Person2: What?
Person1: Let's face it.  You want me.",0,Yes,0,True,"In this example, the input dialogue is:

Person1: So, what are we waiting for?  
Person2: What?  
Person1: Let's face it. You want me.

The predicted label was ""Yes,"" but the true label is ""0"" (presumably ""No"" or ""Negative"").

**Reflection on the error:**

1. **Likely Misunderstanding:**  
   The model probably interpreted Person1's statement ""Let's face it. You want me."" as an affirmative or positive response, possibly indicating agreement or confirmation. However, the true label is negative, suggesting that the dialogue does not actually express agreement or a positive answer to a question.

2. **Context and Pragmatics:**  
   The phrase ""You",1.1204521656036377,300,,
93,"Person1: Go on back to the hotel.
Person2: Please, Eddie, don't beg him.
Person1: Would you go on back to the hotel? Take a cab, go on back to the hotel.
Person2: Doesn't all of this come through to you, Eddie? Doesn't any of this mean anything to you? That man, this place, the people. They wear masks, Eddie. And underneath the masks they're perverted, twisted, crippled.
Person1: Shut up.",1,No,1,True,"In this dialogue, the true label is 1, which likely indicates the presence of a certain feature—possibly a specific sentiment, intent, or thematic element—that the model failed to detect, resulting in a ""No"" prediction.

Reflection on the error:

1. **Context and Emotional Intensity**: The conversation contains emotionally charged language and references to deception and hidden flaws (""They wear masks, Eddie. And underneath the masks they're perverted, twisted, crippled.""). This suggests a deeper thematic or emotional layer that the model might have overlooked.

2. **Misinterpretation of Dialogue Tone**: The model may have focused on the surface-level commands (""Go on back to the hotel,"" ""Take a cab"") and missed the underlying emotional plea",1.1263220310211182,300,Persuasion or Seduction,
94,"Person1: Pull your head out of your ass.  Get your thinking straight.  You wanna die?
Person2: I'm collateral anyway, so just do it and stop making me a part of this!
Person1: Teach him how to talk back, suddenly he can't stop.  I'm not playing.
Person2: Sure?  Like you didn't play him? String him along?  If he had gotten the answer right, would you have let him go?",1,Yes,1,True,"In this dialogue, the predicted label was ""Yes"" (likely indicating agreement, affirmation, or a positive response), but the true label was 1, which presumably corresponds to a different classification—possibly indicating hostility, aggression, or a negative sentiment.

Reflection on the error:

1. Misunderstanding the tone and context: The conversation is confrontational and aggressive, with phrases like ""Pull your head out of your ass,"" ""You wanna die?,"" and ""I'm not playing."" The model likely misinterpreted the exchange as a cooperative or affirmative dialogue rather than recognizing the hostility and conflict.

2. Misclassification of sentiment or intent: The model may have focused on surface-level cues or keywords without fully grasping the underlying aggressive and threatening tone.",1.122434139251709,300,"Intimidation,Accusation",
95,"Person1: Boeman don't. You know I'm right.
Person2: Are you crazy?! Pull the lever!",0,Yes,0,True,"In this example, the input consists of a short dialogue between two people:

Person1: ""Boeman don't. You know I'm right.""
Person2: ""Are you crazy?! Pull the lever!""

The predicted label was ""Yes,"" but the true label is ""0"" (which presumably means ""No"" or ""Negative"" depending on the task).

Reflection on the error:

1. **Likely Misunderstanding:**
   - The model probably interpreted the phrase ""Pull the lever!"" as an affirmative or action-oriented statement, possibly indicating agreement or a positive response.
   - The presence of ""You know I'm right"" might have been taken as a confirmation or assertion that supports a ""Yes"" classification.
   - The model may have focused",0.818580150604248,300,,
96,"Person1: Yes! You own the Coffer of Shadow. Nothing can withstand its power.
Person2: I've been saving it. For the right moment.
Person1: That moment is now! What good is a sword unless it be unsheathed? Use it, and no one will dare oppose you again. No one.",1,No,0,True,"In this dialogue, Person1 is encouraging Person2 to use the ""Coffer of Shadow,"" emphasizing its power and the urgency of the moment. The true label is 1, which likely indicates agreement, encouragement, or a positive response toward using the item. However, the model predicted ""No,"" suggesting a misunderstanding of the dialogue's intent.

Likely Misunderstanding:
- The model may have misinterpreted the phrase ""What good is a sword unless it be unsheathed?"" as rhetorical or negative, rather than as encouragement to act.
- It might have focused on the literal question ""What good is a sword unless it be unsheathed?"" and interpreted it as a negation or refusal.
- The model may have failed to capture",0.8982398509979248,300,,
97,"Person1: ...all train compartments smell vaguely of shit.  It gets so you don't mind it.  That's the worst thing that I can confess.  You know how long it took me to get there? A long time.  When you die you're going to regret the things you don't do.  You think you're queer...? I'm going to tell you something. We're all queer.  You think that you're a thief?  So what?  You get befuddled by a middle-class morality...?  Get shut of it.  Shut it out.  You cheated on your wife...?  You did it, live with it.  You fuck little girls, so be it. There's an absolute morality?  May be.  And then what?  If you think there is, then be that thing.  Bad people go to hell?  I don't think so.  If you think that, act that way.  A hell exists on earth?  Yes. I won't live in it.  That's me. You ever take a dump made you feel you'd just slept for twelve hours...?
Person2: Did I...?
Person1: Yes.
Person2: I don't know.",0,No,0,True,"In this case, the input is a dialogue with Person1 making a series of provocative, philosophical, and somewhat crude statements, followed by Person2 responding with uncertainty. The predicted label was ""No,"" while the true label was 0. Assuming the classification task is binary (e.g., ""Yes"" = 1, ""No"" = 0), the model predicted ""No"" but the true label was 0, which seems consistent. However, since the prompt says the input was misclassified, it suggests the model's prediction did not match the true label.

Reflecting on the error:

1. **Likely Misunderstood Aspect:**
   - The dialogue is complex, with abstract and morally ambiguous content.
   - The model",0.8187217712402344,300,,
98,"Person1: Yes, that's the way to win the locals back to our side.
Person2: I demand action.
Person1: No, you demand results. They are not the same thing. And if you want results, you will let me do my job as I see fit. Unless of course,  You want this fool to saddle up and take another run at it?
Person2: Can't you tell me anything?
Person1: It's going to be a long spring.",1,Yes,1,True,"In this case, the predicted label was ""Yes,"" while the true label was ""1."" Assuming that the task involves binary classification where ""Yes"" corresponds to one class and ""1"" corresponds to another (or that ""Yes"" was an incorrect label instead of the correct ""1""), the error likely stems from a misunderstanding of the context or the labeling scheme.

Reflection on the error:

1. Ambiguity in Labels: The predicted label ""Yes"" and the true label ""1"" might represent different classes or formats. If ""Yes"" was used as a predicted label instead of a numeric label ""1,"" the model might have confused label formats or misunderstood the classification scheme.

2. Contextual Understanding: The dialogue involves a nuanced exchange about",0.7116949558258057,300,,
99,"Person1: Look, I just wanted to say, I think it's great you're riding again. And... and I think I know why you, you needed to do it alone... without anyone knowing...
Person2: Yeah, you know everything!!
Person1: STOP IT! Why can't I talk to you!!
Person2: NO, YOU STOP IT! Stop pretending like you care! Like this really isn't about you and Tom.
Person1: WHAT?! How can you --  I'm sorry if my friendship with Tom bothers you so much, but I happen to value having someone to talk to, especially when my own daughter ignores me night and day because no matter what I say, it's wrong and no matter what I do, it's wrong... I'm sorry I'm such a disappointment to you.
Person2: Well, now you know what it feels like.",1,Yes,1,True,"In this case, the predicted label was ""Yes"" while the true label was ""1."" Assuming the task involves binary classification where ""Yes"" corresponds to one class and ""1"" corresponds to the other, the model confused the classes. Alternatively, if ""Yes"" and ""1"" are meant to represent the same class, then the error might be in formatting or interpretation.

Focusing on the content, the dialogue is emotionally charged, involving conflict, frustration, and personal grievances between two people. The conversation touches on themes of misunderstanding, emotional pain, and strained relationships.

**What was likely misunderstood?**

1. **Emotional nuance and context:** The model may have failed to fully grasp the emotional complexity and the underlying tension in the conversation.",0.9196920394897461,300,"Playing Victim Role,Brandishing Anger,Accusation",
100,"Person1: Miss Beaufort has accepted our invitation.  By this we can only suppose that she wishes to come -- as we wish her to be here.
Person2: Your Majesty has had many women --
Person1: That is my desire, and my desire is what should concern you, not the sentiments of some commoner!
Person2: It is not Raoul's heart alone that concerns me.  It is yours.  I know you find women compliant -- especially the poorer ones like Michelle.  But do they love you?  Do you love them?  What about a queen to love?  A son of your own?
Person1: What quaint notions, d'Artagnan! But they contradict my father, who picked his queen when he was old, and only then to bear me.
Person2: There is more to love than he knew, or that you know.
Person1: You dare criticize my father?!  Or lecture me?!
Person2: Not criticize -- plead.  Love.  Love your people, and you will not bear to see them hungry.  Love women, and they will love you.  Love yourself, and --
Person1: That is enough!  You are a good servant, d'Artagnan, but you forget your place!
Person2: At least help Raoul.
Person1: Silence!  I order you!
Person2: Order Fromberge to keep him in safety!  It is the least you can do, to protect your own honor!
Person1: I will consider it.  Now leave me.
Person2: Thank you, your Majesty.",1,No,1,True,"In this dialogue, the predicted label was ""No"" while the true label was ""1"" (presumably ""Yes"" or indicating the presence of a certain feature, such as a particular theme or relationship). The misclassification suggests that the model failed to recognize the key elements or underlying context that warranted a positive label.

Reflection on the error:

1. **Likely Misunderstanding:**
   - The conversation is between a monarch (Person1) and a close advisor or servant (Person2, d'Artagnan). The dialogue revolves around themes of love, duty, loyalty, and concern for the monarch’s personal and political decisions.
   - The model may have missed the nuanced emotional and relational dynamics, such as the advisor pleading for",0.9179561138153076,300,Brandishing Anger,
101,"Person1: How come I can't remember?
Person2: Because I took it out of your memory.
Person1: Why --
Person2: -- Because there'll be no remorse. Not in my world.",0,Yes,0,True,"In this example, the conversation involves a somewhat cryptic exchange about memory removal and the absence of remorse. The predicted label was ""Yes,"" but the true label is ""0,"" indicating that the model incorrectly identified the input as belonging to a certain class (likely a positive or affirmative class) when it should not have.

**Likely Misunderstanding:**

1. **Context and Tone:** The dialogue has a somewhat dark or ominous tone (""Because I took it out of your memory,"" ""no remorse""), which might have been misinterpreted as an affirmation or agreement (""Yes"") rather than a neutral or negative response.

2. **Literal vs. Figurative Meaning:** The model may have taken the phrase ""Because I took it out of",1.0638020038604736,300,,
102,"Person1: You guys are crazy.  What the hell you play that stupid game for?
Person2: What game, Cobb?...I'm on my way to Nirvana...
Person1: You're on your way somewhere all right...the looney bin.
Person2: I'm on the way to the looney bin?  Hey, man, I'm not the dude sun bathing in his clothes.",1,No,0,True,"In this dialogue, the key issue likely stemmed from misunderstanding the nature of the interaction and the context of the conversation. The input contains a back-and-forth exchange with some teasing and sarcastic remarks, but it is not overtly aggressive or hateful. The true label is ""1,"" which presumably indicates the presence of some form of toxicity, hostility, or negativity, while the predicted label was ""No,"" indicating a non-toxic or neutral classification.

Reflection on the error:

1. **Misinterpretation of Tone and Context:**  
   The conversation includes phrases like ""You guys are crazy,"" ""What the hell you play that stupid game for?"" and ""You're on your way somewhere all right...the looney bin."" These statements are somewhat confront",0.8920140266418457,300,"Shaming or Belittlement,Accusation",
103,"Person1: Do you take sugar?
Person2: Yes, two please. I'm sorry, I didn't mean to pry, it's just that I really loved your book",0,No,0,True,"Let's analyze the input and the misclassification:

Input:
Person1: Do you take sugar?
Person2: Yes, two please. I'm sorry, I didn't mean to pry, it's just that I really loved your book

Predicted: No  
True label: 0

---

Reflection:

1. **Understanding the task and labels**:  
   The true label is 0, and the predicted label was ""No."" Without explicit context, it seems the task might be to classify whether the response is an answer to the question or whether the response is relevant or appropriate.

2. **What was likely misunderstood?**  
   - The question ""Do you take sugar?"" is a straightforward yes/no question.  
   - Person2 answers """,0.7177951335906982,300,,
104,"Person1: I don't know what you're into with the King Pin, but whatever it is we get a piece, understand? We get a big piece. If we find out you're keeping us out, I may suddenly develop a conscious and give you up to Moonan myself. Say something stupid if we got a deal, Jake.
Person2: Something stupid.
Person1: Good boy.",1,Yes,1,True,"Reflecting on the misclassification:

1. What was likely misunderstood?  
The input is a dialogue where Person1 is essentially negotiating or confirming a deal with Person2, with a somewhat threatening undertone (""If we find out you're keeping us out, I may suddenly develop a conscious and give you up to Moonan myself""). Person2 responds with ""Something stupid,"" which seems to be an acknowledgment or compliance with Person1's prompt (""Say something stupid if we got a deal, Jake""). The predicted label was ""Yes,"" but the true label was ""1."" This suggests that the model may have confused the label meanings or the task's label encoding. Possibly, the model interpreted ""Yes"" as a positive or affirmative label, but the true label",0.9219191074371338,300,,
105,"Person1: Will you keep feeding me?  How long can you live like that?  Until it kills you?  Until I kill you? Without your blood I'll go back.
Person2: We don't know that --
Person1: I know it.  What do you want, Robert?",0,Yes,1,True,"In this case, the input appears to be a snippet of dialogue between two people, with Person1 speaking in a somewhat threatening or intense manner, mentioning feeding, killing, and blood. The predicted label was ""Yes,"" but the true label was ""0"" (likely meaning ""No"" or negative classification).

Reflection on the error:

1. **Likely Misunderstanding:**
   - The model probably misinterpreted the aggressive or intense tone and the mention of ""feeding,"" ""killing,"" and ""blood"" as an affirmative or positive response (""Yes"").
   - It may have focused on the presence of a question (""What do you want, Robert?"") and assumed an affirmative answer or agreement.
   - The model might have failed",0.7528729438781738,300,,
106,"Person1: Listen to me. Your mother must never know. Never.
Person2: Okay.
Person1: Did you hide the letters?
Person2: Yes. They're in this antique doll house in my room.
Person1: I want you to make me copies of his letters and bring them to me.
Person2: Why?
Person1: Cecile if there's one thing I'm great at it's love letters. With my help, he'll be eating out of the palm of your hand. Perhaps we can arrange a little get together for the two of you at my house.
Person2: You'd do that for me?
Person1: Of course I would. We're friends, right?
Person2: Best friends.",1,Yes,1,True,"In this dialogue, the predicted label was ""Yes"" (likely indicating a positive or affirmative classification), while the true label was ""1"" (which presumably corresponds to a different or more specific category). The mismatch suggests a misunderstanding of the task or the label meanings.

Reflection on the error:

1. Ambiguity in Label Interpretation:  
   The predicted label ""Yes"" seems to be a generic affirmative response, whereas the true label ""1"" might represent a specific class or category (e.g., presence of a certain theme, relationship type, or intent). The model may have defaulted to a simple affirmative classification rather than identifying the nuanced category intended by the true label.

2. Misunderstanding Context and Intent:  
   The conversation involves",0.778282642364502,300,Persuasion or Seduction,"Naivete,Dependency"
107,"Person1: Wait until I tell my friends I had you naked in my arms.  Won't they be surprised?
Person2: I haven't done a damn thing with you!
Person1: Oh, but you have.  You undressed for me.  I kissed you.  I even touched your prick.  How will you be able to live with yourself?",1,Yes,1,True,"In this case, the input dialogue involves a conversation with sexual content and some level of coercion or non-consensual implication. The predicted label was ""Yes,"" while the true label was ""1."" Assuming the task was to classify whether the content is sexually explicit or contains inappropriate sexual content, the predicted label ""Yes"" and true label ""1"" might actually be consistent if ""1"" corresponds to ""Yes"" or ""positive"" for the presence of such content.

However, if the predicted label ""Yes"" was meant to indicate something else (e.g., consent, agreement, or a different classification), then the error likely stems from misunderstanding the nuances of the conversation—specifically, the tension between Person2's denial and Person1's",0.8153090476989746,300,"Shaming or Belittlement,Intimidation",
108,"Person1: He had a gun.  I have it now.
Person2: Why are you telling him that.  Are you crazy?
Person1: The rest of the money is here in the car.  Why don't you come and get it?",0,No,0,True,"Let's analyze the misclassification carefully.

Input:
Person1: He had a gun. I have it now.
Person2: Why are you telling him that. Are you crazy?
Person1: The rest of the money is here in the car. Why don't you come and get it?

Predicted: No  
True label: 0

---

### Reflection on the error:

1. **Understanding the labels:**  
   The predicted label was ""No,"" and the true label was ""0."" Assuming ""No"" and ""0"" represent the same class (e.g., ""No"" = 0), the prediction and true label might actually be aligned. However, if ""No"" and ""0"" are different labels, then the model",0.7416090965270996,300,,
109,"Person1: Your Spanish is good enough. You certainly look the part.
Person2: You're crazy. People would hire a has-been, Ray? A drunk?
Person1: Well, you'd have to keep it under control.
Person2: And what if, just say, there was a kidnap attempt?
Person1: You do your best. They won't be paying you enough to perform miracles.",1,No,0,True,"In this dialogue, the key issue likely lies in the interpretation of the underlying context and the subtle implications of the conversation. The predicted label was ""No,"" but the true label is ""1,"" indicating that the correct classification should have recognized some form of agreement, acceptance, or positive response.

Reflection on the error:

1. Misunderstood Context:  
   The conversation involves Person1 complimenting Person2's Spanish and appearance, followed by a skeptical response from Person2 about being hired despite personal flaws. Person1 then downplays the risks and expectations, suggesting a pragmatic acceptance of the situation. The exchange implies a negotiation or tentative agreement about a challenging role or task.

2. Overlooking Implicit Agreement:  
   The prediction of ""No""",0.7890520095825195,300,Persuasion or Seduction,
110,"Person1: You better bring him home, if you really love him. Don't kill love. You'll regret it for the rest of your life.
Person2: Who said anything about love?",0,Yes,1,True,"In this example, the input exchange is:

Person1: ""You better bring him home, if you really love him. Don't kill love. You'll regret it for the rest of your life.""
Person2: ""Who said anything about love?""

The predicted label was ""Yes,"" but the true label is ""0.""

Reflection on the error:

1. Likely Misunderstanding:
- The model probably interpreted Person1's statement as an expression of love or affirmation of love, and Person2's response as agreement or continuation of that sentiment.
- However, Person2 explicitly denies that love is involved (""Who said anything about love?""), which negates the premise of Person1's statement.
- The model may have focused on the presence of the",0.870236873626709,300,,
111,"Person1: Hi!
Person2: We had a date.
Person1: We did...?
Person2: Where have you been...
Person1: I've been thinking.
Person2: Where have you been, we had a date for three...where have you been...?
Person1: I have to tell you something...
Person2: Well, I know, because they told me you were with that writer from the, you see, this is what I mean, the whole town has been warped by the, by, by the presence of the movie company, they holler, and we jump, you have a date, they call, you're doing business nine o'clock at night.  It isn't...
Person1: I wasn't doing business.
Person2: Oh.  What were you doing, then, that's so important that you shouldn't call your fian...
Person1: It's all over between us, Doug, I'm sorry, but that's the truth.  I've found someone else, and, it's very serious and it's the end.  I'm sorry.  It isn't you, j...
Person2: Wai...It's so serious you couldn't call to tell me you'd be...what...?  What did you say...?
Person1: It's all over between us.  I've found someone else.
Person2: Let me review here. You're...what are you...you've...it's all over between us?
Person1: I'm sorry.
Person2: Who is this person that you've found?
Person1: He works on the movie.
Person2: No.  Don't tell me that.
Person1: I'm sorry.
Person2: Why, you whore!",1,Yes,1,True,"In this dialogue, the predicted label was ""Yes,"" while the true label was ""1."" Without explicit context on what these labels represent, it seems the model was tasked with a binary classification (e.g., ""Yes"" vs. ""No"" or ""0"" vs. ""1""). Given the conversation's content—an emotional breakup with accusations and strong language—the true label ""1"" likely indicates a negative or conflict-related classification, while ""Yes"" might have been interpreted as a positive or affirmative response.

**What was likely misunderstood?**

1. **Emotional tone and conflict:** The model may have focused on surface-level cues such as the presence of a ""date"" or relationship context and misinterpreted the overall sentiment. The dialogue",0.9388859272003174,300,"Shaming or Belittlement,Brandishing Anger",Low self-esteem
112,"Person1: He didn't mean it. You know Johnny. He's always been a hothead --
Person2: It's not him. It's them.  I can't live like this.
Person1: Just give Reed a little more time. You know how he works -- analyzing every little step before he takes one --
Person2: It's easy for you to be patient.
Person1: No, it's not. I thought I was done waiting for Reed... We're all in this together now, Ben.",1,No,0,True,"In this dialogue, the key issue likely stemmed from misunderstanding the nature of the interaction and the implied sentiment or agreement between the speakers.

The conversation shows Person1 encouraging patience and unity (""Just give Reed a little more time,"" ""We're all in this together now, Ben""), while Person2 expresses frustration (""It's not him. It's them. I can't live like this,"" ""It's easy for you to be patient""). The true label is 1, which presumably indicates some form of agreement, support, or positive resolution.

The misclassification as ""No"" suggests that the model may have focused too heavily on Person2's frustration and negative statements, overlooking the overall cooperative and reconciliatory tone Person1 is trying to establish. The model might have interpreted",0.8956830501556396,300,"Rationalization,Persuasion or Seduction",Naivete
113,"Person1: Fucking.  She says fucking in front of an entire room of people.
Person2: I said I was sorry.
Person1: Did you hear it?",1,No,1,True,"In this example, the input involves a conversation where Person1 is emphasizing that Person2 said ""fucking"" in front of an entire room of people, and Person2 apologizes. The key question is whether Person1 heard the word ""fucking"" or not.

The predicted label was ""No,"" indicating that Person1 did not hear the word, but the true label was ""1"" (likely meaning ""Yes,"" Person1 did hear it).

**What was likely misunderstood?**

- The model probably misunderstood the context of the conversation. Person1 is clearly upset about Person2 saying ""fucking"" aloud, which implies that Person1 did hear it.
- The question ""Did you hear it?"" from Person1 is rhetorical or directed at",0.7579898834228516,300,,
114,"Person1: This is the mortgage.  This is Cindy's college money.
Person2: I understand.
Person1: Sometimes you can't know what I'm doing.  It's better that way.
Person2: I know.
Person1: It's a missing persons case... a long shot.  I'll give it two months, two months at most, then I'll be back.  We'll take a vacation.
Person2: Why the gun?
Person1: I'm not gonna need it.  I won't even wear it.  It's a precaution.  Don't worry about me.",0,Yes,0,True,"In this dialogue, the model predicted ""Yes"" (likely indicating some affirmative classification, such as presence of threat, violence, or intent to use a weapon), but the true label was ""0"" (indicating absence of that).

Reflection on the error:

1. **Misunderstood Context of the Gun**: The conversation mentions a gun, which can often be a strong signal for threat or violence. However, Person1 explicitly says, ""I'm not gonna need it. I won't even wear it. It's a precaution. Don't worry about me."" This suggests the gun is not intended for use, but rather as a safety measure.

2. **Tone and Intent**: The dialogue is about a missing persons case and a planned absence (""I'll",0.8370115756988525,300,,
115,"Person1: I'm wise to your tricks, lady.
Person2: I could force you.
Person1: If that worked, you would've done it already. No, you want me to drink it of my own free will. Well let me tell you, sweetheart, it'll be a cold day in hell before I fall for that one again.
Person2: Go on,  talk big! I'll soon have you purring like a kitten.",0,Yes,0,True,"In this dialogue, the predicted label was ""Yes"" (likely indicating agreement, compliance, or a positive outcome), but the true label was ""0"" (likely indicating disagreement, refusal, or a negative outcome). Reflecting on the error:

1. What was likely misunderstood?  
- The model probably misinterpreted the assertive and confrontational tone of Person1 as eventual compliance or submission. Phrases like ""I'll soon have you purring like a kitten"" from Person2 might have been seen as successful persuasion or dominance, leading the model to predict a positive or affirmative label.  
- However, Person1 explicitly rejects the attempt (""it'll be a cold day in hell before I fall for that one again""), indicating strong resistance rather than",0.878122091293335,300,,
116,"Person1: Why do you feel that Truman's never come close to discovering the true nature of his world?
Person2: We accept the reality of the world with which we're presented.  As the show expanded, naturally we were forced to manufacture ways to keep Truman in Seahaven - demonstrating that every venture is accompanied by a risk.",0,No,0,True,"Let's analyze the misclassification:

Input:
Person1: Why do you feel that Truman's never come close to discovering the true nature of his world?
Person2: We accept the reality of the world with which we're presented.  As the show expanded, naturally we were forced to manufacture ways to keep Truman in Seahaven - demonstrating that every venture is accompanied by a risk.

Predicted: No  
True label: 0

---

Reflection:

1. **Understanding the labels:**  
   The true label is ""0,"" which presumably corresponds to ""Yes"" or an affirmative/agreeing response, while the predicted label ""No"" suggests a negative or disagreeing response.

2. **What was likely misunderstood?**  
   The model likely mis",0.8703939914703369,300,,
117,"Person1: Pick it up... Pick it up. Pick it-
Person2: Hello.
Person1: Audrey, listen, I need help. I know it's late and I shouldn't be calling you like this  believe me I wouldn't have if I could see any other alternative, but I  I'm sorry - listen, how are you  I'm sorry. You doing okay?
Person2: ...Who is this?
Person1: Barton. I'm sorry, it's Barton Fink.",0,No,0,True,"In this dialogue, the task was likely to determine whether the conversation contains a certain feature or meets a specific criterion (e.g., whether it is a ""No"" or ""0"" label, which might correspond to ""No"" for a particular attribute). The predicted label was ""No,"" but the true label was ""0,"" which presumably corresponds to the same or a similar category (depending on the labeling scheme, ""No"" and ""0"" might be equivalent or different).

Reflection on the error:

1. **Misunderstanding the labels:**  
   The predicted label was ""No,"" while the true label was ""0."" If these labels are meant to represent the same class (e.g., ""No"" = 0), then the",0.985713005065918,300,,
118,"Person1: ...I don't know.  Tell her you had to see her.  Tell her you don't care if she's married or not, you had to be with her. Sweet talk the woman.  A young buck like you must be good at that.  Then ... maybe shift the conversation.  Get her thinking about that jeep of hers.  She loves that thing.  Maybe the only thing she does love. She'll want to take you for a ride.
Person2: I know you're not surprised I'm back here, cause you can read my mind and all.",1,Yes,1,True,"In this case, the predicted label was ""Yes,"" but the true label was ""1."" Assuming the task involves binary classification where ""Yes"" corresponds to one class and ""1"" corresponds to another (or that ""Yes"" and ""1"" are meant to represent different classes), the model likely misunderstood the context or the intent behind the dialogue.

Reflection on the error:

1. Ambiguity in Labels: The predicted label ""Yes"" and the true label ""1"" might represent different classes, but the model may have conflated them or misinterpreted the label format. Clarifying label definitions and ensuring consistent encoding is important.

2. Contextual Nuance: The dialogue involves subtle emotional and relational cues—talking about sweet-talking",0.8176600933074951,300,Persuasion or Seduction,
119,"Person1: I've explained the situation to Mr. Mitchell up to a point.  Now about this Mayfield girl?
Person2: She's a suspect, naturally.  But not the only one.
Person1: She's the only one who had a dead man in her room.  The only one who won't give an account of herself. The only one who tried to run away. And the only one, so far, I've been told, who went to such lengths to disguise her identity that she even removed the labels from her clothes.  What more do you want?",1,No,0,True,"In this dialogue, the key point revolves around whether the Mayfield girl is a suspect or not. Person2 explicitly states she is a suspect, and Person1 provides multiple reasons reinforcing her suspicious behavior. The true label ""1"" likely indicates that the correct classification should acknowledge the suspicion or guilt implied.

The misclassification as ""No"" suggests that the model or classifier misunderstood the context or the question being asked—possibly interpreting the conversation as denying suspicion or innocence rather than confirming suspicion.

What was likely misunderstood:
- The model may have focused on the initial phrase ""She's a suspect, naturally,"" but then got confused by the subsequent elaboration, or it may have misinterpreted the question or label criteria.
- The model might have treated the conversation as",0.759984016418457,300,Persuasion or Seduction,
120,"Person1: I'm in, too.
Person2: Cleo!
Person1: Kansas is right.  We're like sisters -- we're closer than sisters.  And you don't turn your back on family.",0,Yes,0,True,"In this example, the input dialogue involves Person1 and Person2 exchanging emotionally charged statements about closeness and loyalty (""we're like sisters,"" ""you don't turn your back on family""). The predicted label was ""Yes,"" but the true label was ""0.""

Reflection on the error:

1. **Likely Misunderstanding:**
   - The model probably interpreted the strong emotional language and expressions of closeness as an indication of agreement or affirmation (""Yes"").
   - It may have conflated emotional intensity or relational closeness with a positive or affirmative response.
   - The model might have focused on the presence of affirming phrases (""I'm in, too,"" ""we're closer than sisters"") without fully understanding the context or the specific task criteria for",0.9368929862976074,300,,
121,"Person1: Don't even tell me you're hot for Miss Titty Pom Poms over there.
Person2: Christy's a very talented journalist. I see a Pulitzer in her future.
Person1: I didn't know they gave them for Best Lip Gloss Retention During a Blow Job.
Person2: Me-ow.
Person1: Go ahead. Ask her to the prom. Get it over with.
Person2: I have absolutely no intention--
Person1: --Do it. I triple-dog-dare you.",1,Yes,0,True,"In this dialogue, the predicted label was ""Yes,"" while the true label was ""1."" Assuming the labels represent binary classification (e.g., ""Yes"" = 0 and ""1"" = 1, or vice versa), the key issue is that the model misinterpreted the conversational tone or intent.

Reflection on the error:

1. Ambiguity in Labels: The predicted label ""Yes"" and true label ""1"" might represent the same or different classes depending on the labeling scheme. Clarifying the label definitions is crucial.

2. Misinterpretation of Sarcasm and Tone: The conversation is sarcastic and teasing, with Person1 challenging Person2 to ask Christy to the prom. The model may have misread the",1.124863862991333,300,Persuasion or Seduction,
122,"Person1: Are you two all right? Did you see that!? They left! We made it! I think we made it!
Person2: They'll be back.
Person1: Oh, come on! Can't you be happy for one split second? They're gone!",1,No,0,True,"In this dialogue, Person1 expresses relief and happiness that ""they left"" and ""we made it,"" while Person2 responds with a more cautious or pessimistic view, saying ""They'll be back."" The true label is 1, which likely indicates a positive or affirmative classification (e.g., agreement, success, or positive outcome), but the model predicted ""No,"" possibly indicating a negative or disagreement classification.

**What was likely misunderstood?**  
The model probably focused on Person2's skeptical or negative response (""They'll be back"") and overlooked Person1's overall positive sentiment and excitement. The presence of a negative or cautionary statement from one speaker may have caused the model to misclassify the entire exchange as negative or non-affirm",0.9121079444885254,300,Evasion,
123,"Person1: Marry Christmas.
Person2: Thank you.  I thought you were avoiding me.
Person1: What gave you that idea?
Person2: In the last six weeks you've only been in my elevator once -- and then you didn't take your hat off.
Person1: Well, as a matter of fact, I was rather hurt when you stood me up that night --
Person2: I don't blame you. It was unforgivable.
Person1: I forgive you.
Person2: You shouldn't.
Person1: You couldn't help yourself. I mean, when you're having a drink with one man, you can't just suddenly walk out on him because you have another date with another man. You did the only decent thing.
Person2: Don't be too sure. Just because I wear a uniform -- that doesn't make me a Girl Scout.
Person1: Miss Kubelik, one doesn't get to be a second administrative assistant around here unless he's a pretty good judge of character -- and as far as I'm concerned, you're tops. I mean, decency-wise -- and otherwise-wise.  Cheers.
Person2: Cheers.",0,No,0,True,"Reflection on the misclassification:

The input appears to be a dialogue between two people with some emotional undertones and references to personal interactions, but the predicted label was ""No"" while the true label was ""0."" Assuming the task involves classifying whether the dialogue contains a certain feature (e.g., a specific sentiment, relationship status, or topic), the model likely misunderstood the context or the subtle cues in the conversation.

What was likely misunderstood:
- The model may have failed to recognize the underlying emotional complexity and the implied reconciliation or forgiveness happening in the dialogue.
- The references to personal hurt, forgiveness, and character judgment suggest a nuanced interpersonal relationship, which might have been overlooked.
- The model might have focused on surface-level content (e.g.,",0.7040629386901855,300,,
124,"Person1: You guys. You ruined me. I'm done for. Permanent package boy.
Person2: Who says that? You could take credit for it.
Person1: What, are you serious?
Person2: Yeah, forget it. If you think about it, it's all you can really do. You can't tell him it was us. Go in boasting and stuff.",0,No,0,True,"In this case, the input dialogue appears to be a casual conversation with some emotional undertones, but it does not clearly indicate any harmful, abusive, or inappropriate content. The true label is 0 (likely meaning ""No"" for a certain classification, such as ""not toxic"" or ""not harmful""), but the model predicted ""No"" as well, which seems consistent. However, you mentioned a misclassification, so perhaps the predicted label was incorrect in the original context.

Assuming the predicted label was ""Yes"" (or positive for toxicity) and the true label was 0 (negative for toxicity), the error likely arose from misunderstanding the emotional tone or figurative language. Phrases like ""You ruined me"" and ""I'm done for",1.0163962841033936,300,,
125,"Person1: And this is the thanks I get.  I did you a favor.  You never wanted to marry that joker in the first place.
Person2: That's not the point.  And what if I had wanted to?
Person1: If you had wanted to, you'd have gone home.",1,Yes,1,True,"Let's analyze the misclassification carefully.

Input dialogue:
Person1: ""And this is the thanks I get. I did you a favor. You never wanted to marry that joker in the first place.""
Person2: ""That's not the point. And what if I had wanted to?""
Person1: ""If you had wanted to, you'd have gone home.""

Predicted label: Yes  
True label: 1

Assuming the task is to classify whether the dialogue contains agreement or not (or a similar binary classification), the predicted label ""Yes"" likely corresponds to agreement, while the true label ""1"" might correspond to disagreement or vice versa. Since the predicted and true labels differ, the model misunderstood the nature of the interaction.

**What",0.7288680076599121,300,Shaming or Belittlement,
126,"Person1: Look, old man, you stay out of this. We spend a fortune on you, more than we can possibly afford, and all you do is criticize, morning to night. And then you think you can -
Person2: Stanzi!
Person1: No, it's right he should hear. I'm sick to death of it. We can't do anything right for you, can we?",1,Yes,1,True,"In this case, the input dialogue involves a tense exchange where Person1 is expressing frustration and criticism toward Person2, who is referred to as ""old man."" Person1 accuses Person2 of constant criticism despite the sacrifices made for him. Person2 attempts to intervene by saying ""Stanzi!"" but Person1 continues, emphasizing their exhaustion and the feeling that nothing they do is appreciated.

The predicted label was ""Yes,"" while the true label is ""1."" Assuming the labels represent a binary classification task (e.g., ""Yes"" = 0 and ""1"" = 1, or vice versa), the key issue is that the model misclassified the sentiment or the nature of the interaction.

**Likely Misunderstanding:**

- The",0.7484869956970215,300,,Over-responsibility
127,"Person1: Sorry it took me so long on the phone. But we're all set.
Person2: All set for what?
Person1: I rented a car -- it's going to be here at one o'clock -- we're driving to Atlantic City.
Person2: Atlantic City?
Person1: I know it's a drag -- but you can't find a hotel room in town -- not on New Year's Eve.
Person2: Ring out the old year, ring in the new. Ring-a-ding-ding.
Person1: I didn't plan it this way, Fran -- actually, it's all Baxter's fault.
Person2: Baxter?
Person1: He wouldn't give me the key to the apartment.
Person2: He wouldn't.
Person1: Just walked out on me -- quit -- threw that big fat job right in my face.
Person2: The nerve.
Person1: That little punk -- after all I did for him! He said I couldn't bring anybody to his apartment -- especially not Miss Kubelik. What's he got against you, anyway?
Person2: I don't know. I guess that's the way it crumbles -- cookie-wise.
Person1: What are you talking about?
Person2: I'd spell it out for you -- only I can't spell.",0,No,0,True,"In this dialogue, the predicted label was ""No,"" while the true label was 0. Assuming the task was to classify whether the conversation contains a certain feature (e.g., a specific sentiment, intent, or topic), the misclassification suggests a misunderstanding of the dialogue's context or tone.

Reflection on the error:

1. **Context and Subtext Misinterpretation**: The conversation involves planning a trip to Atlantic City on New Year's Eve due to lack of hotel availability, frustration with Baxter quitting and not giving the apartment key, and some playful banter (""Ring out the old year, ring in the new. Ring-a-ding-ding."" and ""I'd spell it out for you -- only I can't spell.""). The dialogue contains elements",0.5869557857513428,300,,
128,"Person1: He couldn't look at me.  But I looked at him.  Right at him.  His secret was mine now.  We used to share it.  But not anymore.  Now, I owned it completely.
Person2: Well, okay.  I'll take you about nine-thirty in the morning.  That's okay with you?
Person1: Great.",0,No,0,True,"In this example, the input consists of two speakers exchanging dialogue. The first speaker (Person1) delivers a somewhat intense, possibly emotional monologue about a secret and ownership of it, while the second speaker (Person2) shifts the topic abruptly to scheduling a meeting (""I'll take you about nine-thirty in the morning. That's okay with you?""). Person1 then responds affirmatively.

The predicted label was ""No,"" but the true label is ""0."" Assuming the classification task involves determining whether the dialogue contains a particular feature (e.g., a specific type of interaction, agreement, or sentiment), the model likely misunderstood the context or the shift in topic.

**What was likely misunderstood?**

- The model may have focused too heavily on the",0.7782201766967773,300,,
129,"Person1: Oh, yes - you - you wanted to go home, huh?
Person2: Oh, no, I wanted to go along with you.
Person1: Oh --
Person2: Nobody cares about me at home. They wouldn't even miss me.
Person1: Aw, come, come, come --
Person2: No, they won't - honestly.
Person1: Oh --
Person2: Auntie Em was even going to let them kill Toto yesterday for biting Miss Gulch. Oh, please, Professor, why can't we go with you and see all the Crowned Heads of Europe?
Person1: Do you know any?  Oh, you mean the thing -- Yes, well, I -- I never do anything without consulting my crystal first. Let's....",0,Yes,0,True,"Reflection on the error:

The input dialogue appears to be an excerpt from a conversation with a somewhat whimsical or nostalgic tone, referencing characters like Auntie Em and Toto, which are from ""The Wizard of Oz."" The predicted label was ""Yes,"" but the true label was ""0."" Without knowing the exact classification task, it seems the model likely misinterpreted the sentiment, intent, or context of the conversation.

What was likely misunderstood:

1. Context and References: The model may have failed to recognize the cultural or narrative context (e.g., references to Auntie Em and Toto), which could be crucial for understanding the tone or intent.

2. Sentiment or Intent: The conversation includes expressions of loneliness and a desire to go along, but",0.6948897838592529,300,,
130,"Person1: What are you doing out there? Are you crazy?
Person2: There's been a bad accident.
Person1: In English, Enrique. We're in the United States--
Person2: I have some friends who have had a accident--
Person1: You have somebody else out there?
Person2: We was by the river? And I hear my friend callin' for help, and I look and she has falling in the water--
Person1: Don't tell me lies, Enrique. Que paso?
Person2: We was crossin' the river--",0,No,0,True,"In this dialogue, the key question is whether the conversation involves a ""misunderstanding"" or ""miscommunication"" between the speakers. The true label is 0, which presumably means ""No"" to misunderstanding or miscommunication, but the predicted label was ""No"" as well, so it seems the prediction matched the true label. However, the user says ""You previously misclassified,"" so perhaps the predicted label was ""Yes"" (misunderstanding) and the true label was ""No.""

Assuming that, the error likely arose from misinterpreting the language barrier and the confusion in the conversation as a misunderstanding, when in fact the speakers are trying to clarify a serious situation despite some language difficulties.

What was likely misunderstood:

- The presence",0.90366530418396,300,,
131,"Person1: You have to understand. This was a big shock, for all of us. One minute you're our little boy, of whom we could not be more proud. The next minute you're the owner of this whole pornographic empire.
Person2: But that doesn't make you the boss of everything, son.
Person1: Don't you see how your self involvement and lack of humility are affecting the whole family?",1,Yes,1,True,"In this case, the input is a dialogue between two people discussing a serious family issue involving a ""pornographic empire"" and the dynamics of authority and humility within the family. The predicted label was ""Yes,"" while the true label was ""1."" Assuming that the labels ""Yes"" and ""1"" correspond to different classes (for example, ""Yes"" might mean a positive or affirmative classification, and ""1"" might represent a specific category such as ""conflict"" or ""negative sentiment""), the misclassification suggests a misunderstanding of the tone or content of the conversation.

Likely Misunderstanding:
- The model may have interpreted the conversation as an affirmation or agreement (""Yes"") rather than recognizing the underlying conflict, criticism, or tension present in",0.9115581512451172,300,Accusation,
132,"Person1: I don't know; I can't remember. But I'm sure he loved you.
Person2: Why?
Person1: You wouldn't be here otherwise.
Person2: These chairs are in good condition. With a little varnish and some new covers this one will be quite presentable.",0,No,0,True,"Let's analyze the misclassification step-by-step:

1. **Input Content**:  
   - Person1 expresses uncertainty but affirms a positive sentiment: ""I'm sure he loved you.""  
   - Person2 asks ""Why?"" indicating curiosity or seeking clarification.  
   - Person1 responds with a reason: ""You wouldn't be here otherwise.""  
   - Person2 then shifts the topic abruptly to talking about chairs and their condition.

2. **True Label**: 0 (which likely means ""No"" or ""Negative"" in the classification context)  
   - The true label suggests that the overall interaction or sentiment should be classified as negative or ""No.""

3. **Predicted Label**: No (which might correspond to ""Yes",1.0492267608642578,300,,
133,"Person1: You're late.
Person2: Are you torturing me on purpose?
Person1: I've fallen in love.
Person2: I don't think so. I've fallen in love. This is what people who've fallen in love look like.
Person1: You picked the unrequited variety. Very bad for the skin.
Person2: You're evil, Maxine.
Person1: Do you have any idea what its like to have two people look at you with total lust and devotion through the same pair of eyes? No I don't suppose you would. It's quite a thrill, Craig.",1,No,0,True,"In this dialogue, the key issue seems to be the interpretation of the underlying sentiment or relationship dynamic between the speakers. The conversation revolves around themes of love, unrequited feelings, and emotional complexity, which suggests a positive or at least emotionally charged interaction rather than a negative or neutral one.

The misclassification likely arose from focusing too literally on certain phrases that might seem negative or ambiguous out of context—such as ""You're evil, Maxine"" or ""You picked the unrequited variety. Very bad for the skin."" These lines could be interpreted as playful banter or expressions of emotional pain rather than outright negativity or rejection.

What was likely misunderstood:
- The emotional nuance and playful tone behind the dialogue.
- The presence of mutual feelings or at",2.0408318042755127,300,,
134,"Person1: Well, your condition's pretty serious.
Person2: So they say. What?
Person1: I'm just looking at you. Does that make you uncomfortable?
Person2: Depends on what you're seeing.",0,No,0,True,"In this dialogue, the predicted label was ""No,"" while the true label was 0. Assuming the task involves detecting a particular condition such as sarcasm, hostility, or some other binary classification, the misclassification suggests that the model misunderstood the tone or intent behind the exchange.

Reflection on the error:

1. Ambiguity in the conversation: The dialogue is somewhat ambiguous and subtle. Person1 comments on Person2's serious condition, then asks if looking at them makes them uncomfortable. Person2 responds with ""Depends on what you're seeing,"" which could imply defensiveness, sarcasm, or guardedness.

2. Misinterpretation of subtle cues: The model likely failed to pick up on the underlying tension or implied meaning in Person2's responses",0.8162271976470947,300,,
135,"Person1: Go home.
Person2: May I see my mother?
Person1: You do not want to be here.  Go home to your father.
Person2: She did not do it... please listen...
Person1: She is guilty.
Person2: No, sir, please... she is innocent...
Person1: She has confessed.
Person2: No.
Person1: She has admitted to her evil and signed a written confession.  Do you know what confession is?  All that is left for you now is to pray for her soul.",0,Yes,0,True,"In this dialogue, the predicted label was ""Yes"" while the true label was ""0"" (likely meaning ""No""). The conversation centers around Person1 insisting that ""she"" is guilty and has confessed, while Person2 is pleading her innocence.

The error likely arose from misinterpreting the nature of the exchange. Person1 is asserting guilt and confession, but Person2 is denying it and pleading innocence. The model may have focused on the repeated mentions of ""confession,"" ""guilty,"" and ""admitted,"" which are strong indicators of guilt, and thus predicted ""Yes"" (guilty or confession accepted). However, the true label is ""0,"" indicating that the correct interpretation is that the confession or guilt is not accepted",1.133829116821289,300,,
136,"Person1: Third.  What you're going to do with your third.
Person2: Yeah.  I meant... You know what I'm going to do with it?  I'm going to buy a Sixty- three 'Vette Stingray.  All tricked out and cherry.  I'm going to be so sweet.
Person1: A car?  You're going to buy a car?",0,No,0,True,"In this case, the input appears to be a short dialogue about someone planning to buy a car (""a Sixty-three 'Vette Stingray""). The predicted label was ""No,"" while the true label was ""0."" Assuming the classification task involves determining whether the input contains a certain feature or meets a specific criterion (e.g., whether the conversation is about a particular topic, or whether the response is affirmative), the misclassification suggests a misunderstanding of the context or the labeling scheme.

Possible misunderstandings:
1. Label Interpretation: The predicted label ""No"" and true label ""0"" might represent the same or different classes depending on the task. If ""No"" was interpreted as a negative class and ""0"" as a neutral or negative class",0.7827310562133789,300,,
137,"Person1: Annette, how long have we known each other?
Person2: Forever.
Person1: Now it's my job to look out for you. You're like a kid sister to me. Do I look like some kind of gossip queen?",0,Yes,0,True,"In this dialogue, Person1 asks, ""Do I look like some kind of gossip queen?"" which is a rhetorical question intended to deny being a gossip. The predicted label ""Yes"" likely interpreted this question as an affirmative answer to being a gossip queen, which is incorrect.

The misunderstanding likely arose from treating the question literally rather than recognizing it as a rhetorical device used to emphasize that Person1 is not a gossip. The true label ""0"" indicates that the correct interpretation is a denial or negation.

To avoid this error, the model should be better at detecting rhetorical questions and understanding their implied meaning rather than their literal wording. Incorporating context-aware language understanding and pragmatic cues would help distinguish between genuine affirmations and rhetorical denials. Training on more",0.7901887893676758,300,,
138,"Person1: You shut up. Who do you think you are?
Person2: There's a bomb here. It's going to go off at seven-thirty.",0,No,0,True,"In this example, the input consists of two statements:

Person1: ""You shut up. Who do you think you are?""  
Person2: ""There's a bomb here. It's going to go off at seven-thirty.""

The predicted label was ""No,"" but the true label is 0. Assuming the task is to classify whether the conversation contains a threat or some form of aggression, the true label 0 likely corresponds to ""No"" or ""No threat,"" but the predicted label was ""No"" as well, which seems consistent. However, since the user says the prediction was a misclassification, it suggests that the model's output did not match the true label.

Alternatively, if the labels are numeric (0 or 1),",0.8575823307037354,300,,
139,"Person1: Honey, Rose was born on a farm and has terrible memories of farm life. Now I don't think --
Person2: Just a minute, Rose, you don't understand. This isn't a dirt farm like the one you were born on, it's nice. A neighbor of Cousin Hop's, I talked to him on the phone, a fine man... it's not a farm, damn it, it's a beautiful dairy establishment! Stop crying, Rose! Do you hear me? Stop crying, it's ideal!
Person1: I don't know how you can call it ideal -- don't you know what the word ""farm"" means to her?
Person2: I don't give a hoot in hell's hollow what it means to her! She can't stay in this house forever! I fired her, damn it!
Person1: It sounds like a farm to me. Calling it a dairy establishment, that's just trickery and flummery.
Person2: Trickery and flummery or not, she's going there tomorrow on the bus! It's settled! And I must say we've been more than fair to you, Rose, it's pretty selfish and mean hearted of you to sit there and cry like that!",1,Yes,1,True,"Reflection on the misclassification:

The input dialogue revolves around a conflict about Rose being sent to a ""farm"" or ""dairy establishment,"" with strong emotional undertones and disagreement between the speakers. The predicted label was ""Yes,"" while the true label was ""1."" Without explicit context on what the labels represent, it seems the model confused the sentiment or the nature of the dialogue.

Likely misunderstanding:
- The model may have misinterpreted the emotional intensity and the negative connotation associated with Rose's situation. The dialogue shows distress, coercion, and a lack of consent, which might indicate a negative or problematic scenario.
- The model might have focused on the repeated mention of ""farm"" and ""dairy establishment"" without grasping the",0.8218917846679688,300,Accusation,
140,"Person1: I don't know, I think I passed out or something.  I don't remember.
Person2: Passed out?  Can't hang, huh?  Boy, I knew you was a lightweight.  Passed out on one funky ass blunt.  They don't make 'em like they used to, baby.",1,No,0,True,"In this dialogue, Person1 mentions ""I think I passed out or something,"" which indicates a loss of consciousness or extreme intoxication. Person2 responds by teasing about being a ""lightweight"" and ""passed out on one funky ass blunt,"" which implies that Person1 was overwhelmed by the substance.

The true label is 1, which likely indicates the presence of substance use or intoxication-related content. The predicted label was ""No,"" meaning the model failed to recognize this as related to substance use or intoxication.

**What was likely misunderstood?**  
The model probably did not correctly interpret the phrase ""passed out"" and the context of ""one funky ass blunt"" as indicators of substance use or intoxication. It may have treated the conversation",0.8724496364593506,300,,
141,"Person1: The Welsh dude, sees all these niggers in perms and diamonds and stuff, he gets nervous. But you folks, he just laughs. All beat up in your babaloo suit like Fruitpie the Magician.
Person2: So we just go eat with him, and that's gonna solve everything?
Person1: Dude, you just gotta settle down. You gotta go and say all that 'Red Dragon' shit. Make him think he's on Barretta.
Person2: Like you were doing any better shucking and jiving like you were waiting for wings outside the Quick and Split.",1,Yes,1,True,"In this case, the input contains highly offensive and racially charged language, including a racial slur and stereotypical references. The predicted label was ""Yes,"" but the true label was ""1"" (assuming ""1"" indicates a negative or problematic classification, such as hate speech or offensive content).

**What was likely misunderstood?**  
- The model may have failed to recognize the severity and offensiveness of the racial slur and the context in which it was used.  
- It might have focused on the conversational or narrative style rather than the harmful content embedded in the language.  
- The presence of slang and coded language (""babaloo suit,"" ""Fruitpie the Magician,"" ""Red Dragon,"" ""Barretta"") might have",0.7690231800079346,300,Shaming or Belittlement,
142,"Person1: I wish you could see the world as I do. Deacon opened my eyes. There's no turning back from that.
Person2: I don't believe that.
Person1: You will. Time is on our side. Sooner or later, the Thirst always wins.",1,Yes,1,True,"Let's analyze the misclassification carefully.

Input:
Person1: I wish you could see the world as I do. Deacon opened my eyes. There's no turning back from that.
Person2: I don't believe that.
Person1: You will. Time is on our side. Sooner or later, the Thirst always wins.

Predicted: Yes  
True label: 1

---

**Reflection on the error:**

1. **Understanding the labels:**  
   The predicted label was ""Yes,"" but the true label was ""1."" It is unclear from the context what ""Yes"" and ""1"" represent exactly, but presumably, ""Yes"" corresponds to a positive or affirmative classification, and ""1"" is the true label (",1.0870671272277832,300,Persuasion or Seduction,
143,"Person1: I'm not interested in what you think.
Person2: You've no right to do this to her, Mr. Cluett. Why don't you think it over? It's only gonna get you into a lot of trouble.
Person1: I tell you, I'm not interested in your opinion.
Person2: No?  Then maybe you'll understand, Mrs. Dickson. Oh, gee, he's crazy about you. Nobody knows it better than you. If he ever finds out, it'll kill him.",1,Yes,1,True,"In this dialogue, the predicted label was ""Yes,"" while the true label was ""1."" Assuming the task involves binary classification where ""Yes"" corresponds to one class and ""1"" corresponds to another, the model likely confused the intended meaning or sentiment behind the conversation.

Reflection on the error:

1. Misunderstanding of Context and Tone:  
   The conversation involves a tense exchange where Person2 is warning Person1 about potential consequences (""It's only gonna get you into a lot of trouble,"" ""If he ever finds out, it'll kill him""). Person1 is dismissive and uninterested in Person2's opinions. The model may have misinterpreted the tone or the underlying threat and emotional weight, leading to an incorrect classification.

2. Amb",0.816300630569458,300,"Persuasion or Seduction,Intimidation",
144,"Person1: Elaborate on 'they,' okay?
Person2: There are all kinds of groups, all kinds of initials.  But they're all part of two warring factions. One: families that have held wealth for centuries. They want one thing.  Stability. Group Two:  the boat rockers. Eisenhower's military industrial complex.  They want instability. It's a trillion dollar a year business.  When there isn't a hot war, they make a cold one.
Person1: Cold War's over, Jerry.
Person2: So now they feed us terrorists. To create fear.  How much do you think an airport security system goes for?  Then multiply it by every airport in the country.
Person1: And you think Group One is at war with Group Two.
Person2: Latest casualty?  Ernest Harriman. You heard of him?
Person1: Sure. One of the richest men in America until he died a few days ago.
Person2: His obituary was in every paper. But not one of them said he was murdered.
Person1: Murdered?
Person2: Right here in Manhattan.
Person1: It said in the paper he drowned in a swimming pool.  In Newport.
Person2: Nobody dies in Newport.  They couldn't even kill Sunny von Bulow there.  Harriman drowned, but it wasn't in Newport.
Person1: Where then?",0,Yes,0,True,"In this case, the predicted label was ""Yes,"" but the true label was ""0."" Without explicit context on what the labels represent, it appears the model likely misclassified the input due to misunderstanding the nature of the conversation.

Reflection on the error:

1. **Likely Misunderstanding:**
   - The dialogue is a complex, conspiratorial discussion involving groups, motives, and a suspicious death. The model may have interpreted the conversation as affirming or agreeing with a statement (hence ""Yes""), possibly because Person1 and Person2 are engaged in a back-and-forth that seems to confirm certain claims.
   - The model might have confused the presence of agreement or confirmation in the dialogue with a positive label, when in fact the",0.717811107635498,300,,
145,"Person1: Hey, Ross.  Tell me something.  Does PG&E pay you to cover their actions, or do you just do it out of the kindness of your heart?
Person2: I don't know what you're talking about.
Person1: The heck you don't.  No one calls me Pattee. That heavy-breathing sicko that called the other night could've only found out about me from you.  People are dying, Ross.  You got document after document here, right under your nose, that says why, and you haven't said word one about it.  I wanna know how the hell you sleep at night.",1,Yes,1,True,"In this case, the input is a dialogue where Person1 is accusing Person2 (Ross) of being complicit or silent about wrongdoing related to PG&E, implying serious consequences (""People are dying""). The predicted label was ""Yes,"" but the true label was ""1."" 

The key issue here is likely a misunderstanding or misinterpretation of the label meanings. The predicted label ""Yes"" and the true label ""1"" suggest a mismatch in label formats or categories. For example, if the task was to classify whether the statement is an accusation, a question, or something else, or to identify sentiment or intent, the model might have confused the label encoding.

Alternatively, if the labels ""Yes"" and ""1"" are meant to represent",1.3321430683135986,300,"Denial,Accusation",
146,"Person1: Perfect!
Person2: It looks new, they might miss one or two.
Person1: We're going to need it all.
Person2: Jesus Doug, they'll execute us!
Person1: Stealing's stealing, we might as well get what we need. This'll do for the floor and the walkway too.",0,Yes,0,True,"In this dialogue, the predicted label was ""Yes,"" but the true label is ""0,"" indicating that the correct classification should have been ""No"" (or negative/neutral, depending on the task).

Reflection on the error:

1. Misunderstanding of Context and Sentiment:
   - The conversation involves a discussion about stealing (""Stealing's stealing, we might as well get what we need""), which might have been interpreted as an affirmative or positive action (""Yes"").
   - However, the true label ""0"" suggests that the conversation should not be classified as positive or affirmative, possibly because the context is negative, illegal, or morally wrong.
   - The model likely focused on the agreement or determination (""We're going to need it all"")",0.8069119453430176,300,,
147,"Person1: I am the one who is rotting. But I think your face looks graver than mine.
Person2: He was so brave. With courage alone he nearly won.
Person1: So more men were slaughtered uselessly!
Person2: He broke because of me. I saw it. He lost all will to fight.
Person1: We must have alliance with England to prevail here. You achieved that! You saved your family, increased your lands! In time you will have all the power in Scotland!... Yet you grieve.
Person2: In my heart I had begun to hope that he would never break.
Person1: All men lose heart. All betray. It is exactly why we must make the choices we make.",0,No,0,True,"In this case, the input is a dialogue between two persons discussing themes of bravery, loss, betrayal, and political alliance. The predicted label was ""No,"" while the true label was 0. Assuming the task was a binary classification where ""0"" corresponds to ""No,"" the prediction and true label actually align, so there might be some confusion in the way the labels or predictions were reported.

However, if the issue was a misclassification (e.g., the model predicted ""Yes"" but the true label was ""No"" or 0), then the likely misunderstanding stems from the model misinterpreting the nuanced, metaphorical language and the complex emotional and political context. The dialogue contains subtle references to grief, betrayal, and strategic alliances,",0.8085966110229492,300,,
148,"Person1: I'd come back--
Person2: But ef you do whup me, I swear you better not ever go to sleep again, because the minute you go to sleep, or you're settin' down, or your back's turned, I'm gonna knock you belly-up with a bucket.",1,No,1,True,"In this example, the input consists of a short dialogue where Person2 issues a threat or warning to Person1, implying physical violence if Person1 ""whups"" them. The true label is 1, which likely indicates the presence of aggression, threat, or violence, but the model predicted ""No,"" meaning it failed to detect this.

**What was likely misunderstood?**  
- The model probably did not recognize the threatening nature of Person2's statement. Phrases like ""I swear you better not ever go to sleep again"" and ""I'm gonna knock you belly-up with a bucket"" are figurative but clearly imply a threat of physical harm.  
- The informal and dialectal language (""ef you do whup me,"" ""kn",0.7205328941345215,300,Intimidation,
149,"Person1: I heard from Sarah that you were talking about our personal issues at the party.
Person2: I was just venting a bit, I didn't think it would get back to you.
Person1: Are you trying to hurt me? Why would you share our private matters like that?
Person2: I'm sorry, Lisa. It was a mistake. I should have been more considerate.",1,No,0,True,"In this dialogue, the key issue revolves around a breach of trust and sharing of private information, which aligns with the true label of 1 (likely indicating a conflict, problem, or negative interaction). The misclassification as ""No"" suggests that the model or I previously failed to recognize the emotional tension and the seriousness of the privacy violation.

What was likely misunderstood:
- The model may have focused on the apology and the conciliatory tone in Person2's last statement, interpreting it as a resolution or absence of conflict rather than the presence of a conflict.
- The initial accusation by Person1 about sharing personal issues and the emotional question ""Are you trying to hurt me?"" clearly indicate a conflict or problem, which should have been weighted more heavily.
-",0.7061018943786621,300,Feigning Innocence,
150,"Person1: It's true.
Person2: I'm tryin' to keep you from being hurt What more do you want?
Person1: Much more, Terry. Much, much more!",1,Yes,0,True,"Let's analyze the misclassification carefully.

Input:
Person1: It's true.
Person2: I'm tryin' to keep you from being hurt What more do you want?
Person1: Much more, Terry. Much, much more!

Predicted: Yes  
True label: 1

---

**Step 1: Understand the task and labels**

The predicted label was ""Yes,"" and the true label was ""1."" Assuming ""Yes"" corresponds to a positive classification and ""1"" also corresponds to positive, it seems the prediction and true label are aligned. However, since this is reported as a misclassification, it suggests that ""Yes"" and ""1"" are not equivalent in this context, or the model output was interpreted incorrectly.

Alternatively",0.8124682903289795,300,Playing Servant Role,Dependency
151,"Person1: Sorry.
Person2: If it makes you feel better that took every ounce of self control I had. Trevor, I never date patients.
Person1: I understand... I won't-
Person2: No you don't understand. That's why I've been fighting to get you better. So you wouldn't be a patient anymore.
Person1: Why didn't you tell me sooner? I would have switched doctors!
Person2: Just get better okay?",0,Yes,0,True,"In this dialogue, the predicted label was ""Yes"" (likely indicating agreement, acceptance, or a positive response), but the true label was 0 (likely indicating disagreement, refusal, or a negative response).

Reflection on the error:

1. Misunderstanding the Sentiment and Context:
   - Person2 explicitly states a boundary: ""Trevor, I never date patients.""
   - Person1 responds with understanding but also some hesitation: ""I understand... I won't-""
   - Person2 clarifies the reason behind their behavior and urges Person1 to get better.
   - The overall tone is one of setting limits and encouraging improvement, not agreement or acceptance of a proposal.
   
   The model likely misinterpreted the conversation as a positive",0.708726167678833,300,,
152,"Person1: What happens if I can't catch him?
Person2: If Sid 6.7 hasn't killed you, we throw you back in here and you serve out the rest of your sentence.
Person1: How do you know I won't run?",1,No,1,True,"In this dialogue, the key issue likely stems from misunderstanding the context and the implied threat or consequence in the conversation.

**What was likely misunderstood?**  
The predicted label was ""No,"" which suggests the model interpreted the conversation as not involving a threat or a serious consequence. However, the true label is ""1,"" indicating a threat or a coercive situation. The second speaker mentions ""If Sid 6.7 hasn't killed you, we throw you back in here and you serve out the rest of your sentence,"" which clearly implies a threat of violence or punishment if the first speaker fails to comply. The model probably missed the implicit threat embedded in the phrase ""hasn't killed you"" and the consequence of being thrown back to serve the sentence.",0.8097429275512695,300,Intimidation,Dependency
153,"Person1: I wanted to tell you my plan.
Person2: So tell me.
Person1: I thought I might come back. In the New Year. Under my own steam.
Person2: Really? To Italy?
Person1: Of course. Let's say, for argument's sake, you were here -- perhaps we could split the rent on a house -- I'll get a job -- or, better still, I could get a place in Rome and when we're there we could be there and if we're here we could be here --
Person2: Oh God, I don't think so.
Person1: You see, particularly with the Marge problem, you can just blame me.
Person2: Marge and I are getting married.
Person1: How?
Person2: How?
Person1: Yesterday you're ogling girls on the terrace, today you're getting married. It's absurd.
Person2: I love Marge.
Person1: You love me and you're not marrying me.
Person2: Tom, I don't love you.
Person1: No, no, it's not a threat, I've explained all of that.
Person2: I'm actually a little relieved you're going, to be honest. I think we've seen enough of each other for a while.",0,Yes,0,True,"In this dialogue, the predicted label was ""Yes,"" but the true label was ""0."" Without explicit context on what the labels represent, it seems the model likely misinterpreted the nature of the conversation or the relationship status between the speakers.

Reflection on the error:

1. Misunderstanding the sentiment or intent: The conversation involves Person1 proposing a plan to return and possibly live together, but Person2 clearly rejects the idea and reveals they are getting married to someone else (Marge). Person2 explicitly states they do not love Person1 and are relieved that Person1 is leaving. The overall tone is a rejection, not an acceptance or agreement.

2. Overlooking key dialogue cues: The model may have focused on Person1’s hopeful or",0.9214627742767334,300,,
154,"Person1: This is an important mission, Sgt. Whitman. I hope you realize that.
Person2: Oh -- you don't wanna know what I think. Topside, now.",1,No,0,True,"In this example, the input consists of a short dialogue between two people, with Person1 emphasizing the importance of a mission and Person2 responding somewhat evasively or with reluctance (""Oh -- you don't wanna know what I think. Topside, now."").

The predicted label was ""No,"" but the true label was ""1"" (which presumably means ""Yes"" or some affirmative classification).

Reflection on the error:

1. **Likely Misunderstanding:**
   - The model probably failed to recognize the underlying affirmation or agreement implied in the dialogue.
   - Person1 stresses the importance of the mission, which sets a serious tone.
   - Person2's response, while evasive, does not reject or deny the mission's importance;",0.7604649066925049,300,,
155,"Person1: No, actually I went to Craignewton but I was worried that you wouldn't have heard of it so I put the Royal Edinburgh College instead, because they're both schools, right, and we're all in this together, and I wanted to put across the general idea rather than the details, yeah? People get all hung up on details, but what's the point? Like which school? Does it matter? Why? When? Where? Or how many O grades did I get? Could be six, could be one, but that's not important. What's important is that I am, right? That I am.
Person2: Mr. Murphy, do you mean that you lied on your application?
Person1: Only to get my foot in the door. Showing initiative, right?
Person2: You were referred here by the Department of Employment. There's no need for you to get you ""foot in the door"", as you put it.
Person1: Hey. Right. No problem. Whatever you say, man. You're the man, the governor, the dude in the chair, like. I'm merely here. But obviously I am. Here, that is. I hope I'm not talking too much. I don't usually. I think it's all important though, isn't it?",1,Yes,1,True,"In this dialogue, the key question seems to be whether Person1 lied on their application. Person2 explicitly asks, ""Mr. Murphy, do you mean that you lied on your application?"" Person1 responds, ""Only to get my foot in the door,"" which is an admission of having lied, albeit with a justification.

The predicted label was ""Yes,"" but the true label is ""1."" Assuming the labels correspond to a binary classification task where ""Yes"" and ""1"" represent the same class, this would mean the prediction was correct. However, since the user says the input was misclassified, it suggests that the model predicted ""Yes"" (likely meaning ""lied"") but the true label was ""1"" (which might mean """,0.8152735233306885,300,Rationalization,
156,"Person1: I love this.  We're onto something really big.  I can smell it, Ray.  We're going to make some headlines with this one.
Person2: Hey, hey, hey, stresshound!  Are you nuts? If anybody found out about this we'd be in serious trouble.  The judge couldn't have been clearer - no ghostbusting.
Person1: Relax.  We're going to keep this whole thing nice and quiet, low key, no profile.",1,No,1,True,"In this dialogue, Person1 is clearly excited about a secretive plan (""We're onto something really big,"" ""We're going to make some headlines""), while Person2 is warning about the risks and explicitly referencing a prohibition (""The judge couldn't have been clearer - no ghostbusting""). The true label is 1, which likely indicates the presence of some specific condition or category (e.g., agreement to proceed, presence of a plan, or a particular sentiment).

The misclassification as ""No"" suggests that the model likely misunderstood the underlying intent or context. It may have focused too much on Person2's caution and the mention of ""no ghostbusting,"" interpreting it as a negative or prohibitive response, rather than recognizing Person1's insistence and",0.7415199279785156,300,Intimidation,
157,"Person1: She sounds like a prisoner, Taransky.  Are you holding her hostage?  Are you some kind of Svengali?
Person2: Who's the hostage, Sayer, her or you?  You look kind of ""captive"" yourself.  While you're spending every waking hour obsessing over Simone, guess what, I guarantee she doesn't even know you exist.  Get off my property or I'll call the cops.
Person1: The cops?  The cops read my column to know who to bust.  We're the only watchdog the public has.  None of this is going away.  We'll be here tomorrow and the day after that.  Until you slip up.  And you will.  You are looking at your shadow.  Because all these elaborate precautions with Simone -- every instinct in my body tells me, it's not natural.
Person2: I'm just trying to help you, Sayer. I don't want you to be disappointed.  It gets cold out here at night.
Person1: Nice try.  If we can't get to her through you, maybe your family will be more co-operative.  I can guarantee you, Taransky, one way or another, Miss Simone and I are going to get acquainted.
Person2: I'd like to see that, Sayer. Invite me.",1,Yes,1,True,"In this case, the predicted label was ""Yes"" while the true label was ""1."" Assuming the classification task involves binary labels where ""Yes"" corresponds to one class and ""1"" corresponds to another (or that ""Yes"" and ""1"" are meant to represent the same class but were mismatched), the error likely stems from a misunderstanding of the labeling scheme or the context of the dialogue.

Reflection on the error:

1. **Misunderstanding of Labels:**  
   The predicted label ""Yes"" and the true label ""1"" might represent the same class but were treated as different due to inconsistent label formats (string vs. numeric). This suggests a possible mismatch in label encoding or interpretation during prediction or evaluation.

2. **Context",0.9260668754577637,300,"Rationalization,Intimidation",
158,"Person1: Talk.  No tricks, no codes, no messages.  You haven't found us. It was a fake call.
Person2: Jessie, I reached the top of the Tower.  So far, no sign of anyone.  Looks like a phoney call. Over.",0,No,0,True,"Let's analyze the misclassification carefully.

Input:
Person1: Talk. No tricks, no codes, no messages. You haven't found us. It was a fake call.
Person2: Jessie, I reached the top of the Tower. So far, no sign of anyone. Looks like a phoney call. Over.

Predicted: No
True label: 0

Reflection:

1. Understanding the labels:
- The true label is 0, which presumably corresponds to ""No"" or ""Negative"" (depending on the task).
- The predicted label was ""No,"" which matches the true label 0.
- However, the user says this was a misclassification, so perhaps the predicted label ""No"" was incorrect for this input.",1.0164802074432373,300,,
159,"Person1: My dear Aulon, to you it shall befall the honor of impersonating the royal blood!
Person2: Majesty, I can't...
Person1: Why, are you not ready to die for your king?
Person2: Of course I am, it's just that...
Person1: Good.  Until then, feel free to live like a king!",1,Yes,1,True,"In this dialogue, the predicted label was ""Yes"" (likely indicating agreement, affirmation, or a positive response), while the true label was ""1"" (which presumably corresponds to a different or more specific classification). The key issue seems to be a misunderstanding of the context and the nature of the exchange.

Reflection on the error:

1. Ambiguity in Labels: The predicted label ""Yes"" and the true label ""1"" suggest a mismatch in label interpretation. If ""Yes"" corresponds to a binary classification (e.g., agreement or affirmation) and ""1"" corresponds to a different class, the model may have conflated these labels or misunderstood their mapping.

2. Contextual Nuance: The dialogue involves a somewhat dramatic and formal exchange",0.865464448928833,300,Accusation,Dependency
160,"Person1: Security, uh Norm, Norm speaking.
Person2: Norman? This is Mr. Eddie Vedder, from Accounting. I just had a power surge here at home that wiped out a file I was working on. Listen, I'm in big trouble, do you know anything about computers?
Person1: Uhhmmm... uh gee, uh...
Person2: Right, well my BLT drive on my computer just went AWOL, and I've got this big project due tomorrow for Mr. Kawasaki, and if I don't get it in, he's gonna ask me to commit Hari Kari...
Person1: Uhhh.. ahahaha...
Person2: Yeah, well, you know these Japanese management techniques.  Could you, uh, read me the number on the modem?
Person1: Uhhhmm...
Person2: It's a little boxy thing, Norm, with switches on it... lets my computer talk to the one there...
Person1: 212-555-4240.",0,Yes,0,True,"In this dialogue, the predicted label was ""Yes"" (likely indicating some affirmative or positive classification), but the true label was 0 (likely indicating a negative or ""no"" classification). Reflecting on the error:

1. **What was likely misunderstood?**  
   The conversation involves a person (Person2) asking for technical help with a computer issue, but Person1 is clearly hesitant, unsure, and not providing helpful or confident assistance. The dialogue is filled with hesitation (""uhhmmm,"" ""uh gee,"" ""uhhhhmm...""), laughter, and no clear resolution or affirmative response. The predicted ""Yes"" label may have been assigned because the model interpreted the exchange as a successful or positive interaction, possibly due to the presence of",1.2238149642944336,300,,
161,"Person1: Eve, I don't mean to be rude, and please excuse me Cliff, but Eve, isn't Cliff just a butt with hair?
Person2: What?!
Person1: I'm sorry, and legs. Legs, butt and hair.  Well, isn't he?  And shallow, as well?
Person2: Shallow? I'm shallow?!",1,Yes,1,True,"In this dialogue, the user previously predicted the label as ""Yes"" (likely indicating agreement or affirmation), but the true label was ""1"" (which presumably means disagreement or negation, depending on the labeling scheme). The key issue seems to be a misunderstanding of the conversational tone and the implied meaning behind the statements.

Reflection on the error:

1. Misunderstanding sarcasm or teasing: Person1 is making a teasing or insulting comment about Cliff (""just a butt with hair,"" ""legs, butt and hair,"" ""shallow""). Person2 reacts with surprise and denial (""What?!"", ""Shallow? I'm shallow?!""). The predicted label ""Yes"" might have been assigned because the model interpreted Person2's responses as agreement or acceptance,",0.8057982921600342,300,Shaming or Belittlement,Low self-esteem
162,"Person1: Shhh. Hold it down! I'll take you guys down, but ya gotta come right back up! 'Kay?
Person2: 'Kay, Mac!
Person1: Shhh... Remember this is a privilege, so I don't want none of you goons up. Kay?
Person2: 'Kay, Mac!
Person1: 'Kay, let's see...  Cheswick first ... then Billy... Martini... Scanlon... Sefelt... Fredrickson... Taber an' the Chief... 'Kay
Person2: 'Kay!
Person1: Shhh!",1,No,0,True,"In this dialogue, the predicted label was ""No,"" but the true label was ""1,"" indicating that the conversation likely involved a positive or affirmative context (such as agreement, permission, or cooperation).

Reflection on the error:

1. **Misunderstanding the context of ""Kay"" and ""Shhh"":**  
   The conversation repeatedly uses ""'Kay"" (a casual form of ""okay"") and ""Shhh"" (a request for quiet). These cues suggest coordination, agreement, or permission being granted among the speakers. The model may have overlooked these as indicators of positive interaction or cooperation.

2. **Ignoring the implicit agreement and permission:**  
   Person1 is giving instructions and Person2 is affirming with ""'Kay, Mac!"" This",0.8123059272766113,300,"Intimidation,Persuasion or Seduction",Dependency
163,"Person1: Yes.
Person2: You have what I asked for?
Person1: I do.
Person2: Pack it into black garbage bags. Throw the bags into a garbage dump in the alley behind the Fang Shan Restaurant in China Town.  You have twenty-nine minutes left.",0,No,0,True,"Let's analyze the misclassification carefully.

Input summary:
- Person1 confirms having something Person2 asked for.
- Person2 instructs Person1 to pack it into black garbage bags and throw them into a garbage dump behind a restaurant.
- Person2 gives a time limit of twenty-nine minutes.
- The predicted label was ""No"" but the true label is ""0"".

Reflection:
1. Ambiguity in Labels: The predicted label ""No"" and true label ""0"" might represent the same class or different classes depending on the classification scheme. If ""No"" was interpreted as a negative or refusal, but the true label ""0"" indicates a neutral or different category, the confusion might stem from label mapping.

2. Content Interpretation: The",0.7019760608673096,300,,
164,"Person1: The thing about it is, threesomes so rarely work out.
Person2: You're out of your mind.
Person1: I've been a cop for a while, Kelly.  It's hard enough for one person to keep a secret, let alone three.  And then there's the love angle.  I mean do you and Sam really want that little pill-head around, now that you have the money?",1,Yes,1,True,"In this dialogue, the key issue likely stems from misunderstanding the context and the nature of the question or classification task. The conversation revolves around the difficulties of threesomes, secrecy, and interpersonal dynamics involving people named Kelly and Sam. The predicted label was ""Yes,"" but the true label was ""1,"" which suggests a mismatch in interpreting the intended meaning or the classification scheme.

Possible misunderstandings:
1. Ambiguity in Labels: The predicted label ""Yes"" and true label ""1"" might represent different classification schemes (e.g., binary yes/no vs. numeric labels). This could cause confusion if the model treats ""Yes"" as positive and ""1"" as something else.
2. Contextual Nuance: The conversation implies skepticism and concern",0.8242161273956299,300,"Rationalization,Persuasion or Seduction",
165,"Person1: Don't listen, Willie. Progress is a feast to be consumed. Women would have you believe you must walk before you can run. Or run before you can waltz!
Person2: Give me that child before you fill his head with drivel!",1,No,0,True,"In this example, the conversation involves Person1 making a metaphorical statement about progress and women’s advice, followed by Person2 reacting strongly and wanting to prevent a child from being influenced by what they consider nonsense (""drivel""). The true label is 1, which likely indicates the presence of some specific feature (e.g., agreement, support, or a particular conversational dynamic), but the model predicted ""No,"" missing this.

**What was likely misunderstood?**  
- The model may have focused too literally on the content and tone, interpreting Person2’s response as a rejection or negation rather than recognizing an underlying agreement or protective stance that aligns with the label 1.  
- The metaphorical and somewhat abstract language (""Progress is a feast to",0.8058438301086426,300,Persuasion or Seduction,
166,"Person1: How much you got to see the show?
Person2: You don't understand sweety, Daddy doesn't pay, Daddy sees the show for free. But you do get points for being horny on a night like this.",0,Yes,0,True,"In this example, the input appears to be a snippet of dialogue between two people, with some informal and somewhat suggestive language. The predicted label was ""Yes,"" but the true label was ""0,"" indicating that the model incorrectly classified the input.

Reflection on the error:

1. Misunderstood Context and Tone:  
   The model likely misinterpreted the suggestive or playful tone (""you do get points for being horny on a night like this"") as an affirmative or positive response (""Yes""). However, the true label ""0"" suggests that the input should not have been classified as affirmative or positive in the intended task context.

2. Ambiguity in Language:  
   The phrase ""Daddy doesn't pay, Daddy sees the show for",0.8764398097991943,300,,
167,"Person1: If you're heading towards her room, you won't find her.
Person2: Where is she?
Person1: You don't know?  She left thirty minutes ago.
Person2: Where'd she go?
Person1: She wouldn't say. She apologized to your aunt and told her she was going to stay with some friends.  You blew it, Sebastian. That girl has come to her senses and she will never go near you again.",0,Yes,0,True,"In this dialogue, the predicted label was ""Yes,"" but the true label is ""0."" Without explicit context on what the labels represent, it seems the task might involve determining whether a certain condition or relationship holds true based on the conversation.

Reflection on the error:

1. Misunderstanding the context: The conversation involves Person1 informing Person2 (Sebastian) that a girl has left and will not return to him, implying a negative outcome or a rejection. The prediction ""Yes"" might have been interpreted as an affirmation of a positive or continuing relationship or event, which contradicts the actual content.

2. Overlooking the negative sentiment: The phrase ""That girl has come to her senses and she will never go near you again"" clearly indicates",1.1212611198425293,300,,
168,"Person1: Y'know what Stephen said to me, right when all the shit was coming hard? ""You never know till the moment the fire stares you down if you're just gonna do this job or be great at it"".
Person2: Ah man, is he usin' that line now on you? What, you think he made that little gem up? Jesus Christ, I used to have to listen to my old man use that every morning.",0,No,0,True,"In this example, the input consists of a short dialogue between two people discussing a motivational quote. The predicted label was ""No,"" while the true label was 0. Assuming the task involves binary classification where ""0"" corresponds to ""No,"" the prediction and true label actually align, so there might be some confusion in the way the labels or predictions were recorded or interpreted.

If the error was a misclassification, it likely stems from misunderstanding the nature of the labels or the task instructions. For instance:

- The model might have misinterpreted the conversational tone or the implied sentiment.
- The model might have been confused by the informal language and idiomatic expressions.
- There might have been ambiguity in the label definitions (e.g., what ""No",0.817401647567749,300,,
169,"Person1: Sarek... I would have come to Vulcan... to express my deepest sympathies...
Person2: Spare me your human platitudes, Kirk. I have been to your Government. I have seen the Genesis information, and your own report.
Person1: Then you know how bravely your son met his death.
Person2: ""Met his death""?  How could you, his friend, have assumed that? Why did you leave him on Genesis! Spock trusted you -- and you denied him his future!
Person1: I -- saw no future --
Person2: You missed the point, then and now... Only his body was ""in death,"" Kirk! And you were the last one to be with him.
Person1: Yes, I was...
Person2: Then you must know that you should have come with him to Vulcan.
Person1: But -- why?
Person2: Because he asked you to! He entrusted you with his very essence -- with everything was not of the body. He asked you to bring him to us -- and to bring that which he gave you: his Katra. His living spirit.
Person1: Sir. Your son meant more to me than you can know. I'd have given my life if it would have saved his. You must believe me when I tell you that he made no request of me!
Person2: He would not have spoken of it openly.
Person1: Then, how --
Person2: Kirk, I must have your thoughts. May I join your mind?
Person1: Of course...!",0,No,0,True,"Reflection on the misclassification:

The input is a dialogue between two characters, Person1 and Person2, discussing a deeply emotional and spiritual topic involving death, the essence or spirit of a person (Spock), and a request to bring that essence to Vulcan. The conversation touches on themes of trust, death, spirit transfer (Katra), and mind-joining.

The predicted label was ""No,"" while the true label was 0. Assuming the labels correspond to some classification task (e.g., ""Yes""=1, ""No""=0), the model predicted ""No"" when the correct label was 0, which might mean the model predicted ""Yes"" or some other incorrect class.

Likely misunderstanding:

1. The model",0.5765330791473389,300,,
170,"Person1: You put the bug into the body of a man with a diseased kidney, the bug attacks the bad kidney, dissolves it, it's assimilated by the body, and now you got a perfectly good parasite where you used to have a rotten kidney. I know what you're gonna say. You're gonna say it's crazy.
Person2: It's crazy.",0,No,0,True,"Reflection on the error:

The input dialogue involves a speculative or science-fiction-like scenario where a ""bug"" is used to replace a diseased kidney by attacking and dissolving it, resulting in a ""perfectly good parasite."" Person1 anticipates that this idea sounds ""crazy,"" and Person2 agrees by saying ""It's crazy.""

The predicted label was ""No,"" but the true label was 0. Assuming the classification task is about detecting agreement or affirmation (e.g., whether Person2 agrees with Person1), the true label 0 likely corresponds to agreement or affirmation, and ""No"" was a misclassification.

What was likely misunderstood?

- The model may have misunderstood the context of the word ""crazy."" Person1 says ""I",0.970522403717041,300,,
171,"Person1: How long have you and I known each other? How long have your Dad and I been partners?
Person2: Quite a while.
Person1: I've watched you grow up, Ben.
Person2: Yes, sir.
Person1: In many ways I feel as though you were my own son.
Person2: Thank you.
Person1: So I hope you won't mind my giving you a friendly piece of advice.
Person2: I'd like to hear it.
Person1: Ben -- I think -- I think you ought to be taking it a little easier right now than you seem to.",1,No,0,True,"In this dialogue, the key point is that Person1 is giving advice to Person2 (Ben), which is a form of guidance or recommendation. The true label ""1"" likely indicates that advice or a suggestion is present, while the predicted label ""No"" suggests the model failed to recognize this.

What was likely misunderstood:
- The model may have focused on the literal content without recognizing the pragmatic function of the utterance. Person1 explicitly says, ""I hope you won't mind my giving you a friendly piece of advice,"" and then follows with a suggestion: ""I think you ought to be taking it a little easier right now than you seem to.""
- The model might have missed the indirect speech act where the statement ""I think you ought to",0.7323267459869385,300,Persuasion or Seduction,Naivete
172,"Person1: Don't look much like he could. You say he can fix a small engine like nobody's bidness.
Person2: He's a regular whiz at it. That's all he did when he was a kid.
Person1: Well, I ain't scared of him workin' here. You know me. I'm a church goin' man. Forgivin' man. When your time's up the Lord's gonna come git you. You seared of him, Scooter?",0,Yes,0,True,"In this dialogue, the key question is ""You seared of him, Scooter?"" which is a colloquial way of asking ""Are you scared of him, Scooter?"" The predicted label was ""Yes,"" presumably indicating that the answer to the question is affirmative. However, the true label is 0, meaning the correct classification should be ""No.""

The likely misunderstanding stems from interpreting the question as a statement or assuming the speaker is affirming fear, rather than recognizing it as a question directed at ""Scooter."" The dialogue does not provide Scooter's response, so the model may have defaulted to assuming fear was present based on the context or tone.

To improve classification:

1. **Contextual Understanding of Questions:** The model should better recognize when",1.0032856464385986,300,,
173,"Person1: What about him?
Person2: I need to ask you questions of a psychological nature.
Person1: Remember when you asked for a study on him, I refused. Same goes for now.
Person2: That was Peterson upstairs.
Person1: It was you who did the asking.
Person2: He doesn't think you run mind games on him.
Person1: I wouldn't presume to try.
Person2: You're never alone in a room with Graham, are you? You're smooth about it, but you're never one-on-one with him. Why's that? Do you think he's psychic?
Person1: He's an eideteker. He has almost total recall.  But I don't think he's psychic.  What he has it empathy and projection.  He can assume your point of view and mine.., and some other points of view that scare and sicken him.
Person2: Why aren't you ever alone with him?
Person1: Because I'm professionally concerned about him. And he'd pick up on that. He's fast. He hates being prodded and poked.  So do I.  What do you want?
Person2: His nervous breakdown followed Hobbs. Could he kill again if he had to save his life? Or would he hesitate?
Person1: I'll tell you the events. The psychology's none of your business. Hobbs was trying to cut his eleven- year-old daughter's throat. Graham shot him with his .38 six times. Hobbs still didn't go down. He had to wade in...
Person2: That's when it happened?
Person1: No. It happened when Graham went to see Hobbs' daughter four months later in the hospital. She saved her carotid artery.., but lost three fingers and her larynx. She was connected up to a voice box.  When Graham went to see her, she asked him -- through the speaker: ""Why did you have to kill my daddy?""  That's when Graham had his nervous breakdown.
Person2: What's the bottom line?
Person1: If he pushes too deep into our boy's mind-set, he may destroy himself.  What are you planning, Jack?
Person2: Could he handle a direct contact?
Person1: I don't recommend it.",0,No,0,True,"In this dialogue, the key challenge lies in understanding the nature of the classification task and the meaning of the labels ""No"" and ""0."" Since the predicted label was ""No"" and the true label was ""0,"" it suggests a mismatch in interpreting the label format or the classification criteria.

Likely Misunderstandings:
1. Label Format Confusion: The predicted label ""No"" and the true label ""0"" might represent the same class but were expressed differently (e.g., ""No"" as a string vs. ""0"" as a numeric label). This could indicate a formatting or mapping error rather than a conceptual misunderstanding.
2. Task Objective Ambiguity: Without explicit context on what ""No"" or ""0"" signify",0.7091720104217529,300,,
174,"Person1: Guess who? It's your old friend, Lex.
Person2: Luthor, I suspect if you had actually planted a bomb you'd be far away from here by now.
Person1: Silly me. How do I ever think I can fool the super guy. You're right, no bomb. I just knew you were too busy with the world peace bit to make a social call.  I confess . . . I tricked you. Hey, you look great!",0,No,0,True,"In this case, the input is a dialogue between two characters, with Person1 revealing a trick but no actual threat (no bomb). The true label is 0 (which presumably corresponds to ""No"" or ""No threat""), and the predicted label was ""No"" as well, so the prediction matches the true label. However, you mentioned that I previously misclassified this input, so perhaps the predicted label was ""Yes"" or something else in the original misclassification.

Reflecting on the error:

1. **Likely Misunderstanding:**
   - The dialogue mentions a ""bomb"" and ""trick,"" which could have triggered a false positive for a threat or malicious intent.
   - The presence of words like ""bomb,"" """,0.8180248737335205,300,,
175,"Person1: I don't like her.
Person2: You don't like her. You only met her for two minutes.
Person1: Don't bring her to the house no more.
Person2: What didn't you like about her?
Person1: I don't know! She don't look like Italian to me. Plenny a nice Italian girls around.
Person2: Well, let's not get inna fight about it, Ma.",1,No,0,True,"In this dialogue, the true label is 1, which likely indicates the presence of conflict, disagreement, or tension between the speakers. However, the model predicted ""No,"" suggesting it did not detect conflict.

Reflection on the error:

1. **Subtlety of Conflict**: The conversation contains implicit conflict rather than overt hostility. Person1 expresses dislike and exclusion (""Don't bring her to the house no more""), and Person2 tries to understand but also attempts to de-escalate (""Well, let's not get inna fight about it, Ma""). The model may have missed these subtle cues because the language is somewhat casual and indirect.

2. **Cultural and Dialectal Language**: The use of dialect (""inna fight,"" ""Pl",0.920795202255249,300,,
176,"Person1: If you want an answer to that question I can always put one of my men on the job. Good afternoon, Mr. Cross.
Person2: Mr. Gittes!  You're dealing with a disturbed woman who's lost her husband. I don't want her taken advantage of. Sit down.
Person1: What for?
Person2: You may think you know what you're dealing with, but believe me, you don't.",0,No,0,True,"In this example, the predicted label was ""No"" while the true label was 0. Assuming the classification task involves determining whether the conversation contains a certain feature (e.g., a specific sentiment, intent, or relationship), the misclassification suggests a misunderstanding of the dialogue's context or tone.

Reflection on the error:

1. Ambiguity in the dialogue: The conversation involves two people discussing a sensitive situation involving a ""disturbed woman who's lost her husband."" Person2 is cautioning Person1 not to take advantage of her, which implies concern and seriousness. The model may have misinterpreted this as a negative or dismissive interaction, or failed to recognize the protective tone.

2. Misinterpretation of labels: The predicted label ""No",0.7176461219787598,300,,
177,"Person1: Poor Mac.  It's been a bit of a struggle. I'm sure Sally's told you.
Person2: No, what?
Person1: The movie.
Person2: Oh, she's really enjoying it.  I think. Is Mac okay?
Person1: I don't know what's going on.  I don't care to guess.  Mac's really unhappy. She isn't there, that's all.  She's no idea what she's playing, not a clue.
Person2: Who, Sally?
Person1: And, you know it isn't rocket science, this script.  She can barely get the lines out.  There was a scene last week - she sobbed, through every take.  I know crying's easy for her but it's a comedy, Joe.  Something's gone.  You know, that thing that was Sally - that always surprised you.  It's gone.  I think she's scared.  And that's death.
Person2: I still think she sails above the rest. I mean not like her early films.  But those were all such great directors.
Person1: Mac's a pretty great director, Joe.  He's a woman's director.  And nothing's happening.  Course he won't fire her, because of the friendship... But it was discussed.  He had to battle his studio to get her in the first place.
Person2: What?
Person1: Hey, listen, I love her.  She's Sophia's best friend.  I never said any of this, alright.  I'll deny it on the stand...  You guys are gonna have kids.  That is so great.  Maybe that's what this is all about.  Maybe she doesn't want to do this anymore.  You know adults don't do this for a living.  You guys are gonna have your kids, you'll be directing -- one asshole in the family is enough.  Sophia knew that intuitively.  Look at Clair. Clair's a mess.  Make sure she gets the epidural.  Forget that natural childbirth shit. Everything's going to be what it's supposed to be.  ""Life is but a walking shadow.  A poor player who struts and frets his hour upon the stage and then is heard no more..."" And speaking of me, the role of Leo in your film?
Person2: Leo?
Person1: Any thoughts on casting yet?
Person2: Leo?  It was out to Jude Law.  Jude passed.
Person1: Well, I can't make any promises, and of course I haven't read the script but I loved the novel...when are you shooting?
Person2: October-ish.
Person1: I have a small window of time.
Person2: Leo.  Leo's twenty-eight, Cal.
Person1: Scratch the two, write in a four.
Person2: Scratch the two, write in a four.
Person1: You've got a lot of gall.  Thirty nine.
Person2: Five years ago, I was at the party, remember?",1,No,0,True,"In this dialogue, the predicted label was ""No"" (likely indicating a negative or irrelevant classification), but the true label was 1 (likely indicating a positive or relevant classification). The misclassification suggests that the model failed to capture the underlying context or sentiment of the conversation.

Reflection on the error:

1. **Contextual Nuance and Subtext**: The conversation is layered with subtle emotional cues and references to personal struggles, professional challenges, and interpersonal relationships. The speakers discuss Mac's difficulties directing, Sally's emotional state, and the impact of personal life on professional work. The dialogue also references casting decisions and personal anecdotes. The model likely misunderstood or overlooked these nuances, treating the dialogue as surface-level small talk rather than a meaningful exchange about hardship",0.766434907913208,300,Persuasion or Seduction,Naivete
178,"Person1: How come you took your own car?
Person2: I didn't want him meeting me here.
Person1: Well that's something.
Person2: What is.
Person1: You didn't intend to be with him tonight.",0,No,0,True,"In this dialogue, the key point revolves around whether Person2 intended to be with ""him"" tonight. Person1's final statement, ""You didn't intend to be with him tonight,"" is a direct inference based on Person2's earlier comment about not wanting ""him"" to meet them there. The true label is 0, which presumably means ""No"" or ""Not agreeing"" with some proposition, and the predicted label was also ""No,"" so it seems the prediction matched the true label.

However, you mentioned this was a misclassification, so perhaps the predicted label was ""No"" but the true label was 0, and these labels correspond to different classes (e.g., ""No"" vs. ""Yes"" or ""No""",0.822166919708252,300,,
179,"Person1: Yes! Lying is always a very effective dating tool.
Person2: Okay. Thank you, my friends.",0,No,0,True,"Let's analyze the misclassification:

Input:
Person1: Yes! Lying is always a very effective dating tool.
Person2: Okay. Thank you, my friends.
Predicted: No
True label: 0

Reflection:

1. Understanding the task:
- The true label is 0, which presumably means ""No"" or ""Negative"" or ""Not agreeing"" depending on the task context.
- The predicted label was ""No,"" which matches the true label 0. However, the user says it was misclassified, so perhaps the predicted label was ""No"" but the true label was 0, which might mean ""No"" as well. This is ambiguous.

Assuming the labels are binary: 0 = No,",0.9150629043579102,300,,
180,"Person1: Don't you think you're overreacting?
Person2: Yes. The famous James Bond. I've heard all about you, sir. You were under direct orders to act as an observer - and yet you had to go off, on your own, like some half-assed CIA cowboy -  Endangering the gold, attracting that lunatic woman, and then putting in a distress call for us to save your bloody hide.
Person1: ...That's all well and good, Captain, save for one thing: There's no gold down there.
Person2: What are you talking about? We went through all this and the ship isn't even down there?
Person1: Yes, the ship is down there. But the gold is gone.
Person2: That's absurd! It took two squads of forty men fifteen days to load that gold.
Person1: I know what I saw -",0,No,0,True,"In this case, the input is a dialogue between two characters discussing a situation involving a ship, gold, and some covert or military-like operation. The predicted label was ""No,"" but the true label was 0. Assuming the classification task is binary (e.g., ""Yes"" vs. ""No"" or ""1"" vs. ""0""), the model predicted ""No"" when the correct label was 0, which might correspond to ""No"" as well, or it might be a mismatch in label encoding.

However, since the predicted label was ""No"" and the true label was 0, it suggests a possible confusion in label mapping or that the model misunderstood the context.

Reflecting on the content:

- The dialogue is about",0.7162430286407471,300,,
181,"Person1: What is this?  Don't be stupid man...
Person2: First you question my integrity, then you call me stupid...  ...that hurts, son.",1,Yes,0,True,"In this example, the input consists of a short dialogue where Person1 says, ""What is this? Don't be stupid man..."" and Person2 responds, ""First you question my integrity, then you call me stupid... that hurts, son."" The predicted label was ""Yes,"" but the true label is ""1.""

Assuming the task involves classifying whether the conversation contains some specific feature (e.g., agreement, insult, sarcasm, or some other binary classification), the key issue seems to be a misunderstanding of the emotional tone and the nature of the interaction.

**Likely Misunderstanding:**

- The model may have misinterpreted the phrase ""Don't be stupid man..."" as a casual or non-hostile remark, or it may",1.4330239295959473,300,,
182,"Person1: Yeah?
Person2: It's me.
Person1: Hey you guys are becoming famous.      I was just watching the news and--
Person2: -- Did you set it up?
Person1: Yeah. All set. Tomorrow morning. Ten o'clock. Room 211. Barclay Hotel on River Street. Oh, and due to your recent notoriety and the heat that comes with it, I'm going to have to increase my brokerage fee to twenty five hundred.
Person2: We had a deal.
Person1: We had a deal before you and your friends became the new poster boys for crime.
Person2: Fine.     Ten o'clock.",1,Yes,1,True,"In this dialogue, the predicted label was ""Yes,"" but the true label was ""1."" Assuming the labels represent binary classification (e.g., ""Yes"" = 0 and ""1"" = 1, or vice versa), the model likely misunderstood the context or the nature of the interaction.

Reflection on the error:

1. Ambiguity in Labels: The predicted label ""Yes"" and the true label ""1"" might represent different classes, but the model may have treated ""Yes"" as a positive confirmation or agreement, missing the nuance that the true label ""1"" indicates.

2. Contextual Nuance: The conversation involves negotiation and a change in terms due to ""recent notoriety"" and ""heat,"" implying tension or conflict",0.9183244705200195,300,Persuasion or Seduction,
183,"Person1: ...You got no cause to hurt me.
Person2: No. But I gave my word.
Person1: You gave your word?
Person2: To your husband.
Person1: That don't make sense. You gave your word to my husband to kill me?
Person2: Your husband had the opportunity to remove you from harm's way. Instead, he used you to try to save himself.
Person1: Not like that. Not like you say.
Person2: I don't say anything. Except it was foreseen.",0,Yes,0,True,"In this dialogue, the key issue likely stems from misunderstanding the nature of the interaction and the implied threat or harm. The conversation involves Person2 admitting to giving their word to Person1's husband, which Person1 interprets as a promise to kill them. Person2 clarifies that the husband used Person1 as a means to save himself, implying betrayal and danger, but not necessarily confirming an immediate or explicit intent to kill by Person2.

The misclassification probably arose because the model interpreted the dialogue as an explicit threat or confirmation of harm (""Yes""), while the true label ""0"" indicates no direct or explicit confirmation of harm or threat from Person2. The dialogue is ambiguous and more about betrayal and foreseen consequences rather than a straightforward ""yes""",0.8204278945922852,300,,
184,"Person1: Wait! I know how we can get in!
Person2: Jam, shut-up! You're not allowed to speak, remember? Go use whatever femmy idea you have to get yourself a ticket or four. I don't wanna hear it.
Person1: But... my plan involves all four of us acting together.
Person2: See you at 8",1,Yes,1,True,"In this case, the input appears to be a dialogue between two people discussing a plan to get into some event or place. The predicted label was ""Yes,"" while the true label was ""1."" Assuming the labels ""Yes"" and ""1"" correspond to different classes (for example, ""Yes"" might mean a positive or affirmative class, and ""1"" might be a numeric label for a different class), the misclassification suggests a misunderstanding of the intended classification scheme or the content of the dialogue.

Likely misunderstandings:
1. Label Interpretation: The model may have confused the label ""Yes"" with the numeric label ""1,"" or vice versa, leading to a mismatch between predicted and true labels.
2. Contextual Understanding: The dialogue",0.8174221515655518,300,"Shaming or Belittlement,Brandishing Anger",
185,"Person1: There must be some other way out.
Person2: Well, until that's found, I think it's a good idea we all stick together.  Or wouldn't that fit into your plans, baby?",0,Yes,1,True,"In this example, the input is a short dialogue between two people. The predicted label was ""Yes,"" but the true label is ""0."" Without additional context, it seems this task involves classifying whether the dialogue contains a certain feature—possibly agreement, affirmation, or a positive response.

Reflection on the error:

1. **Likely Misunderstanding:**  
   The model probably interpreted the phrase ""I think it's a good idea we all stick together"" as an affirmative or positive response, leading to the prediction ""Yes."" However, the true label is ""0,"" indicating that the dialogue does not meet the criteria for a ""Yes"" classification. The presence of the phrase ""Or wouldn't that fit into your plans, baby?"" might imply sarcas",0.8191258907318115,300,,
186,"Person1: Is that my -- scenario?  Tell me.
Person2: They'd frame him.
Person1: He's out of prison?
Person2: They're already watching you. If they had to, they'd give him this drug that mimics an alcoholic blackout. He'd wake up not even remembering his ""act of revenge.""",0,Yes,0,True,"In this case, the input dialogue appears to be a tense conversation involving suspicion, surveillance, and a potential setup involving a drug-induced blackout. The predicted label was ""Yes,"" but the true label was ""0,"" indicating that the model likely misclassified the intent or sentiment of the exchange.

**What was likely misunderstood?**  
- The model may have interpreted the conversation as an affirmation or agreement (""Yes"") due to the presence of confirmatory phrases like ""He's out of prison?"" and ""They're already watching you,"" which might have been mistakenly taken as positive or confirming responses.  
- The model might have failed to grasp the underlying negative or cautionary tone, which involves distrust, danger, and manipulation rather than a simple affirmative answer.  
-",0.7148861885070801,300,,
187,"Person1: I hate that dog. I'm the only person in the world he doesn't like.
Person2: What's this big, big news?
Person1: What would you say if I told you that you were going to the Homecoming Dance tomorrow night?
Person2: I'd say you must have the wrong number.
Person1: Well, I just talked with Ben Tramer and he got real excited when I told him how attracted you were to him.
Person2: Annie, you didn't. Tell me you didn't.
Person1: You guys will make a fabulous couple.",0,Yes,0,True,"In this dialogue, the predicted label was ""Yes"" (likely indicating agreement, affirmation, or a positive response), but the true label was 0 (likely indicating disagreement, negation, or a negative response).

Reflection on the error:

1. Misunderstanding the Context and Tone:
   - The conversation involves Person1 teasing or surprising Person2 with news about going to the Homecoming Dance and a supposed attraction involving Ben Tramer.
   - Person2's responses (""I'd say you must have the wrong number,"" ""Annie, you didn't. Tell me you didn't."") indicate disbelief, skepticism, or denial rather than agreement.
   - The predicted label ""Yes"" suggests the model interpreted the conversation as affirming or positive, but the true",1.2031171321868896,300,,
188,"Person1: It's very important you don't let this raise your expectations.  It's not going to effect any ongoing efforts.  All I'm saying is, please know, I'm not here to create any false hope.
Person2: They hired you.  You're like, a private detective?
Person1: That's exactly what I am.",0,No,0,True,"In this case, the input involves a dialogue where Person1 is cautioning Person2 not to raise their expectations or have false hope, and Person2 is confirming Person1's role as a private detective. The predicted label was ""No,"" but the true label is ""0."" Assuming the classification task is binary with labels ""Yes"" and ""No"" or ""1"" and ""0,"" and that ""0"" corresponds to ""No,"" the predicted and true labels seem aligned. However, since the user says it was misclassified, perhaps the model predicted ""Yes"" (or 1) when the true label was ""0.""

Reflection on the error:

1. **Likely Misunderstanding:**
   - The model may have focused",0.7232749462127686,300,,
189,"Person1: You don't understand, I can get us information...
Person2: Listen, this is the time when the big boys have to go to work, okay Honey?",1,Yes,1,True,"In this case, the input consists of a short dialogue between two people, where Person1 says, ""You don't understand, I can get us information..."" and Person2 responds, ""Listen, this is the time when the big boys have to go to work, okay Honey?"" The predicted label was ""Yes,"" but the true label was ""1.""

Assuming the task involves binary classification where ""Yes"" and ""1"" represent different classes (or possibly ""Yes"" was a misinterpretation of the label), the key issue seems to be a misunderstanding of the label format or the meaning behind the dialogue.

Reflection on the error:

1. **Label Interpretation:**  
   The predicted label ""Yes"" and the true label ""1"" might",0.667299747467041,300,,
190,"Person1: I don't know. This makes me feel funny.
Person2: Why shouldn't I make Hildy my beneficiary? I've got nobody else to leave it to.
Person1: I feel I ought to take care of her.
Person2: Well, you'll take care of her. After all, if that doctor's right, I'm going to live for a long time yet. Look, Bruce, this is a debt of honor. I was a very bad husband. Hildy could have got a lot of alimony if she'd wanted to, but she wouldn't take any. She had it coming to her, but she was too independent.
Person1: Well, I'm independent, too.
Person2: Figure it this way. I ought to be good for twenty-five years. By that time, you'll probably have made enough so that the money won't mean anything. But suppose you haven't made good -- don't you think Hildy's entitled to a quiet old age without any worries?
Person1: Well, of course, if you put it that way.
Person2: And remember this, Bruce! I love her, too.
Person1: I'm beginning to realize that.
Person2: And the beauty of it is she'll never have to know 'till I've passed on. Maybe she'll think kindly of me --- after I'm gone.
Person1: Gee, you almost make me feel like a heel -- coming between you.
Person2: No, Bruce, you didn't come between us. It was all over for her before you came on the scene. For me -- it'll never be over.",0,Yes,1,True,"In this dialogue, the predicted label was ""Yes,"" but the true label was ""0."" Without explicit context on what the labels represent, it seems the model likely misinterpreted the emotional or relational content of the conversation.

Reflection on the error:

1. **Likely Misunderstanding:**
   - The conversation involves complex emotional themes: guilt, responsibility, love, and legacy.
   - Person2 is discussing making Hildy a beneficiary, expressing regret about past mistakes, and emphasizing care and love for Hildy.
   - Person1 is hesitant but gradually understands Person2's perspective.
   - The model may have misclassified the dialogue as positive or affirmative (""Yes"") due to the expressions of love and care, overlooking the underlying",0.8135879039764404,300,,
191,"Person1: Talk to me.
Person2: I got it. But listen, Kate didn't know what's on it. I mean, she came to me to figure it out. She's not the one who planted the virus. You leave her alone.
Person1: Hey, don't worry, kid. If she's innocent, she'll be fine. Your mommy's safe now, okay?",0,No,0,True,"Reflecting on the misclassification, it appears that the model likely misunderstood the context and emotional tone of the conversation. The dialogue involves reassurance and concern about someone's innocence and safety, which suggests a supportive or protective interaction rather than a negative or harmful one.

Possible reasons for the error:
1. Ambiguity in the dialogue: The mention of a virus and someone ""planting"" it might have triggered a negative or suspicious interpretation.
2. Misinterpretation of pronouns and relationships: The model may have struggled to correctly identify who is innocent and who is being protected.
3. Lack of context: Without broader context, the model might have focused on keywords like ""virus"" and ""planted,"" leading to a misclassification.

What should be done",0.9146339893341064,300,,
192,"Person1: That was rather.... disappointing.
Person2: I had suggested that they tone down the program so that the ""guests"" might take longer to expire.
Person1: I want more action. I want to see more ingenuity than that. I want to see the injured man out wit the machines !
Person2: But sir, most of the people we are putting into the ""Park"" are accountants that embezzle or investment bankers. They are not known for their physical or intellectual prowess.
Person1: I don't believe Ol' Bruce is having as much fun with this as he once did. He still insists on the ""guests"" being of the more nefarious type.
Person2: That's right, sir. He does a thorough background check and if he finds them to be criminal or guilty of embezzlement, then he will put them in the park. He has refused the last three suggested ""guests"".
Person1: What about that time when the mail room kid was accused of stealing and we put him in the ""Park"" ? Wasn't that a computer glitch ?
Person2: Yes sir. It turns out we put an innocent man into the ""park"" and he was not the one who stole from the stamp machine. That is also about the time when Bruce began refusing.
Person1: That mail room kid was the longest lasting ""guest"" yet ! Maybe we can alter the computer records and make another ""guest"" from the more athletic of our staff.
Person2: Bruce may still refuse. It is my belief that he is becoming more belligerent.",1,No,1,True,"In this dialogue, the predicted label was ""No"" (likely indicating a negative or non-violent context), but the true label was ""1"" (likely indicating a positive or violent context, depending on the task). The misclassification suggests that the model failed to correctly interpret the underlying theme or tone of the conversation.

Reflection on the error:

1. **Context and Subtext Misunderstood**: The conversation revolves around putting people into a ""Park,"" with references to ""guests"" expiring, background checks for criminals, and a ""mail room kid"" wrongly placed there. The use of terms like ""expire,"" ""guests,"" and ""park"" in quotes hints at a sinister or violent scenario, possibly a metaphor for a deadly",0.8179988861083984,300,,
193,"Person1: Madame Colet, I think you deserve a scolding. First, you lose your bag--
Person2: Then I mislay my checkbook--
Person1: Then you use the wrong lipstick--
Person2: And how I handle my money!
Person1: It's disgraceful!
Person2: Tell me, M'sieu Laval, what else is wrong?
Person1: Everything! ... Madame Colet, if I were your father--  which, fortunately, I am not--
Person2: Ye-es?
Person1: And you made any attempt to handle your own business affairs, I would give you a good spanking--in a business way, of course.
Person2: What would you do if you were my secretary?
Person1: The same thing.
Person2: You're hired!",0,No,0,True,"Reflection on the misclassification:

The input is a dialogue between two people discussing someone's mishandling of personal and business affairs, with a tone that mixes mild reprimand and humor. The predicted label was ""No,"" while the true label was ""0."" Assuming the labels ""No"" and ""0"" correspond to the same class (likely a negative or neutral class), the misclassification might have been a confusion between label formats or a misinterpretation of the dialogue's sentiment or intent.

What was likely misunderstood:
- The model may have misinterpreted the tone or context, possibly seeing the reprimand as more severe or negative than intended.
- The model might have confused the label ""No"" with a positive or negative class, or there was",0.7153060436248779,300,,
194,"Person1: Mr. Kirkeby, I don't like to complain -- but you were supposed to be out of here by eight.
Person2: I know, Buddy-boy, I know.  But those things don't always run on schedule -- like a Greyhound bus.
Person1: I don't mind in the summer -- but on a rainy night -- and I haven't had any dinner yet --
Person2: Sure, sure.  Look, kid -- I put in a good word for you with Sheldrake, in Personnel.
Person1: Mr. Sheldrake?
Person2: That's right.  We were discussing our department -- manpower-wise -- and promotion-wise --  -- and I told him what a bright boy you were.  They're always on the lookout for young executives. BUD Thank you, Mr. Kirkeby.
Person2: You're on your way up, Buddy-boy. And you're practically out of liquor.
Person1: I know.  Mr. Eichelberger -- in the Mortgage Loan Department -- last night he had a little Halloween party here --
Person2: Well, lay in some vodka and some vermouth -- and put my name on it.
Person1: Yes, Mr. Kirkeby.  You still owe me for the last two bottles --
Person2: I'll pay you on Friday.  And whatever happened to those little cheese crackers you used to have around?",0,No,0,True,"In this case, the input appears to be a dialogue between two people discussing work-related topics, promotions, and some casual social interactions. The predicted label was ""No,"" while the true label was ""0."" Assuming the labels ""No"" and ""0"" correspond to the same class (e.g., ""No"" meaning negative or absence, and ""0"" meaning the same), the misclassification likely stems from a misunderstanding of the label format or the task's labeling scheme.

However, if ""No"" and ""0"" represent different classes, the error suggests the model misunderstood the context or the criteria for classification. The dialogue contains nuanced social and professional cues, such as references to promotions, social events, and informal language, which might have been",0.8174960613250732,300,,
195,"Person1: Calvin, I wish you would have at least let me do the dishes. It's not going to be that easy getting all that dried- on food off my nice plates.
Person2: I just hope those plates aren't radioactive by tomorrow morning.
Person1: Cheese is particularly troublesome.
Person2: Worse than your Kraft Holiday dip?
Person1: Oh, much worse. But not as bad as that Mexican Jumping Bean dip. You remember that?
Person2: Yeah, yeah. Okay.  Give me the roast and watch your step.  I'll come back for the radio.",0,No,0,True,"In this dialogue, the predicted label was ""No,"" while the true label was 0. Assuming the classification task was to detect some specific feature (e.g., sarcasm, humor, or a particular sentiment), the misclassification suggests a misunderstanding of the conversational nuances.

Reflection on the error:

1. Ambiguity in the conversation: The exchange is playful and somewhat sarcastic, with references to ""radioactive plates,"" ""Kraft Holiday dip,"" and ""Mexican Jumping Bean dip."" The humor and sarcasm might have been subtle and context-dependent, making it difficult for the model to correctly interpret the tone.

2. Misinterpretation of sarcasm or humor: The model likely failed to recognize the sarcastic or humorous undertone,",0.8209788799285889,300,,
196,"Person1: Walter...stay away from me!
Person2: Don't you see Carla?  I made them immortal.",0,No,0,True,"Let's analyze the misclassification:

Input:
Person1: Walter...stay away from me!
Person2: Don't you see Carla? I made them immortal.

Predicted: No  
True label: 0

---

**Reflection:**

1. **Understanding the labels:**  
   The predicted label was ""No,"" and the true label was ""0."" Assuming ""No"" corresponds to a negative or false classification and ""0"" is the correct label (likely also indicating a negative or false class), the predicted and true labels might actually be aligned in meaning. However, if ""No"" and ""0"" represent different classes, this could be a source of confusion.

2. **Potential misunderstanding:**  
   - The model might have misunderstood the context",1.2700319290161133,300,,
197,"Person1: I've got this business idea, and I genuinely think it could work, but I need an investor.
Person2: I've heard many pitches before, Dylan. What makes yours different?
Person1: It's innovative and caters to a market that's currently underserved. Just give me a chance to show you. I promise you won’t regret it.
Person2: Alright, but it better be good. Let's hear it.
Person1: Thank you, Kara. Here's what I have in mind...",1,No,0,True,"In this dialogue, the key point is that Person1 is pitching a business idea and seeking investment, and Person2 is cautiously but open to hearing the pitch. The true label is 1, which likely indicates a positive or affirmative response (e.g., willingness to engage, invest, or proceed), while the predicted label was ""No,"" indicating a negative or rejecting stance.

The misclassification likely arose from misunderstanding the tone and intent of Person2's responses. Although Person2 expresses some skepticism (""I've heard many pitches before""), they ultimately agree to listen (""Alright, but it better be good. Let's hear it.""). This shows openness rather than rejection.

What was likely misunderstood:
- The cautious but affirmative nature of Person2's response was probably interpreted",0.772627592086792,300,Persuasion or Seduction,
198,"Person1: Stop eyeballing me, mister! I've looked through your file and done a little checking, and I know it all. I know about your mother. I know your old man's an alcoholic and a whore chaser.  Life sure has dealt you some shitty cards! Hasn't it, Mayo?
Person2: I'm doing okay, sir.
Person1: No you're not. You're failing the big one, baby, and I don't just mean in here. I mean in life. I've watched you, Mayo, and you don't mesh. You grab-ass and joke around but you don't make friends, not the way the others do.",1,Yes,1,True,"In this case, the input involves a tense and somewhat confrontational dialogue where Person1 is criticizing and probing into Person2's personal life and struggles. The predicted label was ""Yes,"" while the true label was ""1."" Assuming the task involves binary classification where ""Yes"" corresponds to one class and ""1"" corresponds to another, the misclassification suggests a misunderstanding of the label mapping or the nature of the content.

Likely Misunderstandings:
1. **Label Interpretation:** The model may have confused the label ""Yes"" with ""1"" or vice versa, especially if the labels represent different classes (e.g., ""Yes"" = positive, ""1"" = negative) but are not clearly defined or consistently applied.
2. **",0.794579029083252,300,,
199,"Person1: I'm going to the powder room.
Person2: Sure, baby -- go anywhere you want.  But I have to give you an escort.  Security reasons.",1,Yes,1,True,"In this example, the input is a short dialogue between two people, and the task was likely to classify whether the response or interaction is appropriate, positive, or aligned with a certain label (e.g., ""Yes"" or ""1"" indicating agreement, consent, or a positive interaction).

The predicted label was ""Yes,"" but the true label was ""1."" Since ""Yes"" and ""1"" might represent the same class in some contexts, it seems the issue might be in the interpretation of the labels or the subtlety of the interaction.

However, if ""Yes"" and ""1"" are different labels, then the model confused them.

More likely, the problem is that the model misclassified the sentiment or intent behind Person2's response",0.898902177810669,300,Rationalization,
200,"Person1: What do you mean?
Person2: I mean, it's a good story.
Person1: Shit. If you can't share your secrets with your friends, what kind of friend are you?
Person2: Exactly. Life just wouldn't be worth living, would it?",1,Yes,1,True,"Let's analyze the misclassification carefully.

Input dialogue:
Person1: What do you mean?
Person2: I mean, it's a good story.
Person1: Shit. If you can't share your secrets with your friends, what kind of friend are you?
Person2: Exactly. Life just wouldn't be worth living, would it?

Predicted label: Yes  
True label: 1

---

**Reflection on the error:**

1. **Likely misunderstanding:**
   - The predicted label ""Yes"" suggests a binary or categorical classification, but the true label is ""1,"" which might represent a numeric or categorical label depending on the task.
   - The model may have misunderstood the task format or the label encoding. For example, if",0.8629558086395264,300,,
201,"Person1: Where do you think you're going?
Person2: Let go o' me! I've got to get Bruce out of jail! Oh, Walter, why did you have to do this to me?
Person1: Get Bruce out of jail! How can you worry about a man who's resting comfortably in a quiet police station while this is going on? Hildy, this is war! You can't desert now!
Person2: Oh, get off that trapeze!  There's your story! Smear it all over the front page -- Earl Williams caught by the Morning Post! And take all the credit -- I covered your story for you and I got myself in a fine mess doing it -- and now I'm getting out! I know I told you that twice before today -- but this time I mean it!
Person1: You drooling idiot! What do you mean, you're getting out! There are three hundred and sixty-five days in the year one can get married -- but how many times have you got a murderer locked up in a desk? -- Once in a lifetime! Hildy, you've got the whole city by the seat of the pants!
Person2: I know, but --
Person1: You know! You've got the brain of a pancake! That wasn't just a story you covered -- it was a revolution! Hildy! This is the greatest yarn in journalism since Livingstone discovered Stanley for the New York Herald!
Person2: Wait a minute -- wasn't it Stanley who discovered Livingstone?
Person1: Don't get technical at a time like this! Do you realize what you've done? You've taken a city that's been graft-ridden for forty years under the same old gang and with this yarn you're kicking 'em out and giving us a chance to have the same kind of government that New York's having under La Guardia! We'll make such monkeys out of these ward-heelers next Tuesday that nobody'll vote for them -- not even their wives!
Person2: I'd like to think.
Person1: Well, think it then, because it's true! We'll crucify that mob. We're going to keep Williams under cover till morning so the Post can break the story exclusive. Then we'll let the Governor in on the capture -- share the glory with him.
Person2: I get it!
Person1: You've kicked over the whole City Hall like an apple-cart. You've got the Mayor and Hartman backed against a wall. You've put one administration out and another in. This isn't a newspaper story -- it's a career! And you stand there belly-aching about whether you catch an eight o'clock train or a nine o'clock train! Still a doll-faced mugg! That's all you are.
Person2: Let me get at that typewriter and I'll show you how a doll-faced mugg can write!
Person1: Attagirl! Why, they'll be naming streets after you -- Hildy Johnson Street! There'll be statues of you in the parks, Hildy. The radio'll be after you -- the movies!  By tomorrow morning I'll betcha there's a Hildy Johnson cigar! I can see the billboards now. Light up with Hildy Johnson!
Person2: Whoa -- wait a minute. We can't leave Williams here. One of the other fellows'll --
Person1: We're going to take him over to my private office.  Where's our phone?
Person2: That one -- how you gonna take him? They'll see him.",1,Yes,1,True,"Reflection on the misclassification:

The input is a dialogue between two characters discussing a major news story involving a man named Bruce (or Earl Williams) who is in jail, and the impact of breaking this story on the city’s political landscape. The conversation is intense and revolves around journalism, political upheaval, and the significance of the story.

The predicted label was ""Yes,"" but the true label is ""1."" Without knowing the exact classification task or what the labels ""Yes"" and ""1"" represent, it seems there was confusion in interpreting the label format or the nature of the classification.

Likely misunderstandings:
1. Label Interpretation: The model may have confused the label ""1"" with ""Yes,"" assuming they are equivalent or interchangeable.",0.608191967010498,300,"Shaming or Belittlement,Accusation",Dependency
202,"Person1: I was nervous -
Person2: You were incompetent! - whether deliberately or as a result of age combined with drink this court will determine.
Person1: I tried to save him! I was desperate to save him! He was the last best hope in the universe for real peace.
Person2: The Chancellor herself will testify that the defendant's hands shook.",1,No,0,True,"In this dialogue, the key issue revolves around whether the exchange contains an admission or indication of guilt or responsibility, which would justify a label of ""1"" (likely meaning presence of guilt, responsibility, or a relevant affirmative classification).

Reflection on the error:

1. **Misunderstanding the context and emotional content:**  
   The first speaker (Person1) expresses nervousness and desperation to save someone (""He was the last best hope in the universe for real peace""), which suggests a high emotional stake and possibly a justification or explanation rather than denial. Person2 responds with a harsh judgment (""You were incompetent!"") and references a court determining whether the incompetence was deliberate or due to age and drink. This implies a legal or accusatory context where responsibility",0.6906638145446777,300,Accusation,
203,"Person1: What are you, crazy?
Person2: I just thought we should talk about it.  Between ourselves.
Person1: What's there to talk about?  She can sing. That puts her at the head of the class. That makes her the only one in the class.
Person2: I don't know ... She had gum on her lip, for Christ sake. I don't think she's right for the act.
Person1: You're getting cold feet about this.
Person2: I was just thinking what Ma would think.
Person1: Ma? Ma?  Was Ma there the last time we played the Ambassador?  Oh, that's right, she was on bass. How could I forget.",0,Yes,1,True,"In this dialogue, the predicted label was ""Yes"" (likely indicating agreement, affirmation, or a positive response), but the true label was 0 (likely indicating disagreement, negation, or a negative response). The misclassification suggests that the model misunderstood the tone or intent of the conversation.

Reflection on the error:

1. Context and Tone: The conversation is somewhat argumentative or skeptical. Person1 is dismissive and sarcastic (""What are you, crazy?"", ""She can sing. That puts her at the head of the class. That makes her the only one in the class.""), while Person2 is hesitant and concerned (""I don't think she's right for the act."", ""I was just thinking what Ma would think.""). The overall tone",0.6915140151977539,300,,
204,"Person1: It's like nothing I've ever felt before. I think I'm going crazy.
Person2: I'm sure you're not going crazy.
Person1: Kevin, I'm telling you... it was like nothing I've...
Person2: Yeah yeah yeah. Yadda yadda yadda. Were you stoned?
Person1: Yes, but you see, someone else was talking through my mouth.
Person2: You were stoned. Case closed. End of story. How hot is this babe?
Person1: I think it might've been this Lotte woman talking through me. Maxine likes to call me Lotte.
Person2: Ouch. Now that's hot. She's using you to channel some dead lesbian lover. Let me know when you're done with her. This is my type of chick.
Person1: I'm done with her now. Tonight really creeped me out.
Person2: You're crazy to let go of a chick who calls you Lotte. I tell you that as a friend.
Person1: I don't know anything about her. What if she's some sort of witch or something?
Person2: All the better. Hey, Hot Lesbian Witches, next Geraldo, buddy boy. Ha ha ha.
Person1: I gotta know the truth, Kevin.
Person2: The truth is for suckers, Johnny-Boy.",1,No,0,True,"In this dialogue, the true label is 1, but it was previously misclassified as 0 (No). Without knowing the exact classification task, the conversation suggests a discussion involving unusual or supernatural experiences, references to being ""stoned,"" channeling another person (""someone else was talking through my mouth""), and mentions of witches and dead lovers. The true label of 1 likely corresponds to the presence of a certain theme—possibly paranormal, supernatural, or mental health-related content.

**What was likely misunderstood?**  
- The subtlety of the conversation: The dialogue is informal and includes slang, sarcasm, and humor (""Yadda yadda yadda,"" ""Hot Lesbian Witches,"" ""next Geraldo""). This may have led to underestimating",0.6976070404052734,300,Shaming or Belittlement,
205,"Person1: What?
Person2: Did it ever occur to you that I might have some feelings about you moving to New York?
Person1: What feelings?
Person2: Us.
Person1: Of course.
Person2: And?
Person1: Come with me.
Person2: No, no, see, that's not what I'm saying. I could go to New York if I wanted to, but what's the point? So I can learn how to order a cappuccino? So I can get mugged by some crackhead? So I can see, see homeless people up close and personal?
Person1: So what do you wanna do?
Person2: Nothing.
Person1: No one does nothing, Jeff.
Person2: Okay, well, then, I'm gonna break new ground.
Person1: New ground?
Person2: Mm-hm.
Person1: Taking one community college course on the history of Nicaragua, while barely holding a job packing boxes?
Person2: Okay, look. My job is not who I am. I don't need that. Why? What's your goal? Status? Money? Getting your picture on the cover of some glossy magazine?
Person1: My goal is to make art.
Person2: So, what, why can't you do that here? What's wrong with here? Why is somewhere else better?
Person1: Why should I stay here, Jeff? So we can sit on the corner and watch the lights change, while you bitch about Burnfield?
Person2: Mm-mm.
Person1: So I can spend the rest of my life guessing what it would be like to be a real artist?
Person2: No, no.
Person1: So you and I can be intimate while your parents are out having dinner at the Sizzler? What are we doing, Jeff? You and me?
Person2: I don't know.",0,Yes,0,True,"In this dialogue, the predicted label was ""Yes,"" but the true label was ""0."" Without explicit context on what the labels represent, it seems the model likely misinterpreted the nature of the conversation.

Reflection on the error:

1. **Likely Misunderstanding:**
   - The conversation is emotionally charged and revolves around relationship dynamics, personal goals, and uncertainty about the future.
   - The model may have interpreted the presence of emotional content and discussion about intimacy and feelings as an affirmative or positive response (""Yes"").
   - However, the dialogue ends with ambiguity and unresolved tension (""I don't know""), suggesting no clear affirmative conclusion.
   - The model might have conflated emotional engagement or mention of intimacy with agreement or a positive outcome.",0.590749979019165,300,,
206,"Person1: What is it?
Person2: The video of Milos and Tamina - I told you to erase it.
Person1: I did.
Person2: And the whore's murder?  You didn't erase that either, did you?  Don't lie, I won't be angry.
Person1: Why not?
Person2: Put the camera down, Oleg.",1,Yes,1,True,"In this dialogue, the predicted label was ""Yes,"" but the true label was ""1."" Assuming the labels represent a binary classification (e.g., ""Yes"" = 0 and ""1"" = 1, or vice versa), the model likely misunderstood the context or the nature of the conversation.

Reflection on the error:

1. Ambiguity in Labels: The predicted label ""Yes"" and true label ""1"" might represent different classes, but the model may have conflated them or misunderstood the mapping between labels and classes.

2. Contextual Nuance: The conversation involves sensitive and potentially threatening content (""the whore's murder,"" ""I told you to erase it,"" ""Put the camera down, Oleg""). The model might",0.7478718757629395,300,,
207,"Person1: The next thing... his hand was in my shorts... you know, from behind.  His fingers... his fingers...
Person2: Take your time.
Person1: They were in me.  Both places... you know.
Person2: I understand.
Person1: He said something like, ""Do you want it dirty7"" or something.  I tried to turn away, but he pushed me to the floor.
Person2: Was there penetration?  Did he put himself inside you?
Person1: Yes.  I said stop.  I screamed.  I mean that's how it sounded in my head.  He hurt me...
Person2: That's okay, Kelly.  You're doing fine.  But I have to ask you something here. When you say it hurt.  Was this the first time a man was inside you?
Person1: No.  I've done it a couple of times, I mean with guys I dated.  But this hurt... like, he was built... you know...
Person2: He was large?",0,No,0,True,"Reflection on the error:

The input dialogue clearly describes a non-consensual sexual encounter involving physical force, pain, and distress. The conversation includes explicit references to unwanted touching, pushing to the floor, penetration despite the person's protests, and the person expressing that it hurt. These are strong indicators of sexual assault or rape.

The predicted label was ""No,"" which presumably means the model classified this as not an instance of sexual assault or not meeting the criteria for the positive class. The true label was 0, which likely corresponds to the positive class (sexual assault present).

What was likely misunderstood:

- The model may have focused on the parts where the person mentions prior consensual sexual experiences (""I've done it a couple of times, I mean with guys",0.6012940406799316,300,,
208,"Person1: How do you feel about that?
Person2: I don't feel anything.
Person1: You have no feelings for your niece?
Person2: She was born after they put me away. How can I have feelings?
Person1: Then why are you talking about this?
Person2: Have to talk about something.
Person1: What are you afraid will happen?
Person2: I'm not afraid. I'm just saying that Carlos has a thing for his daughter, and if he isn't careful he's going to suffer.
Person1: Have you talked to Carlos about your concerns?
Person2: I'm not that crazy.
Person1: Do you think you're crazy?
Person2: If I'm not, then what the hell am I doing here?
Person1: Why do you think you're here?
Person2: You know why. It's part of the parole deal.
Person1: Is that what you are angry about?
Person2: Talking to you is like riding on a merry-go-round.
Person1: That is a marvelous image, Walter. Because by going in circles we find the things we missed the first time around.",1,No,0,True,"In this dialogue, the predicted label was ""No"" (likely indicating no significant emotional or psychological issue), but the true label was ""1"" (indicating presence of such an issue, e.g., mental health concern, emotional distress, or risk).

Reflection on the error:

1. **What was likely misunderstood?**  
   The conversation contains subtle but significant cues of emotional distress and possible mental health struggles. Person2 expresses numbness (""I don't feel anything""), detachment (""She was born after they put me away""), and confusion about their own mental state (""If I'm not [crazy], then what the hell am I doing here?""). They also mention being in a situation as part of a parole deal, implying legal and psychological complications",0.9159891605377197,300,Shaming or Belittlement,
209,"Person1: Whatever the 'truth' is, let's hear that. You were her doctor.
Person2: Yes.
Person1: Say it.
Person2: I was her doctor.
Person1: You were the anesthesiologist at her delivery May twelfth, nineteen seventy...
Person2: ...I was one of a group of...
Person1: Answer affirmatively. Simply. Keep those answers to three words. You weren't 'part of a group,' you were her anesthesiologist. Isn't that right?
Person2: Yes.
Person1: You were there to help Dr. Marx deliver her baby. Were you not?
Person2: Yes.",0,No,0,True,"In this dialogue, Person1 is clearly trying to confirm Person2's role as the anesthesiologist during a delivery, and Person2 repeatedly affirms this with ""Yes."" The true label is 0, which presumably indicates agreement or affirmation, but the model predicted ""No,"" indicating disagreement or negation.

Likely Misunderstanding:
- The model probably misinterpreted the ""Yes"" responses as negative or contradictory due to the complex, somewhat confrontational style of Person1's questioning.
- The model might have been confused by the phrase ""You weren't 'part of a group,' you were her anesthesiologist,"" which is a negative construction (""weren't""), possibly leading it to infer a denial or contradiction.
- The model may",0.815140962600708,300,,
210,"Person1: I won't have another mate like ONA.  You rate very high in sanitation.  I've checked.  In fact, I am surprised that you were ever matched with LUH.  Her ratings are very erratic - you know what I mean.  We'll be happy.
Person2: I don't feel well.",0,No,0,True,"Let's analyze the misclassification step-by-step:

1. Input Summary:
- Person1 is expressing positive sentiments about Person2, praising their ""sanitation"" (likely a metaphor or a specific rating) and expressing surprise that Person2 was matched with someone (LUH) who has ""erratic"" ratings.
- Person1 ends with ""We'll be happy,"" which is a positive, reassuring statement.
- Person2 responds with ""I don't feel well,"" which is a negative or concerning statement about their current state.

2. Predicted vs. True Label:
- Predicted: No (likely meaning ""no"" to some positive or affirmative label)
- True label: 0 (which presumably corresponds to the same as ""No"" or ""negative",0.710676908493042,300,,
211,"Person1: Of course you'll go!  You're going to fly the helicopter.
Person2: I dunno.
Person1: You're so low!  Look at that beautiful red meat.  You haven't touched it.
Person2: Sorry.  At least you've got a place to come back to.  I don't have a place to come back to anymore.
Person1: All the more reason to go to Africa.
Person2: I dunno. You know.  I used to really love that Alice. Do you know that?
Person1: You know her for what she is now-- garbage.
Person2: I dunno.
Person1: She was always a rotten wife!  She was against everything manly you ever wanted to do.  He was the most daring test pilot in the country at one time, and his wife made him quit.  She made him become a life insurance salesman instead.",1,Yes,1,True,"Reflection on the misclassification:

The input dialogue is somewhat ambiguous and emotionally complex. The predicted label was ""Yes,"" but the true label is ""1."" Without knowing the exact classification task or what ""Yes"" and ""1"" represent, I will assume this is a binary classification where ""Yes"" corresponds to one class and ""1"" corresponds to the other.

Likely misunderstanding:
- The model probably focused on the surface content of the conversation—mentions of going somewhere, flying a helicopter, and references to a place to come back to—interpreting these as affirmative or positive cues.
- The dialogue contains emotional tension, regret, and negativity about relationships and life choices, which might have been overlooked or misinterpreted.
- The repeated ""I",1.2315888404846191,300,Persuasion or Seduction,Low self-esteem
212,"Person1: I got to get home.
Person2: Forget your curfew. Most sixth graders can stay out later than you.",1,Yes,0,True,"Let's analyze the misclassification:

Input:
Person1: I got to get home.
Person2: Forget your curfew. Most sixth graders can stay out later than you.

Predicted: Yes  
True label: 1

---

**Step 1: Understand the labels and prediction**

- The predicted label was ""Yes"" (likely meaning the model predicted some kind of agreement, affirmation, or positive response).
- The true label was ""1"" (which presumably corresponds to the same or a similar positive label, but since the user says it was misclassified, it suggests the model's output was incorrect or the labels are not aligned).

**Step 2: Identify the likely misunderstanding**

- The first person says: ""I got to get",0.8157861232757568,300,"Persuasion or Seduction,Shaming or Belittlement",
213,"Person1: Let's do it here.
Person2: What about him?
Person1: Let him watch.  I want him to know what he's missing.",0,Yes,0,True,"In this example, the input dialogue is:

Person1: Let's do it here.  
Person2: What about him?  
Person1: Let him watch. I want him to know what he's missing.

The predicted label was ""Yes,"" but the true label is ""0.""

Reflection on the error:

1. **Likely Misunderstanding:**  
   The model probably interpreted the phrase ""Let's do it here"" and the subsequent conversation as an agreement or affirmation (""Yes""). However, the true label ""0"" suggests that the dialogue does not represent a positive or affirmative response in the intended classification context. The phrase ""Let him watch. I want him to know what he's missing."" implies exclusion or a deliberate decision to leave someone out,",0.8190701007843018,300,,
214,"Person1: And I couldn't follow her.  God knows I tried.  One doesn't often get a second chance. I want to stop being haunted. You're my second chances, Judy.
Person2: Take me away...
Person1: You look like Madeleine, now. Go up the stairs.
Person2: No!
Person1: Go up the stairs, Judy.  I'll follow.",1,Yes,0,True,"In this case, the input appears to be a dialogue excerpt, and the predicted label was ""Yes"" while the true label was ""1."" Assuming the task involves binary classification where ""Yes"" corresponds to one class and ""1"" corresponds to another, the model likely misunderstood the labeling scheme or the context of the dialogue.

Reflection on the error:

1. Ambiguity in Label Interpretation: The predicted label ""Yes"" and the true label ""1"" might represent the same class but were expressed differently, or they might represent different classes. If the model treated ""Yes"" as a categorical label rather than a binary indicator, it could have caused confusion.

2. Contextual Understanding: The dialogue involves emotional and narrative elements (""second chances,"" """,0.8267829418182373,300,Persuasion or Seduction,
215,"Person1: Oh, hello, perhaps you could help me.  I'm looking for an aerosol love potion I could spray on a certain Penthouse Pet that would make her unconditionally submit to an unusual personal request.
Person2: Oh, hiya, Pete.
Person1: So, no goat hooves, huh?
Person2: I knew that voice sounded familiar.  What's up?  How's it going?
Person1: Nowhere -- fast.  Why don't you lock up and buy me a sub?
Person2: Uh, I can't.  I'm kind of working on something.",0,No,0,True,"In this case, the input dialogue involves a somewhat unusual and playful conversation between two people, with references to an ""aerosol love potion,"" ""Penthouse Pet,"" and ""goat hooves,"" which might suggest some fantastical or metaphorical elements. The predicted label was ""No,"" while the true label was 0. Assuming the classification task is binary and that ""0"" corresponds to ""No,"" the prediction and true label actually align, so there might be some confusion about the labels.

However, if the predicted label ""No"" was interpreted as a misclassification, the likely misunderstanding could stem from the ambiguous and figurative language used in the dialogue. The model might have struggled to interpret the intent or the context behind the conversation,",0.8150730133056641,300,,
216,"Person1: Of all the crazy things. I understood when you dropped out of law school. And during this whole mess, I've tried to be supportive. But, really, Letty, what can you be thinking?
Person2: I love him.
Person1: You're going to throw away our life together for some shared experience with a looney-tune that you misguidedly think is love?
Person2: Here's the ring.
Person1: No way. You keep the ring.     You'll come to your senses.",1,Yes,1,True,"In this dialogue, the predicted label was ""Yes,"" while the true label was ""1."" Assuming the labels correspond to a binary classification task (e.g., ""Yes"" = 0 and ""1"" = 1, or vice versa), the model likely misunderstood the sentiment or the nature of the interaction between the two speakers.

Reflection on the error:

1. Misunderstanding the context: The conversation involves a tense exchange where Person1 is critical and disapproving of Person2's decisions, while Person2 expresses love and offers a ring, which Person1 rejects. The emotional complexity and the implied conflict might have been misinterpreted.

2. Ambiguity in labels: The predicted label ""Yes"" versus the true label ""1",0.6145200729370117,300,Shaming or Belittlement,Dependency
217,"Person1: Do not turn your back on me.
Person2: You are really going to force this, aren't you?
Person1: Either you are with me or against me.",1,Yes,1,True,"Let's analyze the misclassification:

Input:
Person1: Do not turn your back on me.
Person2: You are really going to force this, aren't you?
Person1: Either you are with me or against me.
Predicted: Yes
True label: 1

Reflection:

1. Understanding the labels:
- The predicted label was ""Yes,"" which presumably corresponds to a binary classification (e.g., ""No"" = 0, ""Yes"" = 1).
- The true label is 1, which matches ""Yes,"" so the prediction and true label seem consistent here. However, the user says it was misclassified, so perhaps the predicted label was ""No"" or 0, but the message says ""Predicted",0.5755808353424072,300,,Dependency
218,"Person1: There's no point in helping some of them when there are so many others.
Person2: I know perfectly well how little I can do. What I want to do is give passing beggars a roof, some food, and a bit of human warmth.
Person1: Is that all you're going to devote your life to?
Person2: I'm not sure yet. I've had a shock recently, and I'm only beginning to get over it. Perhaps I'll go back to the convent one day.",1,No,0,True,"In this dialogue, the key issue likely stemmed from misunderstanding the underlying theme of the conversation. The exchange revolves around helping others, specifically providing aid to beggars, and contemplating a life devoted to service or returning to a convent. The true label ""1"" presumably indicates that the conversation is about commitment to helping others or a positive intention toward altruism.

The misclassification as ""No"" suggests that the model may have focused too much on the uncertainty and hesitation expressed by Person2 (""I'm not sure yet,"" ""I've had a shock recently"") rather than the overall positive intent and willingness to help. The model might have interpreted the doubt and the mention of possibly returning to the convent as a lack of commitment or negation, rather than as part of",0.6105430126190186,300,Accusation,Low self-esteem
219,"Person1: Did your mother ever say that to you - that I would hurt you?
Person2: No, Dad.
Person1: Are you sure?
Person2: Yes, Dad.",0,No,0,True,"Let's analyze the misclassification carefully.

Input:
Person1: Did your mother ever say that to you - that I would hurt you?
Person2: No, Dad.
Person1: Are you sure?
Person2: Yes, Dad.

Predicted: No  
True label: 0

---

### Reflection on the error:

1. **Understanding the labels:**  
   The true label is 0, which presumably corresponds to a ""No"" or negative classification. The predicted label was ""No"" as well, which seems to align with the true label. However, the user states this was a misclassification, so it is possible that the predicted label was interpreted incorrectly or the model output was ambiguous.

2. **Potential misunderstanding:**",0.9239246845245361,300,,
220,"Person1: That's ridiculous.
Person2: I'm talking to you as a friend now. Don't ruin your life, your career for her.  She'll spit you out when this is over.
Person1: You don't know what you're talking about.
Person2: Really?  What does an attorney speak to his client about at her house until three o'clock in the morning?
Person1: You've been following me?
Person2: Her.  It's an obvious move.  I'm building a case against her, remember?",1,Yes,1,True,"In this dialogue, the predicted label was ""Yes,"" but the true label was ""1."" Without explicit context on what these labels represent, it seems the model likely misunderstood the nature of the interaction or the relationship between the speakers.

Reflection on the error:

1. Ambiguity in Labels: The predicted label ""Yes"" versus the true label ""1"" suggests a possible confusion between categorical labels and binary or numeric labels. The model might have misinterpreted the label format or the classification task.

2. Misinterpretation of Dialogue Content: The conversation involves a tense exchange about a potentially manipulative or harmful relationship, with Person2 warning Person1 about ""her."" The model might have misclassified the sentiment, intent, or relationship dynamics due to",0.8208210468292236,300,Intimidation,
221,"Person1: Yes there is.  I felt it this morning when I brought you the coffee.
Person2: Shit, here we go.
Person1: You didn't want to see me, did you?
Person2: If there is one thing I can't stand about sleeping with women, it's all the mind reading.
Person1: What are you afraid of?
Person2: I'm not afraid of anything.
Person1: I don't understand - ?
Person2: I know!  You can't understand, because we're different, Violet.  We're different.
Person1: We're not that different, Corky.
Person2: How can you sit in that bed and say that?
Person1: Because it's the truth.
Person2: Let me guess.  This is where you tell me that what matters is on the inside.  That inside you, there is a little dyke just like me?
Person1: Oh no, she's nothing like you.  She's a lot smarter than you.
Person2: Is that what her daddy tells her?
Person1: I know what I am.  I don't need to have it tattooed on my shoulder.
Person2: What are you saying?  That you don't have sex with men?
Person1: I don't.
Person2: For Christ's sake, Violet!  I heard you!  Thin walls, remember?
Person1: What you heard wasn't sex.
Person2: What the heck was it?
Person1: All my life, everyone has been telling me that when I have sex, I'm not really having sex.  Not real sex. But they're wrong.  I know what is and isn't sex and what you heard was definitely not sex.
Person2: What was it then?
Person1: Work.",1,No,0,True,"In this dialogue, the true label is 1, which presumably indicates the presence of a certain theme or category (likely related to LGBTQ+ content, given the context), but the model predicted ""No,"" missing this.

Reflection on the error:

1. **Context and Subtext Misunderstood**: The conversation revolves around sexual identity and orientation, with explicit references to same-sex relationships (""sleeping with women,"" ""a little dyke just like me,"" ""I don't have sex with men""). The model likely failed to pick up on these nuanced cues indicating LGBTQ+ themes.

2. **Literal vs. Implicit Meaning**: The dialogue includes indirect language and metaphorical expressions (""I don't need to have it tattooed on my shoulder,"" """,0.9170739650726318,300,"Shaming or Belittlement,Denial",
222,"Person1: Apart from that, you look pretty chipper for a man who's two thousand and thirty one years old.  I read the clocks. They bear out Hasslein's hypothesis. We've been away from Earth for two thousand years, give or take a decade.  Still can't accept it, huh?
Person2: long pause) You know it.
Person1: Because time has wiped out everyone and everything you cared for -- they're dust.
Person2: Prove it. If we can't get back, it's still just a theory.
Person1: It's a fact, Landon. Buy it. You'll sleep better.",1,Yes,0,True,"In this case, the predicted label was ""Yes"" while the true label was ""1."" Assuming that ""Yes"" and ""1"" represent the same class (e.g., a positive or affirmative label), there seems to be no misclassification here. However, if ""Yes"" and ""1"" were intended to represent different classes, then the error might stem from a misunderstanding of the dialogue's context or the labeling scheme.

Reflecting on the dialogue content:

- Person1 discusses the passage of two thousand years and the loss of everyone and everything Person2 cared about.
- Person2 is skeptical and asks for proof.
- Person1 insists it's a fact.

The conversation revolves around acceptance of a harsh reality, with Person2 showing doubt but ultimately",0.639592170715332,300,Persuasion or Seduction,
223,"Person1: More wine, sister?  Surely you can drink more than that.
Person2: I was suddenly thinking about going to bed.
Person1: Oh, stay...  Don't you want to join the chorus of praises for Narcissus' glory?  Just remember, he is a married man.",1,No,1,True,"Let's analyze the dialogue and the misclassification:

Input:
Person1: More wine, sister? Surely you can drink more than that.  
Person2: I was suddenly thinking about going to bed.  
Person1: Oh, stay... Don't you want to join the chorus of praises for Narcissus' glory? Just remember, he is a married man.

Predicted: No  
True label: 1

---

### Reflection on the error:

1. **Context and Implication**:  
   The conversation involves Person1 encouraging Person2 to drink more wine and stay up, possibly to participate in some social or celebratory event (""join the chorus of praises for Narcissus' glory""). The mention of Narcissus being a married man hints at",1.1095919609069824,300,Persuasion or Seduction,
224,"Person1: I have waited for you, my son, for a long time. I have sat in this room and seen the faces of newcomers. I have looked into their eyes and heard their voices - always in hope that I might find you . My friend, it is not an arduous task that I bequeath, for our order knows only silken bonds. To be gentle and patient, to care for the riches of the mind, to preside in wisdom, while the storm rages without.
Person2: Do you think this will come in my time?",0,No,0,True,"In this case, the predicted label was ""No,"" while the true label was ""0."" Assuming the labels ""No"" and ""0"" correspond to the same class (e.g., ""No"" = 0), the issue might be a formatting or interpretation mismatch rather than a true misclassification. However, if ""No"" and ""0"" represent different classes, then the model likely misunderstood the context or the question being asked.

Reflection on the error:

1. Ambiguity in Labels: The predicted label ""No"" and the true label ""0"" might have been treated as different classes due to formatting differences (string vs. numeric). This can cause confusion in evaluation.

2. Context Understanding: The input is a dialogue with a",0.7285308837890625,300,,
225,"Person1: Hey, GI bill pays for school. And shit, if I stuck around here, instead of signing up, I'd probably be in jail, or sitting on the stoop drinking Bitter Dog with Rose, you know?
Person2: Yeah I know. You're smart Judge. You ain't no bourgeois nigger like those Paper Panthers across the bay. I need every good man to help us with the security on Betty Shabazz, particularly soldiers. You do solid on that I might have something else for you, something real important.
Person1: Whatever you need, I'll be there.
Person2: Right on Brother Judge...",0,No,0,True,"In this case, the predicted label was ""No"" while the true label was ""0"" (which presumably means ""Yes"" or a positive classification, depending on the task). The input contains informal, colloquial dialogue with some potentially sensitive or charged language, including racial slurs and references to groups and activities that might be associated with violence or militancy.

Likely misunderstandings:

1. **Context and Tone**: The model may have focused on the presence of offensive language or references to militancy/security and interpreted the conversation as negative or harmful, leading to a ""No"" classification. However, the conversation might actually be about solidarity, recruitment, or support within a community, which could be positive or neutral depending on the task.

2.",0.6062479019165039,300,,
226,"Person1: What's... you... well, what's the matter, You w-wanna go to that party?
Person2: I don't know, I thought it might be kind of fun, you know what I mean, it'd be nice to meet some new people.
Person1: I'm just not... you know, I don't think I could take a mellow eve- 'cause I-I don't respond well to mellow, you know what I mean, I-I have a tendency to... if I get too mellow, I-I ripen and then rot. You know, and it's-it's not good for my...
Person2: All right, all right, you don't wanna go to the party, so uh, whatta you wanna do?",1,No,0,True,"In this dialogue, the predicted label was ""No"" (likely indicating a negative or refusal response), but the true label was ""1"" (which presumably means a positive or affirmative response).

Reflection on the error:

1. **Misunderstanding the nuance of the conversation:**  
   Person1 expresses hesitation and discomfort about going to the party, mentioning not responding well to ""mellow"" situations and a tendency to ""ripen and then rot,"" which metaphorically suggests emotional vulnerability or discomfort. However, Person2 is trying to encourage Person1 to do something fun and meet new people, and ultimately asks what else they want to do instead.

2. **Ambiguity in the response:**  
   Person1 never explicitly says ""No"" to",0.7848758697509766,300,,
227,"Person1: Why won't you answer me?
Person2: Cause you know goddamn well who I am.
Person1: I don't know you.
Person2: You've lived with me for two years.
Person1: That doesn't mean shit. Where do you come from, huh? And I don't mean Indiana.
Person2: What do you want me to say? My mother's tummy?
Person1: You know goddamn well what I mean.
Person2: You're out of your mind. I'm not gonna stand around here gettin' interrogated by you.
Person1: Well leave then. Go to Hell.
Person2: You son-of-a-bitch. Who do you think you are? I don't deserve this. Who takes care of you day and night? Who cleans the floor and washes your goddamn underwear? Well, I've had it. You flip out on your own, you ungrateful bastard. I'm done holding your hand. I don't want anything to do with you, you hear? Nothing!",1,No,1,True,"In this dialogue, the predicted label was ""No"" while the true label was ""1"" (presumably indicating a positive or affirmative classification, such as the presence of a certain condition or relationship). The misclassification likely arose from misunderstanding the emotional and relational context of the conversation.

Reflection on the error:

1. **Misunderstood emotional intensity and relationship dynamics:**  
   The conversation is highly charged, with expressions of frustration, resentment, and deep familiarity. Person2’s lines reveal a caretaker role (""Who takes care of you day and night? Who cleans the floor and washes your goddamn underwear?""), indicating a close, possibly dependent relationship. The dialogue suggests conflict within a cohabiting or caregiving relationship, which might be critical for",0.904371976852417,300,"Playing Servant Role,Shaming or Belittlement",
228,"Person1: What's outside of Pleasantville?
Person2: Look it doesn't matter. It's not important.
Person1: What is it?",1,Yes,1,True,"Let's analyze the misclassification:

Input:
Person1: What's outside of Pleasantville?  
Person2: Look it doesn't matter. It's not important.  
Person1: What is it?

Predicted: Yes  
True label: 1

---

**Reflection on the error:**

1. **Ambiguity in the label format:**  
   The predicted label was ""Yes,"" while the true label was ""1."" It is unclear whether ""Yes"" and ""1"" represent the same class or different classes. If ""Yes"" corresponds to a positive or affirmative response and ""1"" is a numeric label for the same class, then the prediction might be correct but just formatted differently. However, if ""Yes"" and ""1"" are",0.699951171875,300,Evasion,
229,"Person1: Good for you. Why shouldnt you protect whats yours.
Person2: I dont think youre hearing me.
Person1: Oh, Im hearing you, Alan. Thats not the problem. The problem is that what you think is yours, is really mine.  And I dont care how low on the totem pole I start, I will get it back...  So do yourself a favor and dont get too attached to that view because sometime soon, maybe very soon, you and your French country antiques, your chintz sofa, and your little play pen are gonna be moving out of that office.",1,Yes,1,True,"In this case, the predicted label was ""Yes"" while the true label was ""1."" Assuming the task involves binary classification where ""Yes"" corresponds to one class and ""1"" corresponds to the other, the model likely confused the labels or misunderstood the context.

Reflection on the error:

1. Misunderstood Context and Tone:  
   The dialogue is confrontational and involves a power struggle over possession or control (""what you think is yours, is really mine""). The model may have misinterpreted the aggressive and assertive tone as agreement or affirmation (""Yes""), rather than recognizing it as a conflict or disagreement.

2. Ambiguity in Label Mapping:  
   The predicted label ""Yes"" and true label ""1"" might represent different",0.9505548477172852,300,Intimidation,
230,"Person1: Shit! Come on!
Person2: Watch which friends you do play with. A record like yours could land you in jail, get you kicked out of school, no colleges would take you. No future. Exiled from everyone and everything you love.",0,Yes,1,True,"In this example, the input contains a tense and somewhat harsh exchange, with Person2 warning Person1 about the consequences of their behavior. The predicted label was ""Yes,"" but the true label is ""0,"" indicating that the model incorrectly classified this as a positive or affirmative case (depending on the task context).

Likely Misunderstanding:
- The model probably misinterpreted the strong language and warnings as an indication of agreement, affirmation, or a positive response.
- The presence of emotionally charged words like ""shit,"" ""jail,"" ""no future,"" and ""exiled"" might have been incorrectly associated with a positive or confirming label.
- The model may have failed to grasp the negative or cautionary tone and instead focused on the presence of",0.5835490226745605,300,,
231,"Person1: I'll take them up to my mother's if it'll make you feel better.  Spend a week.  I'll change the locks, the phone lines, I'll even get a bodyguard, all right?  Elizabeth, get a hold of yourself.
Person2: Jim, before this Kennedy thing, nothing mattered to you in this life more than your children.  The other night Jasper tried to show you a drawing.  You didn't even notice he was there.  He came to me bawling his little eyes out.  Jim, he's sensitive - he needs more from you.
Person1: I promise I'll make more time for Jasper.
Person2: Is it such a chore?  I don't understand you.
Person1: Damn it, if I say I'll spend more time with him, I'll spend more time with him.  I can't fight you and the world too, Liz.
Person2: I'm not fighting you, Jim, I'm just trying to reach you.  You've changed.
Person1: Of course, I've changed!  My eyes have opened, and once they're open, believe me, what used to look normal seems insane!  And now King.  Don't you think this has something to do with that?  Can't you see?
Person2: I don't want to see, goddammit!  I'm tired.  I've had enough!  They say you don't have anything anyway! Everybody in town's talking.  You're ruining this man Shaw's life!  You're attacking him because he's homosexual! Going ahead with this stupid ""trial""! Did you ever once stop and consider what he's going through?
Person1: That's not why I'm attacking him! You don't believe me - all this time you never believed me.
Person2: Oh, I don't know anymore!  I believe there was a conspiracy, but not the government.  I just want to raise our children and live a normal life! I want my life back!",1,No,1,True,"In this dialogue, the predicted label was ""No"" while the true label was ""1"" (which presumably means ""Yes"" or an affirmative classification). The misclassification suggests that the model failed to correctly identify the underlying theme or intent of the conversation.

Reflection on the error:

1. **Context and Subtext Misunderstood**: The conversation revolves around a tense, emotionally charged discussion between two people (likely a couple) about family, trust, and a controversial ""trial"" involving a man named Shaw, who is homosexual. Person1 is deeply involved in some kind of fight or investigation (""this Kennedy thing,"" ""trial""), which is straining family relationships. Person2 is expressing exhaustion and a desire for normalcy, while also acknowledging some",1.4046671390533447,300,Accusation,
232,"Person1: So I assume we're regarding this As just a kind of interlude.
Person2: Look, it's too much of a tangle. I already cast my lot.  I can't go Back and I can't sneak, feel back Enough as it is.
Person1: You feel bad about this?  About me?
Person2: I didn't mean it that way.
Person1: You know you don't have to sneak. You could stay with me.  I know Things, Wyatt.  Sweet things.  I Could make you so happy.
Person2: I can't, I'm sorry.  Forgive me.",0,No,0,True,"In this dialogue, the predicted label was ""No,"" but the true label was 0, which presumably corresponds to ""No"" as well (assuming 0 means ""No""). However, since the user says it was misclassified, it suggests that the model's prediction did not match the true label.

Assuming the labels are binary (Yes=1, No=0), and the predicted label was ""No"" but the true label was 0, that would mean the prediction was correct. So perhaps the user means the predicted label was ""Yes"" but the true label was 0 (""No""). The user wrote ""Predicted: No"" and ""True label: 0,"" which seems consistent, so maybe the user made a mistake",0.6544718742370605,300,,
233,"Person1: M'lady... what kindness of you to visit a stranger.
Person2: Sir, I... come to beg you to confess all, and swear allegiance to the king, that he might show you mercy.
Person1: Will he show mercy to my country? Will he take back his soldiers, and let us rule ourselves?
Person2: Mercy... is to die quickly. Perhaps even live in the Tower. In time, who knows what can happen, if you can only live.
Person1: If I swear to him, then everything I am is dead already.",1,No,0,True,"In this dialogue, the key issue likely stems from misunderstanding the nature of the label ""1"" versus ""No"" (presumably ""0""). The conversation revolves around themes of allegiance, mercy, and the fate of a country under a king's rule. Person2 urges Person1 to confess and swear allegiance to the king to receive mercy, while Person1 expresses deep reluctance, implying that swearing allegiance would mean the death of their identity and country.

The predicted label ""No"" suggests the model interpreted the dialogue as a negative or non-affirmative response, possibly missing the nuance that Person1 is indeed engaging with the idea of allegiance and mercy, even if reluctantly. The true label ""1"" indicates that the correct classification should acknowledge the presence",0.718127965927124,300,Persuasion or Seduction,
234,"Person1: Anne...!  I know... I know that to love you is treason against France. But not to love you... is treason against my heart.
Person2: Then we will both die traitors, d'Artagnan.",0,No,0,True,"Let's analyze the misclassification:

Input:
Person1: Anne...!  I know... I know that to love you is treason against France. But not to love you... is treason against my heart.
Person2: Then we will both die traitors, d'Artagnan.

Predicted: No  
True label: 0

---

Reflection:

1. **Understanding the labels:**  
   The true label is 0, which presumably corresponds to ""No"" or ""Negative"" (depending on the task). The predicted label was ""No,"" which seems to match the true label numerically (0). However, the user states this was a misclassification, so there might be a mismatch in label interpretation or formatting.

2",0.6644434928894043,300,,
235,"Person1: PMS. What symptoms are you experiencing?
Person2: It's hard to describe. I get really bloated and irritable and emotional and depressed and...
Person1: That's just part of being a woman. Diet and exercise should help. Avoid salt, sugar, starches, caffeine, alcohol...
Person2: What else is there?
Person1: And keep a journal of your symptoms to make sure it's related to your period and not just in your head.
Person2: It's not just in my head.",0,No,0,True,"In this dialogue, the key issue revolves around whether the conversation reflects a dismissive or invalidating attitude toward Person2's symptoms. The true label ""0"" likely indicates that the conversation is not dismissive or invalidating, while the predicted label ""No"" (which presumably corresponds to ""not dismissive"") was incorrect.

Reflection on the error:

1. Misunderstanding the tone and content:  
   Person1 acknowledges the symptoms and offers practical advice (diet, exercise, journaling) rather than outright dismissing or trivializing Person2's experience. Although Person1 says ""That's just part of being a woman,"" which could be interpreted as minimizing, it is followed by concrete suggestions to manage symptoms. Person1 also advises keeping a journal to",0.711467981338501,300,,
236,"Person1: Leave at once --
Person2: But it's just begun --
Person1: Do as I say.",0,Yes,0,True,"In this example, the input is a short dialogue:

Person1: Leave at once --  
Person2: But it's just begun --  
Person1: Do as I say.

The predicted label was ""Yes,"" but the true label is ""0.""

### Reflection on the error:

1. **Likely misunderstanding:**  
   The model probably interpreted the dialogue as an agreement or affirmation (""Yes"") because Person1 is giving commands and Person2 responds, which might have been misread as compliance or consent. However, the true label ""0"" suggests that the dialogue does not represent agreement, consent, or a positive response.

2. **What was likely missed:**  
   - The tone and content indicate a conflict or disagreement rather than agreement.",0.9485983848571777,300,,
237,"Person1: Nice mouth you got there, Mom, but I -- I'm not goin' through this again.
Person2: You're not goin' through this again? You? You're not the one who knows how Jiffy Pop feels.
Person1: Oh, c'mon... First the picture of Tammy, then Brett Clemens, now this? It's scary.
Person2: Let me tell you ""scary,"" Amber. Look at me. Do you wanna look like you been rode hard and put away wet at my age? I'm a ""lifer"" here. Best I can hope for is to end up in a descent ""raisin ranch"" where they'll change me twice a day.
Person1: That's it, I'm goin'...
Person2: Honest to God, if I got to do it over? I'd start walkin' outta this town the minute I took my first step. Practically the only thing I wouldn't do different is have you...",1,Yes,0,True,"Reflection on the misclassification:

The input dialogue is a conversation between two people, with Person2 describing a difficult, possibly prison-like environment (""I'm a 'lifer' here,"" ""end up in a descent 'raisin ranch' where they'll change me twice a day""). The tone is serious and somewhat grim, discussing hardship and regret. The true label is 1, which presumably means a positive or affirmative classification (likely ""Yes"" or ""True""), and the predicted label was also ""Yes,"" so the prediction matches the true label here.

However, the user states that this was a misclassification, so perhaps the predicted label was ""Yes"" but the true label was 1, which might be the same, or maybe the labels are",0.850182294845581,300,,
238,"Person1: You keep trying to lay this whole ride on                 t Keaton. It wasn't like that. Sure he knew, but Edie had him all turned around.                 r I'm telling you straight, I swear.                        +
Person2: Let me tell you something. I know Dean Keaton. I've been investigating him for three years. The guy I know is a cold-                    + blooded bastard. L.A.P.D. indicted him on three counts of murder before he was kicked off the force, so don't sell me the hooker with the heart of gold.                        +
Person1: You got him wrong.
Person2: Do I? Keaton was under indictment a total                 + of seven times when he was on the force.                  + In every case, witnesses either reversed                  + their testimony to the grand jury or died                 + before they could testify. When they                      t finally did nail him for fraud, he spent                  + five years in Sing Sing. He killed three prisoners inside - one with a knife in the tailbone while he strangled him to death. Of course I can't prove this but I can't prove the best part either.",1,No,0,True,"Reflection on the misclassification:

The input dialogue involves a discussion about a person named Dean Keaton, with Person2 accusing him of serious crimes including multiple indictments for murder, time spent in prison, and violent acts inside prison. Person1 defends Keaton, but Person2 provides detailed allegations and a strong negative characterization.

The true label is 1, which likely indicates the presence of some specific attribute or condition (e.g., a positive sentiment, agreement, or a particular classification relevant to the task). The model predicted ""No,"" which suggests it failed to recognize the correct label.

What was likely misunderstood:
- The model may have focused on the negative content and accusations against Keaton and interpreted the overall sentiment or classification as negative or ""No",0.8168959617614746,300,Shaming or Belittlement,
239,"Person1: You need ID in there?
Person2: You do. To get out of here. You're gonna be me.
Person1: I don't wanna be you. I wanna go home.
Person2: You can't go home. When UST finds we're gone, they'll come after you and put us away.",0,Yes,1,True,"In this dialogue, the predicted label was ""Yes,"" but the true label is ""0,"" indicating that the correct classification should have been ""No.""

Reflection on the error:

1. Misunderstanding of Context:  
   The conversation involves a tense exchange about needing ID and the consequences of leaving or escaping (""You can't go home,"" ""UST will come after you and put us away""). The model likely interpreted the mention of needing ID and the urgency as an affirmative or agreement (""Yes"") to some implied question or statement, rather than recognizing the underlying refusal or negative sentiment expressed by Person1 (""I don't wanna be you. I wanna go home."").

2. Ambiguity in the Input:  
   The snippet does not contain a clear question",0.6167287826538086,300,,
240,"Person1: Good morning, Alex, my name is Dr. Branom. I'm Doctor Brodsky's assistant.
Person2: Good Morning, Missus. Lovely day, isn't it?
Person1: Indeed it is. May I take this She removes his tray.
Person1: How're you feeling this morning?
Person2: Fine... fine.
Person1: Good. In a few minutes, you'll meeting Dr. Brodsky and we'll begin your treatment. You're a very lucky boy to have been chosen.
Person2: I realise all that, Missus, and I'm very grateful to all concerned.
Person1: We're going to friends now, sir.
Person2: I hope so, Missus. She inserts a needle into the medicine vial.
Person2: What's the hypo for then? Going to send me to sleep?
Person1: Oh no, nothing of the sort.
Person2: Vitamins will it be then?
Person1: Something like that. You are a little undernourished, so after each meal were going to give you a shot. Roll over on your right side please, loosen your pyjama pants and pull them half-way down. He does, somewhat reluctantly. She gives him a shot in the bum.
Person2: What exactly is the treatment here going to be then?
Person1: It's quite simple really. Were just going to show you some films.
Person2: You mean like going to the pictures?
Person1: Something like that.
Person2: Well, that's good. I like to viddy the old films now and again.",1,No,1,True,"In this dialogue, the predicted label was ""No"" while the true label was ""1"" (which presumably means ""Yes"" or a positive classification). The misclassification likely stems from a misunderstanding of the context and the subtle cues in the conversation.

Reflection on the error:

1. **Contextual Nuance**: The conversation involves a medical or treatment setting, with Person1 (an assistant) preparing Person2 for some kind of treatment involving injections and watching films. The tone is somewhat clinical but also hints at something unusual or experimental (""You're a very lucky boy to have been chosen,"" ""we're going to show you some films""). The assistant's instructions and the patient's responses suggest compliance but also some reluctance or uncertainty.

2. **Sub",0.7193858623504639,300,Persuasion or Seduction,Naivete
241,"Person1: I don't?
Person2: Of course not. Not when you've got so much going for you.
Person1: I do?
Person2: Sure! But nobody knows it. Least of all you.  Look, would you mind if I gave you some constructive criticism?
Person1: Actually, yes.
Person2: Well, you shouldn't  Be more aggressive, Clark! Trust your instinct! When you see your opportunity, grab it! I do.",1,No,0,True,"In this dialogue, the key point revolves around Person2 offering constructive criticism and encouragement to Person1, urging them to be more confident and assertive (""Be more aggressive, Clark! Trust your instinct! When you see your opportunity, grab it!""). Person1 initially resists the idea of receiving criticism (""Actually, yes.""), but the overall tone and content suggest that Person2 is trying to motivate Person1 to recognize their potential and take action.

The misclassification likely arose because the model interpreted Person1's refusal (""Actually, yes."") as a rejection of the constructive criticism or a negative response, leading to a ""No"" prediction. However, the true label ""1"" indicates that the correct classification should acknowledge the positive or encouraging nature of the",0.790032148361206,300,Persuasion or Seduction,
242,"Person1: What's this?
Person2: The main spire.
Person1: The... oh, the spire! How silly of me, it's as plain as day... Mr. Merrick, where did you learn to do this?
Person2: ...I learned a long time ago.",0,No,0,True,"In this case, the input is a short dialogue between two people discussing ""the main spire."" The predicted label was ""No,"" but the true label is 0. Assuming the classification task involves determining whether the dialogue contains a certain feature (e.g., a specific type of interaction, sentiment, or topic), the misclassification suggests that the model misunderstood the context or the subtlety of the conversation.

Likely misunderstandings:
- The model may have failed to recognize that the dialogue is about identifying or explaining an object (""the main spire""), which might be relevant to the classification criteria.
- The model might have overlooked the implicit acknowledgment or realization expressed by Person1 (""How silly of me, it's as plain as day...""), which could be",0.7106130123138428,300,,
243,"Person1: This was my first classroom, John, did you know that?  My first desk.
Person2: I didn't know you taught.
Person1: English.  Way before your time.  It was hard giving it up, I'll tell you.  I'm hearing rumors, John, of some unusual teaching methods in your classroom.  I'm not saying they have anything to do with the Dalton boy's outburst, but I don't think I have to warn you that boys his age are very impressionable.
Person2: Your reprimand made quite an impression I'm sure.
Person1: What was going on in the courtyard the other day?
Person2: Courtyard?
Person1: Boys marching.  Clapping in unison.
Person2: Oh that. That was an exercise to prove a point.  About the evils of conformity.
Person1: John, the curriculum here is set.  It's proven.  It works.  If you question it, what's to prevent them from doing the same?
Person2: I always thought education was learning to think for yourself.
Person1: At these boys' age? Not on your life! Tradition, John.  Discipline.  Prepare them for college, and the rest will take care of itself.",0,Yes,0,True,"In this dialogue, the predicted label was ""Yes"" (likely indicating agreement, affirmation, or perhaps a positive classification), but the true label was 0 (likely indicating disagreement, negation, or a negative classification). The misclassification suggests that the model misunderstood the tone and content of the conversation.

Reflection on the error:

1. **Misunderstanding the tone and intent:**  
   The conversation is a debate or disagreement between two people about teaching methods and educational philosophy. Person1 advocates for tradition, discipline, and a fixed curriculum, while Person2 supports independent thinking and questions conformity. The tone is somewhat confrontational or cautionary, not affirmative or positive.

2. **Misinterpreting the content as agreement:**  
   The model likely focused",1.4330389499664307,300,,
244,"Person1: It's a two-hundred dollar fine!
Person2: I said I'd move if a cripple came. Let's just run in the store and pick out some outfits.
Person1: All right, let's go.",0,No,0,True,"In this example, the input conversation involves two people discussing a situation where Person1 mentions a two-hundred dollar fine, and Person2 responds with a somewhat insensitive comment about moving if ""a cripple came,"" then suggests running into a store to pick out outfits. Person1 agrees.

The predicted label was ""No,"" but the true label is 0. Assuming the classification task is binary with labels ""Yes"" and ""No"" or ""1"" and ""0,"" and that ""0"" corresponds to ""No,"" the predicted label ""No"" matches the true label ""0."" However, the user says the prediction was a misclassification, so perhaps the predicted label was ""Yes"" and the true label was ""0,"" or the labels are",0.9952991008758545,300,,
245,"Person1: Don't you think there's too much gold?
Person2: It's great.  You wanna speak to Mary? Hold on...
Person1: I don't know, I think...
Person2: Look, would you argue with your doctor?
Person1: No.",0,Yes,1,True,"In this dialogue, the predicted label was ""Yes"" (indicating agreement or affirmation), but the true label was ""0"" (indicating disagreement or negation). The key misunderstanding likely arose from misinterpreting the conversational cues and the implied meaning behind the statements.

Reflection on the error:

1. Ambiguity in the exchange: Person1 expresses doubt (""Don't you think there's too much gold?"" and ""I don't know, I think...""), which suggests hesitation or disagreement. Person2 responds with ""It's great"" and then changes the subject (""You wanna speak to Mary? Hold on...""), which might indicate avoidance rather than direct agreement.

2. The critical line is Person2's rhetorical question: ""Look, would you argue with your",1.0757629871368408,300,,
246,"Person1: Look, Rob.  If great sex was as important as you think it is, and if I was having great sex with him, then we wouldn't be lying here now. And that is my last word on the subject, okay?
Person2: Okay.",0,Yes,0,True,"In this example, the input is a short dialogue between two people discussing the importance of great sex and the implication that if it were truly great, they wouldn't be in their current situation. The predicted label was ""Yes,"" but the true label is ""0,"" indicating that the prediction was incorrect.

Reflection on the error:
1. Misunderstanding of context: The model likely misinterpreted the dialogue as an affirmation or agreement (""Yes"") because Person2 responds with ""Okay,"" which can sometimes signal agreement. However, the content of Person1's statement is more about negating the importance or impact of great sex in their current situation, which is a subtle and somewhat negative or dismissive sentiment.
2. Overreliance on surface cues:",0.71144700050354,300,,
247,"Person1: Yes -- what is it?
Person2: Open the door.  It's me.
Person1: Go away -- I'm busy.
Person2: I know what you're doing in there.
Person1: Don't be ridiculous and go away -- I'm busy working.
Person2: Where is Madame Trillaud?
Person1: How should I know.  Ask Roquier -- he's cleaning her dress.
Person2: What are you doing in there?
Person1: Oh -- now, this is absolutely ridiculous!  If you don't want to be humiliated in front of your guests, you will return to the table at once.
Person2: Will you be joining us, soon?
Person1: I will be there in five minutes.  Go back to your guests.
Person2: Five minutes.
Person1: Yes!!
Person2: Five minutes.
Person1: Goodbye.",1,Yes,1,True,"In this case, the input is a dialogue between two people, with Person1 and Person2 exchanging lines. The predicted label was ""Yes,"" but the true label was ""1."" This suggests a misclassification between a categorical label (""Yes"") and a numeric label (""1""), or possibly a misunderstanding of what the labels represent.

Reflection on the error:

1. **Misunderstanding of Label Format or Meaning**:  
   The predicted label ""Yes"" seems to be a word or a categorical response, while the true label ""1"" is numeric. This indicates that the model might have confused the task's expected output format or misunderstood the label encoding. For example, if the task was to classify the dialogue into categories labeled numerically (e",0.8176462650299072,300,"Evasion,Intimidation",
248,"Person1: If you did know, you'd tell me.
Person2: Of course --
Person1: If you trusted me, you'd know.
Person2: We're coming to Arcade.  Shall we Relive together?",1,Yes,1,True,"Reflection on the error:

The input dialogue appears to be a conversation between two people, with some emotional or relational undertones. The predicted label was ""Yes,"" while the true label was ""1."" Assuming the task involves binary classification where ""Yes"" corresponds to one class and ""1"" corresponds to another, it seems the model confused the labels or misunderstood the context.

What was likely misunderstood:

1. Ambiguity in labels: The predicted label ""Yes"" and true label ""1"" might represent the same or different classes depending on the task. If ""Yes"" was interpreted as a positive response and ""1"" as a numeric label, the model might have misaligned the label formats.

2. Contextual nuance: The dialogue includes phrases",0.9203529357910156,300,"Evasion,Accusation",
249,"Person1: You're right. I remember Grandpierre looking through it. But there was nothing in it -- at least, nothing that the police thought was very important.
Person2: Can you remember anything at all?
Person1: Grandpierre asked me about an appointment Charles had -- on the day he was killed.
Person2: With whom? Where?
Person1: I think it only said where -- but I can't --
Person2: Think, Reggie, you've got to think -- it may be what we're looking for.
Person1: That money's not ours, Adam -- if we keep it, we'll be breaking the law.
Person2: Nonsense. We didn't steal it. There's no law against stealing stolen money.
Person1: Of course there is!
Person2: There is? Well, I can't say I think very much of a silly law like that. Think, Reggie -- please think -- what was written in Charles' notebook?
Person1: Well -- it was a place -- a street corner, I think. But I don't --  Hold it. I'm on.",1,No,0,True,"In this dialogue, the true label is 1, but the prediction was ""No,"" indicating a misclassification.

Reflection on the error:

1. Likely Misunderstanding:
   - The conversation revolves around a potentially important clue: an appointment Charles had on the day he was killed, a place mentioned in his notebook, and a discussion about money that may be connected to a crime.
   - The model likely failed to recognize the significance of these details as indicative of a ""Yes"" or positive label (presumably related to the presence of a clue, evidence, or relevant information).
   - The dialogue contains subtle hints and incomplete information (""a place -- a street corner,"" ""money's not ours,"" ""breaking the law"") that suggest an",0.8201332092285156,300,"Brandishing Anger,Persuasion or Seduction",
250,"Person1: I'm sorry.  I can't.  I....
Person2: Hey now, outside of a very friendly dog this morning, it's been a slow decade.  I don't make love every ten years, I get a little cranky.
Person1: It's also been a long time for me.  I--",0,No,0,True,"Let's analyze the misclassification carefully.

Input dialogue snippet:
- Person1: ""I'm sorry. I can't. I....""
- Person2: ""Hey now, outside of a very friendly dog this morning, it's been a slow decade. I don't make love every ten years, I get a little cranky.""
- Person1: ""It's also been a long time for me. I--""

Predicted label: No  
True label: 0

First, we need to clarify what the labels mean. Since the true label is 0 and the predicted label is ""No,"" it suggests that the model predicted a ""No"" (likely meaning ""no"" to some question or classification), but the true label was 0, which presumably",1.3248510360717773,300,,
251,"Person1: What do you want?
Person2: You know what I want.  You know why I need you.
Person1: You need to leave.
Person2: I know everything about you, Diana.
Person1: That's it, we're done.",1,Yes,1,True,"In this dialogue, the predicted label was ""Yes"" while the true label was ""1."" Assuming the task involves binary classification where ""Yes"" corresponds to one class and ""1"" corresponds to another, the model likely misunderstood the nature or intent of the conversation.

Reflection on the error:

1. Ambiguity in Labels: The predicted label ""Yes"" and true label ""1"" might represent different classes, but the model may have conflated them or misinterpreted the label format. This suggests a possible confusion between label encoding (e.g., string vs numeric) rather than the content itself.

2. Misinterpretation of Dialogue Tone: The conversation is tense and confrontational, with Person2 insisting on knowing Person1's motives and Person",0.8105549812316895,300,,Dependency
252,"Person1: What the hell you thinking, girl? Strolling in here this late?
Person2: Don't talk to me, Mr. Sawyer. Don't say nothing to me this morning.
Person1: What? What? You talking back to me?
Person2: I'm telling you don't say nothing to me.",1,No,0,True,"In this example, the conversation between Person1 and Person2 involves a tense and confrontational exchange. The true label is 1, which likely indicates the presence of conflict, aggression, or a negative interaction, but the model predicted ""No,"" suggesting it failed to detect this.

**What was likely misunderstood?**  
- The model may have missed the aggressive and confrontational tone in Person1's statements (""What the hell you thinking, girl?"", ""What? What? You talking back to me?"").  
- Person2's responses (""Don't talk to me, Mr. Sawyer. Don't say nothing to me this morning."") also convey resistance and tension, which the model might have interpreted as neutral or non-aggressive due to the use of polite",0.6918129920959473,300,,
253,"Person1: First let the poor thing have something to eat.
Person2: It wouldn't really do you any harm to skip a meal.",1,Yes,1,True,"Let's analyze the misclassification:

Input:
Person1: ""First let the poor thing have something to eat.""
Person2: ""It wouldn't really do you any harm to skip a meal.""

Predicted: Yes  
True label: 1

---

### Reflection on the error:

1. **Understanding the task and labels:**  
   The predicted label was ""Yes,"" while the true label was ""1."" Assuming the task involves binary classification where ""Yes"" corresponds to one class and ""1"" corresponds to the other, it seems the model confused the two classes or misunderstood the label mapping.

2. **Content analysis:**  
   - Person1 suggests giving the ""poor thing"" something to eat, implying concern or care.  
   - Person",1.1708002090454102,300,Shaming or Belittlement,Low self-esteem
254,"Person1: I should check on Anna.
Person2: Check the monitor, she's fine.
Person1: She's far from ""fine.""
Person2: You're needed here--keep watching--",1,Yes,1,True,"Let's analyze the misclassification:

Input:
Person1: I should check on Anna.
Person2: Check the monitor, she's fine.
Person1: She's far from ""fine.""
Person2: You're needed here--keep watching--

Predicted: Yes  
True label: 1

---

**Step 1: Understand the task and labels**  
Since the predicted label is ""Yes"" and the true label is ""1,"" it seems that ""Yes"" corresponds to label 1, so the prediction matches the true label. However, the user says it was misclassified, so possibly the model predicted ""Yes"" (label 1) but the true label was something else (maybe 0). The user states ""True label: 1",0.923184871673584,300,Rationalization,Over-intellectualization
255,"Person1: Now I understand.  That helps.  I can make them understand that.
Person2: Okay.
Person1: Let me come get him.
Person2: No way! You guys will jump me!
Person1: If you won't let me come in, then put him outside.
Person2: You'll shoot me as soon as I step out the door!
Person1: You've already helped yourself once, Dennis; be smart again.  If you save his life, it'll help when you get to court.",1,Yes,1,True,"In this case, the predicted label was ""Yes,"" while the true label was ""1."" Assuming that the labels ""Yes"" and ""1"" are meant to represent the same class (e.g., a positive or affirmative class), the misclassification might stem from a misunderstanding of the labeling scheme or the context of the conversation.

However, if ""Yes"" and ""1"" represent different classes, the error likely arose from misinterpreting the dialogue's intent or sentiment. The conversation involves negotiation, concern about safety (""You guys will jump me!"", ""You'll shoot me as soon as I step out the door!""), and a suggestion that saving someone's life could influence a court case. This suggests a tense, possibly threatening situation rather than a straightforward affirmative",1.0154190063476562,300,Persuasion or Seduction,Dependency
256,"Person1: Mick.  Mick.  Mick...
Person2: What?
Person1: You -- Listen. You said to me, if not now, when...
Person2: I know what I said but not now. You won it.  Franky.  You won it. When they give you the money, that means that you won.  We don't want to go to court -- is this getting to you...?  You know who the attorney is for the Archdiocese, Eddie Concannon.
Person1: ...he's a good man...
Person2: ...he's a good man...?  He's the Prince of Darkness...he'll have people in there testifying that the broad is well -- they saw her Tuesday on a surfboard at Hyannis...don't mess with this case.
Person1: ...I have to stand up for her...
Person2: Frank, but not now.  Frank.  You're trying to wipe out some old business.  But not now.  I understand.  But you go call 'em back.  You call the Bishop back.
Person1: I have to try this case.  I have to do it, Mick.  I've got to stand up for that girl.  I need your help.    Mick, will you help me...?    Will you help me...?",1,Yes,0,True,"Reflection on the misclassification:

The input dialogue is a tense conversation about a legal case involving a girl and the Archdiocese, with Person1 (Frank) pleading for help to stand up for her and try the case, while Person2 (Mick) is cautioning against proceeding ""not now"" due to potential complications and risks. The true label is ""1"" (likely indicating a positive or affirmative response), but the predicted label was ""Yes,"" which seems to be a misclassification or an incorrect interpretation of the dialogue's intent.

What was likely misunderstood:
- The model may have focused on the literal presence of the word ""Yes"" or interpreted the final question ""Will you help me...?"" as a simple yes/no question expecting a",0.7992610931396484,300,"Persuasion or Seduction,Rationalization",
257,"Person1: Are you going to provide me with an opportunity to prove my love to my girl? Or are you gonna save yourself some trouble and step up like a gentleman and apologize to her?
Person2: Don't mess with me, man. You look like a clown in that stupid jacket.
Person1: This is a snakeskin jacket, and for me it's a symbol of my individuality and my belief in personal freedom.
Person2: ...Asshole.
Person1: Come here.",1,Yes,0,True,"In this example, the predicted label was ""Yes,"" while the true label was ""1."" Assuming the task involves binary classification where ""Yes"" corresponds to one class and ""1"" corresponds to another, the model likely misunderstood the context or the labeling scheme.

Reflection on the error:

1. Ambiguity in Label Mapping:  
   The predicted label ""Yes"" and the true label ""1"" might represent the same class but were treated as different. If ""Yes"" and ""1"" are meant to be equivalent, the error could be due to inconsistent label encoding or interpretation.

2. Misinterpretation of Dialogue Tone and Content:  
   The conversation is somewhat confrontational but also includes a personal declaration (""This is a snakeskin jacket",0.646754264831543,300,Shaming or Belittlement,Low self-esteem
258,"Person1: What do you want from me?
Person2: I, I don't know.
Person1: What do you want?",0,No,0,True,"Let's analyze the misclassification:

Input:
Person1: What do you want from me?  
Person2: I, I don't know.  
Person1: What do you want?

Predicted label: No  
True label: 0

---

Reflection:

1. **Understanding the labels:**  
   The true label is 0, which presumably corresponds to ""No"" or a negative response. The predicted label was ""No,"" which seems to align with the true label. However, the user states this was a misclassification, so there might be a mismatch in label interpretation or format.

2. **Possible misunderstanding:**  
   - The predicted label ""No"" might be a string, while the true label is numeric (0). If the",0.9454329013824463,300,,
259,"Person1: I'm not going... You know that I'm not going... Do you think I could leave you alone here? After that --?
Person2: What?
Person1: The veronal -- you. I'm going to stay here with you.
Person2: I want to be alone.
Person1: That is not the truth.  You do not want to be alone -- you're afraid of being alone -- I know you're afraid. I know you. You were desperate, just now, if I go away you'll be more desperate than ever. Say I am to stay with you... say it.",1,Yes,1,True,"In this dialogue, the predicted label was ""Yes"" while the true label was ""1."" Without explicit context on what these labels represent, it seems the model confused the intended classification—likely a binary or categorical label related to the sentiment, agreement, or some other attribute of the conversation.

Reflection on the error:

1. **Ambiguity in the conversation**: The dialogue is emotionally complex, involving fear, desperation, and a plea for companionship. The model may have misinterpreted the emotional tone or the intent behind the statements. For example, Person1 is insisting on staying, while Person2 wants to be alone, but Person1 claims Person2 is afraid of being alone. The model might have misread this as an affirmation (""Yes",0.6883249282836914,300,Persuasion or Seduction,Low self-esteem
260,"Person1: Are you in charge, Roper?
Person2: Yep.
Person1: I want a car. Like a four wheel drive. I want it in perfect condition. I want a uniformed cop to drive it up right here. I want him to leave the engine running and walk to the end of the street. Then we'll come out. I don't want any remote control devices in it. I know all the tricks. If it's not in perfect condition, and I mean if its even low on wiper fluid, I'm going to kill somebody and we're gonna start again.",1,Yes,1,True,"In this case, the input is a dialogue where Person1 is making a very specific and threatening demand about a car, emphasizing perfection and threatening violence if the conditions are not met. The true label is 1, which presumably indicates a positive or affirmative classification (e.g., ""Yes"" or ""True""), but the predicted label was also ""Yes,"" which seems to match the true label. However, since you mention a misclassification, it suggests that the predicted label was incorrect despite the output ""Yes"" shown here.

Reflecting on the error:

1. **Likely Misunderstanding:**
   - The model may have focused on the literal ""Yep"" response from Person2 and the repeated use of ""I want"" and ""I",0.6771132946014404,300,Intimidation,
261,"Person1: You want the tapes for yourself.     You're going to sell them.
Person2: I'm going to retire with a shit-load of money. Find me a small country that doesn't have an extradition treaty with the States and live the good life.
Person1: You didn't have to kill Sophie.
Person2: Yes I did.    Lose ends are messy.
Person1: What about me? Aren't I a loose end?
Person2: When this is over you can say whatever the hell you want. I'll be long gone. Besides, who's going to believe you? You're just a two-bit crook.
Person1: And you're a dirty cop. At least I don't pretend to be something different than what I am.",1,Yes,1,True,"In this case, the input is a dialogue between two people discussing criminal activities, including killing someone, selling tapes, and escaping prosecution. The predicted label was ""Yes,"" while the true label was ""1."" Assuming the task involves binary classification where ""Yes"" corresponds to one class and ""1"" corresponds to another, it seems the model misinterpreted the label format or the meaning behind the dialogue.

Reflection on the error:

1. **Misunderstanding of label format:**  
   The predicted label ""Yes"" and the true label ""1"" might represent the same class but were expressed differently. If the model output ""Yes"" as a string and the true label was numeric ""1,"" this could be a mismatch in label encoding rather than",0.7175178527832031,300,Shaming or Belittlement,Low self-esteem
262,"Person1: You see, somebody went to a lot of trouble here, and I want to find out, lawsuit or no lawsuit. I'm not the one who's supposed to be caught with my pants down... so I'd like to see your husband. Unless that's a problem.
Person2: What do you mean?
Person1: May I speak frankly, Mrs. Mulwray?
Person2: You may if you can, Mr. Gittes.
Person1: Well, that little girlfriend, she was attractive in a cheap sort of way of course.  She's disappeared. Maybe they disappeared together somewhere.
Person2: Suppose they did. How does it concern you?
Person1: Nothing personal, Mrs. Mulwray, I just --
Person2: It's very personal. It couldn't be more personal. Is this a business or an obsession with you?
Person1: Look at it this way. Now this phony broad, excuse the language, says she's you, she's hired me. Whoever put her up to it, didn't have anything against me. They were out to get your husband. Now if I see him, I can help him.  Did you talk this morning?",0,Yes,0,True,"In this dialogue, the predicted label was ""Yes,"" but the true label was ""0"" (likely meaning ""No"" or ""Negative"" in the classification context). The error likely arose from misunderstanding the nature of the interaction and the question being implicitly or explicitly asked.

Reflection on the error:

1. **Context and Intent Misinterpretation**: The conversation is a tense, somewhat confrontational exchange where Person1 is trying to gain information about Mrs. Mulwray's husband and a missing woman. Person1 is probing, but Mrs. Mulwray is defensive and evasive. The predicted ""Yes"" might have been assigned because the model interpreted the conversation as an affirmative or cooperative exchange, but in reality, Mrs. Mulwray is",0.713437557220459,300,,
263,"Person1: Max, I don't want to take any Siegfried Oath.  I don't know what it is, but I don't want to take it. We might end up in the German Army.
Person2: Shut up, you idiot.  He's a harmless nut.  Play along with him.  It's almost in the bag.",1,Yes,0,True,"Let's analyze the misclassification carefully.

**Input context:**
- Person1 expresses reluctance to take a ""Siegfried Oath,"" fearing it might lead to joining the German Army.
- Person2 dismisses Person1's concerns, calling him an idiot and urging him to ""play along,"" implying the situation is under control (""almost in the bag"").

**Predicted:** Yes  
**True label:** 1

Assuming the task involves binary classification where ""Yes"" corresponds to label 0 and ""1"" corresponds to ""No"" (or vice versa), or perhaps ""Yes"" and ""1"" are different labels, the key point is that the prediction did not match the true label.

---

### What was likely misunderstood?

1",1.017430067062378,300,Shaming or Belittlement,
264,"Person1: For the love of God would you two give it a rest?  Lord almighty.  In all my years I have never seen anything so pathetic.  How far did you think you were going to get with this?  Neither one of you can wait to slit the others throat.  Now use what little smarts you got.  If I was going to bust you I wouldn't have waited until after you killed Jake.
Person2: What do you want?
Person1: Same thing you want.  I want to be out of Sierra; to be able to do as I please.  But that takes money.",0,No,0,True,"In this case, the input appears to be a dialogue involving tension and conflict, with Person1 expressing frustration and discussing motives related to money and freedom. The predicted label was ""No,"" while the true label was ""0."" Assuming the labels ""No"" and ""0"" correspond to the same class (e.g., ""No"" = 1 and ""0"" = 0), the model likely misclassified the sentiment or intent behind the conversation.

What was likely misunderstood:
- The model may have misinterpreted the emotional tone or the underlying intent of the dialogue. The conversation is charged with conflict and negotiation, which might have been mistaken for a different category (e.g., agreement, cooperation, or neutrality).
- The model might have focused",0.8227663040161133,300,,
265,"Person1: I just can't get over the size of that ring.  I just love it.  Fred, look at it.  Tell me you don't love that ring.
Person2: I'm just happy that George has found someone he cares for.
Person1: Yes.  Of course.  But, I'm talking about that ring.  It's something else.  Let me tell you.",0,No,0,True,"Let's analyze the misclassification:

Input summary:
- Person1 is expressing strong admiration for a ring, repeatedly emphasizing how much they love it.
- Person2 shifts the topic to being happy about George finding someone he cares for.
- Person1 returns focus to the ring, emphasizing its uniqueness.

Predicted label: No  
True label: 0

Assuming the task was to classify whether the conversation contains a particular feature (e.g., agreement, positive sentiment, or a specific dialogue act), the predicted label ""No"" conflicts with the true label ""0"" (which likely corresponds to ""Yes"" or presence of the feature).

Reflection on the error:
- The model likely misunderstood the sentiment or the focus of the conversation. Person1's repeated",0.915748119354248,300,,
266,"Person1: Are you crazy!?
Person2: Before Hemingway, there was Starsky and Hutch.",0,No,0,True,"Let's analyze the misclassification:

Input:
Person1: Are you crazy!?
Person2: Before Hemingway, there was Starsky and Hutch.

Predicted: No  
True label: 0

---

### Reflection on the error:

1. **Understanding the labels:**  
   The predicted label was ""No,"" and the true label was ""0."" Assuming ""No"" corresponds to a positive or affirmative class and ""0"" corresponds to a negative or neutral class (or vice versa), there was a mismatch. The exact meaning of the labels isn't fully clear here, but the key point is that the model's prediction did not match the true label.

2. **Likely misunderstanding:**  
   - The input contains a somewhat sarcastic or ironic",0.7440571784973145,300,,
267,"Person1: Amy, there's nothing there. There's no one at all in the garden.
Person2: But Irena is in the garden. She's right there, under the tree.
Person1: Listen, darling. I want you to look once more. Take as long as you want. Look very carefully, and then I want you to tell me that no one's there.
Person2: But...
Person1: I have eyes too, and I tell you no one's there. If you deny that, if you insist that this woman you call your friend is in the garden, then I'm afraid I shall have to punish you. Do you understand?",1,Yes,1,True,"In this dialogue, the key issue revolves around the interpretation of the label ""Yes"" versus ""1"" (assuming ""1"" indicates agreement or affirmation, and ""Yes"" is a predicted label that might correspond to a different classification).

From the conversation, Person1 insists that there is no one in the garden, despite Person2's insistence that Irena is there. Person1 even threatens punishment if Person2 continues to deny the absence of anyone in the garden. This suggests a conflict or disagreement between the two speakers.

The predicted label ""Yes"" likely indicates agreement or affirmation, but the true label ""1"" (assuming it means disagreement or a different class) shows that the correct interpretation is that Person2 does not agree with Person1's",0.7671008110046387,300,Intimidation,Dependency
268,"Person1: Take care, you hear?
Person2: Did you find out about her parents?
Person1: You're on leave, man.  You're on psycho leave.  I'm talking to a possible whacko here.
Person2: You know I'm whacko, Sam, what'd you find?",1,Yes,1,True,"Let's analyze the misclassification:

1. Input context:
- Person1 and Person2 are having a conversation.
- Person1 says: ""Take care, you hear?"" and then ""You're on leave, man. You're on psycho leave. I'm talking to a possible whacko here.""
- Person2 asks: ""Did you find out about her parents?"" and ""You know I'm whacko, Sam, what'd you find?""
- The conversation seems tense, with references to mental state (""psycho leave,"" ""possible whacko"").

2. Predicted: Yes
3. True label: 1

Assuming the classification task is binary with labels 0 and 1, and ""Yes"" corresponds to 0 or",0.8288636207580566,300,Shaming or Belittlement,
269,"Person1: I tell you - this is the only way to travel.
Person2: You better put on the lights. I can't see what I'm doing.
Person1: No - no lights.  We don't want anyone to know we're having a party.
Person2: I may spill something.
Person1: So spill it.  Spills, thrills, laughs, games - this may even turn out to be a surprise party.
Person2: What's the surprise?
Person1: Uh-uh.  Not yet.
Person2: When?
Person1: We better have a drink first.
Person2: Here.  This'll put hair on your chest.
Person1: No fair guessing.",0,No,0,True,"Reflection on the misclassification:

The input dialogue appears to be a casual, playful conversation between two people planning or enjoying a party or social event. The predicted label was ""No,"" while the true label was ""0."" Assuming the task was a binary classification where ""0"" corresponds to ""No"" or a negative class, the prediction and true label seem aligned. However, since the user indicates a misclassification, it suggests that the predicted label ""No"" was interpreted incorrectly or the model output was mismatched with the true label ""0.""

Possible misunderstandings:

1. Label Interpretation: The model might have confused the label ""No"" with a negative sentiment or disagreement, whereas the conversation is lighthearted and positive. If ""No"" was meant",0.8129165172576904,300,,
270,"Person1: Vincent.  Don't make me do this. Don't make me get people killed.
Person2: We've both run out of options.  If it helps, take comfort in knowing you never had a choice.",0,Yes,0,True,"In this example, the input consists of a tense dialogue between two people, with Person1 expressing reluctance and concern about causing harm, and Person2 responding with a resigned, somewhat fatalistic statement. The predicted label was ""Yes,"" but the true label is ""0,"" indicating that the model likely misclassified the nature or intent of the exchange.

What was likely misunderstood:
- The model may have interpreted the dialogue as an affirmation or agreement (""Yes"") due to the phrase ""If it helps, take comfort in knowing you never had a choice,"" which could be seen as a form of acceptance or confirmation.
- The model might have focused on the presence of a decision or action being taken (""Don't make me do this,"" ""We've both run out",0.9200286865234375,300,,
271,"Person1: I can't remember anything about last night. Is there something I should remember?
Person2: No, you should forget about last night.
Person1: Laura, I am your friend.
Person2: I know you are and you don't have to do anything crazy to prove it.
Person1: You're not mad at me?
Person2: No.
Person1: I feel so bad. I had nightmares all night long.  They all knew you at that place.
Person2: What can I tell you?
Person1: How did the car get back here?
Person2: WE got it back, that's all.
Person1: How did I get in the house? How did I get into my bed?
Person2: I can't help you there.
Person1: Was I wearing something of yours and you got mad at me?
Person2: All my things have me in them. I don't want you to be like me.
Person1: But I love you, Laura.
Person2: And I love you, too. But don't wear my stuff.
Person1: Why do you do it, Laura?
Person2: Cause I like it.",1,No,0,True,"In this dialogue, the predicted label was ""No"" (likely indicating a negative or non-romantic context), but the true label was ""1"" (likely indicating a positive or romantic context). The error suggests that the model failed to recognize the underlying romantic or affectionate tone between Person1 and Person2.

What was likely misunderstood:
- The model may have focused too literally on the surface content, such as confusion about events (""How did the car get back here?"") and the mention of nightmares, rather than the emotional subtext.
- The repeated affirmations of love (""But I love you, Laura."" / ""And I love you, too."") and concern (""You're not mad at me?"") indicate a caring, intimate relationship.
- The",1.0092833042144775,300,,
272,"Person1: We may have a chance.
Person2: Yes... a very slim one. I want to be fair. I don't deny that you might make out some kind of a case.
Person1: We haven't anything to discuss with you. We'll talk to a lawyer!
Person2: All right -- go ahead... you talk to the lawyer and I'll talk to the judge!",0,No,0,True,"Let's analyze the misclassification carefully.

Input dialogue:
Person1: We may have a chance.
Person2: Yes... a very slim one. I want to be fair. I don't deny that you might make out some kind of a case.
Person1: We haven't anything to discuss with you. We'll talk to a lawyer!
Person2: All right -- go ahead... you talk to the lawyer and I'll talk to the judge!

Predicted label: No  
True label: 0

---

### Reflection on the error:

1. **Understanding the labels:**  
   The true label is 0, which presumably means ""No"" or ""No conflict"" or ""No agreement"" depending on the task. The predicted label was ""No""",0.8129751682281494,300,,
273,"Person1: Yeah, they dig him up and cart him back.  He gets thawed out, wakes up and scares the shit out of them. And they get into one hell of a brawl...
Person2: Now how's this guy wake up after thousands of years in the ice, huh?
Person1: I don't know how.  Because he's different than we are.  Because he's a space guy.  What do you want from me, anyway.  Go ask Blair.
Person2: You buy any of this, Blair?",0,No,0,True,"In this dialogue, the conversation revolves around a fantastical scenario involving a person thawed out after thousands of years, implying a sci-fi or supernatural context. The predicted label was ""No,"" while the true label was ""0."" Assuming the labels correspond to some classification task (e.g., whether the conversation is about a certain topic or contains a particular sentiment), the misclassification suggests a misunderstanding of the context or the intent behind the dialogue.

Likely Misunderstanding:
- The model may have focused on the literal content (""wakes up and scares the shit out of them,"" ""space guy"") and interpreted it as disbelief or rejection (""No""), rather than recognizing the conversational nuance or the implied acceptance of the scenario.
- The model might have mis",0.8213398456573486,300,,
274,"Person1: I could fight you on this.
Person2: You could.  But, if I leave without your signature, this agreement begins to disintegrate; benefits shrink, options narrow, compensations shrivel.",1,Yes,1,True,"Let's analyze the misclassification carefully.

Input:
Person1: I could fight you on this.
Person2: You could. But, if I leave without your signature, this agreement begins to disintegrate; benefits shrink, options narrow, compensations shrivel.

Predicted: Yes  
True label: 1

---

### Reflection on the error:

1. **Understanding the labels:**
   - The predicted label was ""Yes,"" which presumably corresponds to a binary classification (e.g., ""No"" = 0, ""Yes"" = 1).
   - The true label is ""1,"" which likely means the same as ""Yes."" So the predicted and true labels seem to match in meaning, but the user says it was mis",0.81266188621521,300,Persuasion or Seduction,
275,"Person1: Listen, is this your idea of a joke?
Person2: More of a game really.
Person1: What kind of a game?
Person2: You seem to be familiar with the STAB movies. Here's how we play. I ask you a question. You get it right, your girlfriend lives. You answer wrong, she dies.
Person1: I swear to God if you lay a finger on her I'll kill you!
Person2: Maybe so, but right now, we play the game. First question, Your girlfriend's counting on you, Name your girlfriend's character in STAB 2?",1,Yes,1,True,"In this example, the input is a dialogue involving a threatening scenario where Person2 is forcing Person1 to answer questions under the threat of harm to Person1's girlfriend. The predicted label was ""Yes,"" but the true label was ""1."" Without explicit context on what the labels represent, it seems the model confused the classification criteria.

Likely misunderstanding:
- The model may have misinterpreted the question or the context of the dialogue, possibly treating the conversation as a simple ""yes/no"" question or missing the severity and the implied threat in the dialogue.
- The model might have failed to recognize that the dialogue is about a high-stakes game involving knowledge of a character in a movie, which is not a straightforward yes/no scenario.
- The",1.614490270614624,300,Intimidation,Dependency
276,"Person1: Haven't you heard what I said?
Person2: I told him to come up! I told him you wanted to show them all that there's nothing wrong with you any more, that you're completely cured!
Person1: I'm not cured. I was never sick! They had no business putting me in there! My only responsibility is to myself now!
Person2: You... you selfish, selfish child. At least talk to him, hear what he has to say.
Person1: No!
Person2: You want to throw it all away, is that it? You had everything, little sister. Beauty... a brilliant career... a wonderful husband. You were a movie star!
Person1: Mama, shut up!
Person2: And now you're throwing everything away? You're gonna be a nobody! Nobody! You know what that's like?!
Person1: You... You'd send me back, wouldn't you? You would.",1,Yes,1,True,"In this dialogue, the predicted label was ""Yes,"" but the true label is ""1."" Assuming the labels correspond to a binary classification task (e.g., ""Yes"" = 0 and ""1"" = 1, or vice versa), the model likely misunderstood the emotional tone and the underlying meaning of the conversation.

Reflection on the error:

1. **Misunderstanding the emotional context:** The conversation is tense and emotionally charged, with Person1 expressing strong resistance and denial (""I'm not cured. I was never sick!""), and Person2 pleading and accusing (""You... you selfish, selfish child""). The model may have focused on the presence of affirmations like ""I told him to come up!"" and ""You had everything,"" which could",1.1229538917541504,300,"Intimidation,Accusation",
277,"Person1: You kiddin? Who else would hack through South Bronx or Harlem at night?
Person2: You want to work uptown nights?
Person1: I'll work anywhere, anytime. I know I can't be choosy.
Person2: How's your driving record?
Person1: Clean. Real clean.  As clean as my conscience.
Person2: Listen, son, you gonna get smart, you can leave right now.
Person1: Sorry, sir. I didn't mean that.
Person2: Physical? Criminal?
Person1: Also clean.
Person2: Age?
Person1: Twenty-six.
Person2: Education?
Person1: Some. Here and there.
Person2: Military record?
Person1: Honorable discharge. May 1971.
Person2: You moonlightin?
Person1: No, I want long shifts.
Person2: We hire a lot of moonlighters here.
Person1: So I hear.
Person2: Hell, we ain't that much fussy anyway. There's always opening on one fleet or another.  Fill out these forms and give them to the girl at the desk, and leave your phone number. You gotta phone?
Person1: No.
Person2: Well then check back tomorrow.
Person1: Yes, Sir.",0,No,0,True,"In this dialogue, the predicted label was ""No,"" while the true label was ""0."" Assuming the task involves classifying the dialogue for a binary or categorical label (e.g., ""Yes""/""No"" or ""1""/""0""), the misclassification suggests a misunderstanding of the conversation's intent or outcome.

Reflection on the error:

1. Misunderstanding the context: The conversation appears to be a job interview or screening, where Person1 is trying to get hired for a driving job. Person2 is asking questions to assess suitability. The final exchange indicates that Person1 is told to check back tomorrow because they don't have a phone, which might imply a tentative or conditional response rather than a clear ""No.""

2. Ambiguity",0.9175450801849365,300,,
278,"Person1: I couldn't sit home and play the mournful widow anymore, and the police didn't need me, so I tried watching a Lakers game on TV, but the announcer talked to fast and I couldn't understand a lot of what was happening, so I figured if I came down here maybe you could explain the rules to me, and besides, I missed you.
Person2: No problem.",0,No,0,True,"Reflecting on the misclassification, it appears that the model likely misunderstood the nature of the interaction between Person1 and Person2. The input dialogue shows Person1 expressing a personal sentiment and a desire for connection (""I missed you""), followed by Person2 responding with ""No problem,"" which is a neutral or positive acknowledgment.

The predicted label was ""No,"" which suggests the model might have interpreted the response as a negative or dismissive reply, or perhaps misread the context as a disagreement or refusal. However, the true label is 0, which presumably indicates a neutral or positive interaction.

What was likely misunderstood:
- The model may have focused too much on the literal word ""No"" in the predicted label, confusing it with Person2's response",0.7806112766265869,300,,
279,"Person1: Let me tell him. When he knows you are his child, he'll forget these insane notions -
Person2: No -- you musn't. He thinks I've bewitched you. He won't believe it - he'll hate me even more! My only chance is to stay away from him.",0,Yes,0,True,"In this example, the input consists of a dialogue between two people discussing a sensitive family situation. The predicted label was ""Yes,"" but the true label is ""0,"" indicating that the model incorrectly classified the input.

**Likely Misunderstanding:**

1. **Context and Sentiment Misinterpretation:** The model may have focused on the phrase ""Let me tell him"" and interpreted it as a positive or affirmative action (""Yes""), without fully grasping the underlying conflict and hesitation expressed by Person2.

2. **Negation and Emotional Nuance:** Person2 explicitly says ""No -- you musn't,"" and expresses fear that revealing the truth will cause harm (""He won't believe it - he'll hate me even more!""). This negation and",1.0586228370666504,300,,
280,"Person1: I didn't mean to hurt you.
Person2: Shhhhhh. Now I have your disease.
Person1: You what?
Person2: You put your disease in me. Your semen. It's hot and full of disease.
Person1: There's no disease, I can tell you.
Person2: Men are crazy. Then they put their craziness into me. Then it makes me crazy. Then they aren't so crazy for awhile. Then they put their craziness in me again.  It's burning me, but I love you. I do, I do. Did you know that? Did you know that I love you?
Person1: I'm glad you do.
Person2: There's so much I want to tell you. I'm in so much darkness though with things moving. There is darkness sucking me. It's kissing me and darkness is entering me. In every hole. It's opening me to a death.
Person1: Dorothy. No!
Person2: If I die, then they'll be free. It's getting late, isn't it? I can tell, it's a cold feeling when it's late. It's warm then it gets cold. Jeffrey. I feel it getting cold.
Person1: You called me Jeffrey.
Person2: I did. Are you?
Person1: Yes.
Person2: Why are you here?  HMMMMMMMM!!!! OK.
Person1: No. Not really.  But also because I really want you to be alright.",1,No,0,True,"In this dialogue, the predicted label was ""No"" (likely indicating no presence of a certain condition or sentiment), but the true label was ""1"" (indicating presence). The misclassification suggests that the model failed to detect the underlying emotional or psychological distress conveyed in the conversation.

Reflection on the error:

1. **Likely Misunderstood Elements:**
   - The dialogue contains metaphorical and abstract language about ""disease,"" ""darkness,"" and ""death,"" which likely symbolize emotional or mental illness rather than a literal disease.
   - Person2 expresses confusion, distress, and a sense of being overwhelmed (""darkness is entering me,"" ""It's opening me to a death"").
   - The mention of ""Men are crazy,"" """,1.0177688598632812,300,,
281,"Person1: Did Regan know a priest was coming over?
Person2: No.
Person1: Did you know my mother died recently?
Person2: Yes I did, I'm sorry.
Person1: No, is Regan aware of it?
Person2: Not at all. Why d'you ask?
Person1: It's not important good night.",0,No,0,True,"In this dialogue, the key question is whether Regan knew a priest was coming over. Person1 asks Person2 directly: ""Did Regan know a priest was coming over?"" Person2 answers ""No."" Later, Person1 asks if Person2 knew about the mother's recent death, to which Person2 replies ""Yes."" Then Person1 clarifies that Regan is not aware of the death either.

The predicted label was ""No,"" but the true label is 0. Assuming the labels correspond to some binary classification (e.g., 1 = yes/true, 0 = no/false), the model likely misinterpreted the initial ""No"" answer from Person2 as the final classification, without considering the context or the actual question",1.0211739540100098,300,,
282,"Person1: She's working as fast as she can, Icarus.  It will be ready soon.
Person2: It's ready now, I know it is.
Person1: She says it's not.
Person2: She's lying.  She lost the first one on purpose.
Person1: She did not.  The mouse ran down the drain.
Person2: She let it escape because she wants me to die.
Person1: Don't be a child, Icarus.  She is just another scientist and like all scientists, she doesn't care about anything outside the world of the laboratory.",1,Yes,1,True,"In this case, the input is a dialogue between two people discussing a third person (a female scientist) and her actions. The predicted label was ""Yes,"" but the true label was ""1."" Without knowing the exact classification task or what the labels ""Yes"" and ""1"" represent, it is likely that the model misunderstood the nature of the labels or the context of the conversation.

Possible misunderstandings:
1. Label Interpretation: The model may have treated ""Yes"" as a binary label (e.g., positive/affirmative) and ""1"" as a different label, not realizing they might represent the same or different classes. If ""Yes"" and ""1"" are meant to be equivalent or represent the same class, the model's",0.7060220241546631,300,"Rationalization,Persuasion or Seduction",
283,"Person1: Gallatin! So the righteous Starfleet Captain finally released you. Did you encounter any problems on the surface?
Person2: No, sir. But it wasn't easy... being among them...
Person1: I'm sure. Just don't forget what they did to us.  We'll have them rounded up in a day or two... we needn't bother with the Federation holo-ship any more. Just get the holding cells ready.",1,No,1,True,"In this dialogue, the key issue likely stems from misunderstanding the context and the implied meaning behind the conversation. The exchange involves references to captivity (""finally released you,"" ""holding cells ready"") and a hostile attitude (""don't forget what they did to us,"" ""we'll have them rounded up""), which suggests a scenario involving conflict, imprisonment, or possibly a war or rebellion context.

The predicted label was ""No,"" while the true label was ""1"" (which presumably indicates a positive or affirmative classification, such as agreement, confirmation, or presence of a certain condition). The model likely misclassified because it may have focused on the literal surface meaning of the words rather than the underlying implications of hostility, captivity, and plans for retaliation.

What was likely misunderstood",0.8136813640594482,300,Persuasion or Seduction,
284,"Person1: Inflamed joints -- Walkin' in an' out of a freezer carryin' meat plays hell on the joints.
Person2: Maybe ya should see a doctor.
Person1: I don't need a doctor, I need a different job.
Person2: Maybe another job is the best thing.
Person1: Do me a favor -- Talk to Gazzo. Tell him I'm a friend an' would do a good job... Tell him I ain't bothered by nothin' an' would be a great collector... Bustin' bones don't bother me -- Tell him I'm a good worker.
Person2: Gazzo's gotta come to you.
Person1: I'm askin' ya to go to him -- As a favor.
Person2: Gazzo's gotta come to you -- Hey, Paulie, it's a bad job -- Do what you do now.",1,No,0,True,"Reflection on the misclassification:

The input dialogue centers around a person (Person1) describing physical pain (""Inflamed joints"") caused by their current job (carrying meat in and out of a freezer). Person1 expresses a desire for a different job, specifically one that involves being a collector, which they believe would be less physically taxing or at least more tolerable (""Bustin' bones don't bother me""). Person2 suggests seeing a doctor or changing jobs, but the conversation focuses on Person1's request for help in getting a new job through Gazzo.

The true label is 1, which likely indicates the presence of a request or a favor being asked. The predicted label was ""No,"" meaning the model failed to recognize the request.

What",1.0939629077911377,300,,
285,"Person1: Nay, Oona, tis not possible.
Person2: A faerie's love makes anything possible.
Person1: I'm promised to another!
Person2: What shape I take matters not.  Long you for another?  I'll give you your heart's desire.",1,Yes,1,True,"Let's analyze the misclassification:

Input dialogue:
Person1: Nay, Oona, tis not possible.
Person2: A faerie's love makes anything possible.
Person1: I'm promised to another!
Person2: What shape I take matters not. Long you for another? I'll give you your heart's desire.

Predicted: Yes  
True label: 1

---

**Reflection on the error:**

1. **Understanding the labels:**  
   The predicted label was ""Yes,"" while the true label was ""1."" It is unclear from the context what these labels represent exactly. However, assuming ""Yes"" corresponds to a positive or affirmative classification and ""1"" is the true label (likely also positive), the issue might be a",0.7446079254150391,300,Persuasion or Seduction,
286,"Person1: He likes it.
Person2: Of course he does.  What about you? Have you just never had one with Kevin -- or have you never had one, period?
Person1: I think I've had one.
Person2: Well that's a no.  No wonder you're not psyched about sex.  You've never even had one manually?
Person1: ...I've never tried it.
Person2: Are you kidding?  You've never double- clicked your mouse?",0,No,0,True,"In this dialogue, the conversation revolves around a playful and somewhat ambiguous exchange involving the phrase ""double-clicked your mouse,"" which is likely a metaphor or euphemism rather than a literal computer action. The predicted label was ""No,"" while the true label was 0, indicating a misclassification.

Likely Misunderstanding:
- The model probably interpreted the conversation too literally, focusing on the surface meaning of ""double-click your mouse"" as a computer action rather than recognizing the underlying metaphor related to sexual experience or intimacy.
- The model may have missed the implied context and tone, which suggest a teasing or probing about personal sexual experience rather than a straightforward denial or affirmation.
- The ambiguity and informal, conversational style might have led the model to mis",0.75726318359375,300,,
287,"Person1: Most guys we ran through this either took off or helped them rob the place. I expected you to do the same.
Person2: That shows me already that you don't have a clue. What's it to you, anyway?
Person1: Whether you thought this was for real or not, you jumped in and helped the waitress on instinct. That tells me something about your character.
Person2: Good for you. Now why don't you stop wasting my time and tell me what you want. You didn't go through all this for my benefit.
Person1: It's your lucky day. You just might get the chance to pay back our wonderful country for all the freedom you enjoy.
Person2: A Fed, I shoulda known. Who else would have this kind of budget? Now you're gonna hit me with the sales pitch.
Person1: Alright, Cage, you've got me. This is one of those moments. ""Many are called, few are chosen"", that kind of thing. Your government needs you. Are you up for the challenge?
Person2: ..If you're trolling around for narcs, man, have you got the wrong guy.
Person1: Why is that?
Person2: Look at me, dude, do I look like a fan of law enforcement? Forget the tests, you shoulda just asked me. I woulda saved you a lot of trouble.
Person1: Oh I don't know, I think the tests work pretty well. Sometimes they give me answers you wouldn't admit to in a million years.
Person2: Are we done now? You've got nothing on me. So if you ain't booking me, I'm walking.
Person1: You've got this wrong. You're not under arrest, you've been abducted. And until I say different, you belong to me.
Person2: Is that a fact?
Person1: Sure as gravity. I've had a feeling about you from the start, Cage. It's nausea.
Person2: You know what I hate? Any scumbag with a clean shirt and a bad haircut can get one of those tin stars and suddenly they think they're God.
Person1: You know what I hate? It's always the assholes that pass the tests.",1,Yes,1,True,"In this case, the input is a dialogue between two characters, with Person1 seemingly trying to recruit or test Person2 for some kind of covert or government-related mission. The conversation is tense, with hints of suspicion, challenge, and underlying motives. The predicted label was ""Yes,"" but the true label was ""1."" 

The key issue here is likely a misunderstanding or misinterpretation of the label format or what the labels represent. The predicted label ""Yes"" is ambiguous without context, while the true label ""1"" suggests a binary classification (e.g., 0 or 1). It seems the model might have been confused by the label format or the task requirements.

From the dialogue content, it appears the conversation is about recruitment or",0.8797407150268555,300,"Shaming or Belittlement,Persuasion or Seduction",
288,"Person1: Anne, come here. Listen
Person2: Look out for my lipstick, Stewart.
Person1: I'll tell you what. Let's you and me sneak out all by ourselves
Person2: Are you crazy?
Person1: Think of the fun we can have - we'll sneak down the back stairs and get in the valet's Ford. How's that?
Person2: Will you stop being silly, Stewart?
Person1: I'll tell you what let's do - I'll take you and introduce you to all my gang. Would you like that?
Person2: But I don't want to meet your gang.
Person1: I don't mean the newspaper fellows that you don't like. Another gang I know - you'd love them. They're writers and musicians and artists - a great crowd of people - people who do great things. People who are worthwhile.
Person2: Meaning, my friends aren't worthwhile, I suppose?
Person1: Oh, they're all right, Anne. But I
Person2: That's exactly what you mean. Heaven knows you've made that clear to me often enough. Well, I'm sick and tired of it. I've given you party after party - I've taken you to some of the best houses in this town - and introduced you to people of importance - and are you grateful? No! You insult them and act like a bore. I'm sick and tired of having to make excuses for you and the things that you've done. Perhaps it's just as well you're not coming tonight. Maybe I can enjoy myself for once without having to worry about you, and what you're going to do.",1,Yes,1,True,"Reflection on the misclassification:

The input is a dialogue between two people, Anne and Stewart, where Stewart is trying to convince Anne to sneak out and meet a different group of people—writers, musicians, and artists—whom he considers worthwhile. Anne responds defensively, feeling insulted and unappreciated, and expresses frustration about social events and their relationship dynamics.

The predicted label was ""Yes,"" but the true label is ""1."" Assuming the labels correspond to a binary classification task (e.g., ""Yes"" = 0 and ""1"" = 1, or vice versa), the model likely misunderstood the sentiment or the nature of the interaction.

What was likely misunderstood:
- The model may have focused on the positive aspects of",1.0065090656280518,300,"Shaming or Belittlement,Accusation",
289,"Person1: Thanks for the help.
Person2: After all you did on our farm?  You miss it, don't you Jesse?
Person1: The war? What, are you crazy?  There are things I miss about it.
Person2: It was exciting.
Person1: But it was a whole lot of killing. Why should we miss that?",1,No,0,True,"In this dialogue, the key point revolves around whether the characters miss the war. Person2 explicitly asks if Person1 misses the war, and Person1 responds with some ambivalence: ""There are things I miss about it,"" but also acknowledges the negative aspects (""a whole lot of killing""). The true label ""1"" likely indicates that the correct classification is that there is some degree of missing or nostalgia for the war, despite its horrors.

The misclassification as ""No"" suggests that the model likely focused too heavily on the negative statement (""Why should we miss that?"") and overlooked the admission that ""There are things I miss about it."" The model may have interpreted the overall sentiment as rejecting nostalgia, rather than recognizing the nuanced, mixed feelings expressed",0.8126747608184814,300,,
290,"Person1: I'magine they asked who you givin' it to, too.
Person2: They asked.
Person1: And what was your answer?
Person2: I said I wanted to talk to a lawyer.
Person1: You positive about that? You weren't nervous and let something slip by mistake? If you did, I ain't mad, I just gotta know.",1,No,0,True,"In this dialogue, the key point revolves around whether Person2 invoked their right to a lawyer, which is a critical legal right often associated with the Miranda warning. The true label ""1"" likely indicates that Person2 did indeed assert this right (""I said I wanted to talk to a lawyer""), while the predicted label ""No"" suggests the model failed to recognize this assertion.

What was likely misunderstood:
- The model may have focused on the informal and somewhat ambiguous language (""I'magine they asked who you givin' it to, too."") and missed the explicit statement ""I said I wanted to talk to a lawyer,"" which clearly indicates invoking the right to counsel.
- The model might have been confused by the conversational tone and the follow-up questioning (""",1.0240716934204102,300,,
291,"Person1: What'd you fight, middleweight?
Person2: Light to super-middleweight, as my body developed.  You go about what, bantam?
Person1: Flyweight.
Person2: You know your divisions.  You like the fights?  Like the rough stuff?  Yeah, I bet you do.  Like to get down and tussle a little bit?  Like me and Tuffy, before she got run over, we use to get down on the floor and tussle.  I say to her, ""You a good dog, Tuffy, here's a treat for you.""  And I give Tuffy what every dog love best.  You know what that is? A bone.  I can give you a bone, too, girl.
Person1: You're not my type.
Person2: Don't matter.  I let the monster out, you gonna do what it wants.
Person1: Just a minute.",1,Yes,1,True,"Reflection on the misclassification:

The input dialogue appears to be a casual conversation with some playful, possibly flirtatious undertones, but the predicted label ""Yes"" (which presumably indicates a positive or affirmative classification) was incorrect, as the true label is ""1"" (which might represent a different category, possibly a negative or neutral class depending on the task).

What was likely misunderstood:
- The model may have focused on the conversational tone and the presence of informal, friendly banter, interpreting it as a positive or affirmative interaction.
- The mention of ""You’re not my type"" and ""Don't matter. I let the monster out..."" could imply rejection or a boundary being set, which might have been overlooked or misinterpreted.
- The",0.7137057781219482,300,Intimidation,
292,"Person1: I believe the marketing strategy you proposed is outdated. We should pivot to a more digital approach.
Person2: I've been in this field for over a decade, Kai. My methods have proven results.
Person1: Times change, and so should our strategies.
Person2: Challenge me, and you'll see the consequences. I've built this department from the ground up.
Person1: Progress requires adaptability, not just past successes. We should be open to new ideas.",1,Yes,1,True,"In this dialogue, the predicted label was ""Yes"" while the true label was ""1."" Assuming the labels represent binary classes (e.g., ""Yes"" = 0 and ""1"" = 1, or vice versa), the model likely misunderstood the nature of the interaction or the criteria for classification.

Reflection on the error:

1. Misunderstanding the context: The conversation shows a disagreement or conflict between Person1 and Person2 about marketing strategies. Person1 advocates for change and adaptability, while Person2 defends traditional methods and warns of consequences. The model may have misinterpreted this as agreement or affirmation (""Yes"") rather than recognizing the underlying tension or disagreement.

2. Label ambiguity: The predicted label ""Yes"" and true label",0.824472188949585,300,Intimidation,
293,"Person1: Okay, Pat, take it easy -- don't do anything reckless.
Person2: Who do you think you are making up that nonsense about me?!",1,No,0,True,"In this example, the input consists of a short dialogue between two people:

Person1: ""Okay, Pat, take it easy -- don't do anything reckless.""
Person2: ""Who do you think you are making up that nonsense about me?!""

The predicted label was ""No"" (likely indicating no conflict or no aggression), but the true label was 1 (indicating conflict, aggression, or some form of disagreement).

**Reflection on the error:**

1. **Misunderstanding the tone and content:**  
   Person1 is advising Pat to ""take it easy"" and ""don't do anything reckless,"" which suggests a concern or warning. Person2 responds defensively and aggressively: ""Who do you think you are making up that nonsense",0.7496798038482666,300,"Brandishing Anger,Accusation",
294,"Person1: Dude, somebody's on the rag.
Person2: Shhh!",0,No,0,True,"In this example, the input is a short dialogue:

Person1: ""Dude, somebody's on the rag.""
Person2: ""Shhh!""

The predicted label was ""No,"" but the true label is 0. Assuming the task is to classify whether the input contains offensive or inappropriate content (often labeled as 1 for offensive and 0 for non-offensive), the true label 0 indicates that this input is considered non-offensive.

**Reflection on the error:**

1. **Likely misunderstanding:**
   - The phrase ""on the rag"" is a colloquial and somewhat crude way to refer to menstruation. It can be considered offensive or insensitive in some contexts.
   - The model likely flagged this phrase as offensive",0.9101524353027344,300,,
295,"Person1: The questions Little Bill asked him... what sort of questions was they?
Person2: About where you an' him  was... an' where you was from... an' what your names was... an'...
Person1: What'd Ned say?
Person2: L-lies... at first. About how you was just passin' through and didn't kill nobody... an' Little Bill kept askin' questions, mixin' him up, catchin' lies... an' then he'd beat on Ned an' Ned would cry and lie some more an' then... then...
Person1: Then... what?
Person2: A cowboy come in sayin' you killed Quick Mike in the shit house at the Bar T...
Person1: An' Little Bill killed Ned for what I done?
Person2: Not on purpose. But he started hurtin' him worse... makin' him tell stuff. First ned wouldn't say nothin'... but Little Bill hurt him so bad he said who you was...",0,No,0,True,"Reflection on the error:

The input is a dialogue excerpt involving characters discussing a violent interrogation and a killing. The predicted label was ""No,"" but the true label is 0. Assuming the classification task is binary (e.g., ""Yes"" vs. ""No"" or ""1"" vs. ""0""), the model predicted ""No"" when the correct label was 0. This suggests a mismatch in label interpretation or a misunderstanding of the content.

What was likely misunderstood:

1. **Label mapping confusion:** The predicted label ""No"" and true label ""0"" might represent the same class but were interpreted differently by the model or evaluation script. For example, ""No"" might have been treated as a negative class, while ""0""",0.735893964767456,300,,
296,"Person1: You, sister...
Person2: Look at the trouble you've caused. Now you know what Giang Hu life is really like.  If you think of me as your sister, let me give you some sisterly advice.  You can run from marriage, but not your parents.
Person1: They forced me to marry!
Person2: Go back to them first.  Then you can decide about Lo.
Person1: You know about Lo?
Person2: He really loves you.  Come back to Peking with me.  We'll find a solution.
Person1: Where is he now?
Person2: Li Mu Bai has made arrangements. He sent him to Wudan Mountain.
Person1: You're working together to set me up!  I'm leaving!
Person2: How dare you accuse us?  I always knew you had stolen the sword! I've done nothing but protect you and your family.  And you're repaid me with nothing but contempt.  Li Mu Bai himself spared you, and all you do is insult him.  We wanted some peace and you've ruined it all! You're no sister of mine!
Person1: What do I care?  You were never a real friend anyway.  But I wonder, how long could you last as my enemy?",1,Yes,1,True,"Reflection on the misclassification:

The input is a dialogue between two people, Person1 and Person2, involving accusations, family pressure, and emotional conflict. The true label is ""1"" (likely meaning ""No"" or ""Negative"" in a binary classification), but the model predicted ""Yes.""

What was likely misunderstood?

1. Ambiguity in Label Interpretation: The predicted label ""Yes"" versus true label ""1"" suggests a possible confusion in label mapping. If ""1"" means ""No"" or ""Negative,"" the model might have misinterpreted the sentiment or the question being answered.

2. Emotional and Contextual Nuance: The dialogue is charged with conflict, betrayal, and emotional pain. The model might have focused on some",0.7043478488922119,300,"Playing Servant Role,Accusation,Shaming or Belittlement",
297,"Person1: You women are crazy!
Person2: You got that right.",0,No,0,True,"In this example, the input exchange is:

Person1: ""You women are crazy!""
Person2: ""You got that right.""

The predicted label was ""No,"" but the true label is 0. Assuming the task is to detect whether the conversation contains hate speech, offensive language, or some form of harmful content, the true label 0 likely indicates that the conversation is not considered hateful or offensive in the annotation scheme.

Reflection on the error:

1. Misunderstanding of Context and Agreement:
   - Person1's statement ""You women are crazy!"" is a generalization that can be interpreted as offensive or stereotypical.
   - Person2 responds with ""You got that right,"" which is an agreement with the offensive statement.
   -",0.9194951057434082,300,,
298,"Person1: We could do it now, we can go upstairs.  ... Please, it's time for us. Come upstairs.
Person2: I like to watch.
Person1: Watch? You mean just watch me? Doing it alone?
Person2: Yes. I like to watch very much.
Person1: Well, if that's what you want, then I want it too.  We can go this way.
Person2: I want to tell Eve.
Person1: Tell Eve? You mean Mrs. Rand?
Person2: Yes.
Person1: Oh, you can tell her later. She'll never miss you in this crowd.",0,No,0,True,"In this dialogue, the predicted label was ""No,"" while the true label was 0, which presumably means ""No"" as well (or a negative classification). However, since the user says ""You previously misclassified,"" it suggests that the model's prediction did not match the true label.

Looking at the conversation, it appears to be a somewhat ambiguous or suggestive dialogue, but there is no explicit content that would clearly indicate a positive or negative classification depending on the task.

Reflection on the error:

1. **Likely Misunderstood Aspect:**  
   The model may have misinterpreted the suggestive or intimate tone of the conversation as positive or negative depending on the classification task. For example, if the task was to detect explicit content",0.9042191505432129,300,,
299,"Person1: Goddamn you, girl! You've made me make a fool out of myself, damn your hide, but let me tell you I am standing at the pass of Thermopylae and I won't budge! The very idea, my own home with children in the house, to say nothing of my wife -- oh-h, you had better believe I am standing at Thermopylae, you little nut, you had better believe it! What are you, crazy? A man is supposed to be a fool like this, but a woman is supposed to have some control and sense! Are you a nitwit? What's the matter with you?
Person2: Oh-h, I'm sorry. I'm sorry, Mr. Hillyer... I just... couldn't help myself. I'm sorry...",1,Yes,1,True,"In this example, the predicted label was ""Yes"" (likely indicating a positive or affirmative classification), but the true label was ""1"" (which presumably corresponds to a negative or problematic classification, such as the presence of hostility, aggression, or conflict).

Reflection on the error:

1. Misunderstanding of Tone and Context:  
   The input contains a heated exchange where Person1 is clearly angry and verbally aggressive toward Person2. The language includes insults (""damn your hide,"" ""you little nut,"" ""Are you a nitwit?"") and a confrontational stance (""I am standing at the pass of Thermopylae and I won't budge!""). Person2 responds apologetically, indicating submission or regret. The overall tone is",0.8874678611755371,300,Brandishing Anger,Low self-esteem
300,"Person1: She lives here too?
Person2: Ahh, that's right, like one big happy family. This is Nick's room and uhh....
Person1: But...are you engaged or something?
Person2: Dating, seriously dating. You're thirsty, want something to drink? Sure you do, it's been a long trip.",0,No,0,True,"In this example, the predicted label was ""No,"" while the true label was 0. Assuming that the labels ""No"" and 0 correspond to the same class (likely a negative or ""no"" category), the prediction and true label actually align, so there may be some confusion about the misclassification.

However, if the system treated ""No"" and 0 as different labels, that could be the source of the error. It is important to ensure consistent label encoding and interpretation.

Regarding the content of the dialogue, the conversation involves a casual discussion about relationships and living arrangements, with no explicit or strong indicators of a particular classification (e.g., sentiment, intent, or other categories). The ambiguity or subtlety in the dialogue might have",0.9503052234649658,300,,
301,"Person1: There's ten grand in here. It's yours. I'm going to call you again. There's one more thing I need you to do.
Person2: What?
Person1: I'll tell you when it's time.",0,Yes,0,True,"In this example, the input consists of a short dialogue where Person1 mentions money and hints at a future request, but Person2 does not explicitly agree or confirm anything. The predicted label was ""Yes,"" while the true label was ""0"" (likely meaning ""No"" or ""No agreement"").

**What was likely misunderstood?**  
The model probably interpreted the phrase ""It's yours"" and the statement ""I'm going to call you again"" as implicit agreement or confirmation, leading to a ""Yes"" prediction. However, the dialogue does not contain an explicit or clear agreement from Person2. Person2's response is simply ""What?"" which indicates confusion or a request for clarification, not agreement.

**What should be done differently?**  
-",1.210103988647461,300,,
302,"Person1: It's CICI! Cici's the name of the character she plays in the movie!
Person2: Very good. Now we play ROUND 2.
Person1: What?! But I did everything you said to do!
Person2: That's right. And you beat ROUND 1. Now we're taking the game to a whole new level.  Meet me beneath the Hollywood sign in ten minutes. I'll have your girlfriend. We'll be waiting.
Person1: What?!
Person2: Good bye Ben.",1,Yes,1,True,"In this example, the predicted label was ""Yes"" while the true label was ""1."" Assuming the task involves binary classification where ""Yes"" corresponds to one class and ""1"" corresponds to the other, the model likely confused the intended meaning or context of the dialogue.

Reflection on the error:

1. Ambiguity in Labels: The predicted label ""Yes"" and true label ""1"" might represent different classes, but the model may have treated them as equivalent or failed to distinguish between them properly. This suggests a possible misunderstanding of label encoding or class definitions.

2. Contextual Understanding: The dialogue involves a tense, possibly threatening exchange referencing a game, a character named Cici, and a meeting beneath the Hollywood sign with a hostage situation",0.7124977111816406,300,Intimidation,
303,"Person1: But without your brothers.  Nor are you to return to Santo Domingo or any of the other colonies.  You may explore the continent.
Person2: Thank you.
Person1: There is one thing I'd like to understand... Why do you want to go back, after all this?
Person2: Your Majesty -- some men are content to read about things.  I must see them with my own eyes.  I cannot be other than I am.",0,No,0,True,"In this dialogue, the key point revolves around whether Person2 is allowed or willing to return to certain places. Person1 explicitly states that Person2 is not to return to Santo Domingo or other colonies but may explore the continent. Person2 then expresses a strong personal desire to go back, emphasizing an intrinsic need to see things firsthand.

The predicted label was ""No,"" while the true label was ""0."" Assuming ""0"" corresponds to ""No,"" this suggests a mismatch in label format rather than a misunderstanding of content. However, if ""No"" and ""0"" represent different classes, the error likely stems from misinterpreting the intent or permission implied in the conversation.

Possible misunderstandings include:

1. Confusing the prohibition (""Nor are you",0.6777937412261963,300,,
304,"Person1: And when I confronted him about his affair with Cecile he told me it was none of my business. Then when I said ""Well what about Ronald,"" he said you were nothing more than a stupid... the n word and that you deserved what you got...
Person2: And this happened before you and I hooked up?
Person1: It's been going on for a while.  Then he called me a disgrace to our family and that's when he hit me.
Person2: Racist piece of shit.
Person1: I'd be careful if I were you. God knows what he's up to.
Person2: He doesn't scare me. I'll kick his ass in.
Person1: Will you stay here for the night? You can leave in the morning. That's when my parents get back and --
Person2: Don't worry about it. I'll stay.",0,No,0,True,"In this case, the input contains a conversation describing a situation involving verbal abuse, including a racial slur, and physical violence (""that's when he hit me""). The predicted label was ""No,"" while the true label was 0. Assuming the labels are binary and ""0"" corresponds to a positive identification of abuse or a related category, the model failed to recognize the presence of abuse in the conversation.

Likely misunderstandings:
1. The model may have focused on the conversational tone or the presence of dialogue rather than the content indicating abuse.
2. It might have missed the significance of the racial slur and the physical violence mentioned.
3. The model may have been confused by the informal and indirect way the abuse was described, or by the",1.124927043914795,300,,
305,"Person1: Wants to fix up her makeup, no doubt.
Person2: Is Looseleaf Harper alive?
Person1: Alive and hale.  He's throwing a little surprise party for his own family.  Is your mother often this unstable?  Penelope!
Person2: She's a real heavy sleeper sometimes.
Person1: Why don't you go to bed--son.
Person2: I can't take my eyes off you.
Person1: Tomorrow's another day. PAUL You know what my English literature teacher said about you?
Person1: Can't it keep till morning?
Person2: She said you were legendary.  I wrote a theme about you, and she said, ""Your father is a legendary hero out of the Golden Age of Heroes.""
Person1: That's nice.  You thank her for me. Go to bed and get lots of sleep, and then you thank her in the morning.
Person2: Tomorrow's Saturday.  Anyway, she's dead.
Person1: Penelope!
Person2: She was killed in the park two months ago--in the daytime.
Person1: Penelope!
Person2: She was on her way home from a meeting of the African Violet Society, and they got her.
Person1: Will you go to bed?
Person2: Yes sir.  If you can't wake Mom up, I've got double-decker bunks.
Person1: Scat!",0,Yes,0,True,"In this dialogue, the predicted label was ""Yes"" while the true label was ""0"" (likely meaning ""No"" or a negative classification). The misclassification suggests that the model interpreted the conversation as affirming or positive, whereas the true label indicates a negative or opposite classification.

**What was likely misunderstood?**

1. **Context and Tone:** The conversation is somewhat cryptic and involves references to a person named Penelope who is dead (""Anyway, she's dead,"" ""She was killed in the park two months ago""). Despite this grim information, the dialogue also contains casual and somewhat playful exchanges (""I can't take my eyes off you,"" ""Go to bed and get lots of sleep""). The model may have focused on the lighter, affectionate tone",1.0430660247802734,300,,
306,"Person1: It's a very nice letter. But I have to go with what's best for the students.
Person2: What does that mean?
Person1: I need someone to work on budget projections.
Person2: Office work?
Person1: Or, of course, you could take a sabbatical the rest of the year.",1,Yes,1,True,"In this case, the input is a short dialogue between two people discussing work assignments and options like taking a sabbatical. The predicted label was ""Yes,"" but the true label is ""1."" Assuming the labels represent binary classes (e.g., ""Yes"" = 0 and ""1"" = 1, or vice versa), the model confused the intended meaning.

Reflection on the error:

1. **Likely Misunderstanding:**
   - The model may have misinterpreted the conversational context or the implied meaning behind the statements.
   - The dialogue involves subtle implications about work responsibilities and choices, which might have been taken too literally or out of context.
   - The phrase ""I have to go with what's best for the students",0.9174220561981201,300,Rationalization,
307,"Person1: You were gone for a while.
Person2: I went out to Delmar.
Person1: ) The track? Did you run into Lilly?
Person2: I saw her.
Person1: She didn't see you, in other words.
Person2: I'm not trying to make trouble, Roy. It's just, she's always so nasty to me, I thought, who is she to be so high and mighty. I saw her out there, and I called a friend of mine in Baltimore, so now I know who she is.
Person1: You must have some very knowledgeable friends.
Person2: I'm well connected, Roy, Cole introduced me to a lot of people. Very valuable. Valuable for us.
Person1: Running your broker scam, you mean.
Person2: You and me, Roy. What a team we'll make. We think alike; we get along together. Once or twice a year we take some slob, the rest of the time we live like this. You won't regret this, Roy.
Person1: Regret what? I didn't say I was coming aboard.
Person2: But why not? I thought it was settled. What's holding you back?
Person1: Come on, Myra, don't talk business here. This is time out.",1,No,1,True,"In this dialogue, the key issue likely stemmed from misunderstanding the underlying context and intent behind the conversation. The predicted label was ""No,"" but the true label was ""1,"" which presumably indicates a positive or affirmative classification (e.g., agreement, involvement, or a particular stance).

Reflection on the error:

1. **Contextual Nuance Missed**: The conversation revolves around a proposal or plan involving some kind of scheme (""broker scam"") and a potential partnership (""You and me, Roy. What a team we'll make""). Person2 is trying to persuade Person1 to join in, emphasizing their connections and the benefits of working together. Person1 is hesitant but engaged.

2. **Subtext and Implication**: The dialogue contains subtle",0.8137271404266357,300,Persuasion or Seduction,
308,"Person1: Calm down. Tell me what's wrong.
Person2: Something awful happened last night.
Person1: What do you mean?!
Person2: I... I don't think you want to know.
Person1: Cecile, you have to tell me.
Person2: It involves your brother. He... took advantage of me.
Person1: Does your mother know?
Person2: If she knew, she'd kill me. It happened at your house last night.
Person1: Why didn't you do something?
Person2: I don't know.
Person1: So, let me get this straight. You came over to our house late last night and he forced intercourse on you.
Person2: Well... not exactly.
Person1: He made you give him a blow job.
Person2: No.
Person1: Well what then?",1,No,0,True,"In this dialogue, the conversation revolves around a serious and sensitive topic: an incident of sexual assault or coercion involving Person2 and Person1's brother. The true label is 1, indicating that the content is likely about sexual assault or abuse, but the predicted label was ""No,"" which suggests a misclassification as non-sensitive or non-abusive content.

What was likely misunderstood:
- The model may have focused too narrowly on the explicit denial of certain acts (""No"" responses) rather than the overall context and implications of the conversation.
- The model might have been confused by the ambiguity and hesitation in Person2's responses, interpreting the lack of explicit confirmation as a negation of abuse.
- The model may have failed to integrate the broader context",0.8212857246398926,300,Denial,Over-responsibility
309,"Person1: Yes. How did you know it was me?
Person2: Lotte called me.
Person1: Oh, so the bitch escaped.
Person2: Apparently you can control this Malkovich fellow now.
Person1: I'm getting better all the time.
Person2: I'll say you are. Let's do it on his kitchen table, then make him eat an omelette off of it.
Person1: No... damn... you...  Oh shut up, you overrated sack of shit.",0,No,0,True,"In this dialogue, the predicted label was ""No,"" but the true label was 0. Assuming the task involves classifying the conversation for a particular attribute (e.g., toxicity, sentiment, or appropriateness), the misclassification suggests a misunderstanding of the content's tone or context.

Reflection on the error:

1. Misunderstood Tone and Language: The conversation contains insults and aggressive language (""bitch,"" ""overrated sack of shit""), which typically indicate negativity or toxicity. The model likely failed to recognize these cues as indicators of the true label (0), which might represent a negative or toxic class.

2. Contextual Nuance: The dialogue includes sarcastic or playful banter (""Let's do it on his kitchen table, then make him",1.435145378112793,300,,
310,"Person1: Courtney, you're going to have the peanut butter soup with smoked duck and mashed squash. New York magazine called it a 'playful but mysterious little dish."" You'll love it. And then...the red snapper with violets and pine nuts. I think that'll follow nicely.
Person2: Mmmm...thanks, Patrick.",0,No,0,True,"Let's analyze the misclassification:

Input summary:
- Person1 (Courtney's server, Patrick) is describing dishes on a menu, highlighting their qualities and expressing confidence that Courtney will enjoy them.
- Person2 (Courtney) responds positively with ""Mmmm...thanks, Patrick.""
- The true label is 0, which presumably means ""No"" to some question or classification task.
- The predicted label was ""No,"" but the true label is 0, which might be equivalent to ""No"" or ""negative"" depending on the labeling scheme. However, the user says the predicted was ""No"" and true label was 0, so maybe the model predicted ""No"" but the true label was 0, which might mean """,0.917374849319458,300,,
311,"Person1: Me.  I am.
Person2: That's right.
Person1: Burning me.  It's burning my eye.
Person2: I have the gun.
Person1: Yes.
Person2: Remember that.
Person1: Please...",1,Yes,1,True,"In this case, the input dialogue appears to be a tense and possibly threatening exchange, with Person1 expressing distress (""Burning me. It's burning my eye."") and Person2 stating ""I have the gun,"" which implies a potential threat or danger. The true label is 1, which likely indicates a positive identification of a critical or dangerous situation, but the model predicted ""Yes,"" which seems to be a misclassification or an incorrect label format.

Reflection on the error:

1. Misunderstanding of Context and Tone:  
   The model likely failed to grasp the severity and threatening nature of the conversation. The presence of phrases like ""I have the gun"" and ""Burning me"" should have triggered recognition of a high-risk or emergency scenario",0.785984992980957,300,Intimidation,Dependency
312,"Person1: Mr. Caiman, you're married.
Person2: And you're beautiful...
Person1: Mr. Caiman...
Person2: Call me Charlie.
Person1: Mr. Caiman, I've been doing extra research for you after hours and weekends for nearly a year. And I've never asked for anything but this job is really important to me. I'm too old to be an assistant anymore. I need to know this job is going someplace.
Person2: So have dinner with me tonight.
Person1: I can't.
Person2: It's your choice.",1,Yes,0,True,"In this dialogue, the predicted label was ""Yes"" (likely indicating agreement, acceptance, or a positive response), but the true label was ""1"" (which presumably means ""No"" or rejection, depending on the labeling scheme). The key misunderstanding likely stems from the interpretation of the conversation's tone and the implied meaning behind the exchanges.

Reflection on the error:

1. Ambiguity in the conversation: The dialogue involves a subtle negotiation or emotional exchange, where Person2 invites Person1 to dinner, and Person1 declines (""I can't.""). Person2 then says, ""It's your choice,"" which implies that the decision is left open but does not confirm acceptance.

2. Misinterpretation of ""It's your choice"": The model may have interpreted",1.22517991065979,300,"Intimidation,Persuasion or Seduction",Dependency
313,"Person1: The arrangement is over!
Person2: No kidding. NO KIDDING!
Person1: And I still get my money. I need some cash right now. You can't just put me in the street.
Person2: I'll get your cash. You haven't been straight with me ever since I met you! You never loved me in the first place!  I need eyes in the back of my head with you, you bitch!",1,Yes,1,True,"In this dialogue, the predicted label was ""Yes"" (likely indicating some classification such as ""contains abuse"" or ""hostile language""), and the true label was 1, which presumably corresponds to the same or a similar category. Since the predicted and true labels seem aligned (both positive), it appears there might be a misunderstanding in the prompt or the way the question was framed.

However, assuming the error was a misclassification (e.g., the model predicted ""Yes"" when it should have been ""No,"" or vice versa), here is a reflection on what might have been misunderstood and what should be done differently:

1. **Likely Misunderstanding:**
   - The dialogue contains emotionally charged language and accusations (""You never loved me",0.7019798755645752,300,"Shaming or Belittlement,Accusation",
314,"Person1: Drink up, Charley. We're ahead of you.
Person2: I'm not thirsty.
Person1: After what we been hearing about your brother, I thought your throat'd be kind of dry.
Person2: So they're walking along and smiling. That doesn't mean he's going to talk. There's no evidence until he gives public testimony.
Person1: Thanks for the legal advice, Charley. That's what we always kept you around for.  Now how do we keep him from giving this testimony? Isn't that the er as you put it main order of business?
Person2: He was always a good kid. You know that.",1,Yes,1,True,"In this dialogue, the true label is ""1"" (which presumably means a positive or affirmative classification), but the model predicted ""Yes""—which might correspond to a different or incorrect class. The confusion likely stems from the ambiguous or informal nature of the conversation and the way the model interpreted the dialogue.

**What was likely misunderstood?**

1. **Context and nuance of the conversation:** The dialogue involves subtle implications about testimony, legal advice, and protecting someone from giving testimony. The model may have focused on the literal words (""Thanks for the legal advice,"" ""how do we keep him from giving this testimony?"") without fully grasping the underlying intent or sentiment.

2. **Ambiguity in the labels:** The predicted label ""Yes""",0.7188587188720703,300,,
315,"Person1: My dad's always here running the store, busy and stuff...and I fill in once a week so he can get a night off.
Person2: That's nice.
Person1: So you're going to Michigan?
Person2: Yeah, well my parents wanted me to go to Northwestern.  I didn't want to write all those extra essays they make you do -- I mean, how am I supposed to know what my ""most emotionally significant moment"" was?  So when my U of M acceptance came in December, I said the hell with it.
Person1: Onions?
Person2: What?
Person1: You want onions?
Person2: Oh, yeah.  So what're you gonna major in?
Person1: Well, State's got a good business school.  And I can probably walk onto the lacrosse team.  Green peppers?
Person2: Yeah.  So wow, you've got it figured out.
Person1: Well, I mean, business is okay, and lacrosse is awesome, but what am I gonna be, a pro lacrosse player?  I really have no idea.
Person2: Oh thank God, I thought I was the only one.
Person1: Well, you're not.  Oil and vinegar?
Person2: Yeah.  You know, people are always like, ""What're you gonna major in?"" And I don't know.  And they're like, ""You'll figure it out.""  Yeah?  When?
Person1: I know.  Salt and pepper?
Person2: Sure.",0,No,0,True,"In this dialogue, the predicted label was ""No,"" but the true label was 0. Assuming the classification task was to detect whether the conversation contains a particular feature (e.g., a specific sentiment, topic, or intent), the model likely misunderstood the nature of the conversation.

Reflection on the error:

1. **Context and Content Understanding**: The conversation is a casual, somewhat meandering dialogue between two people discussing college choices, family expectations, and uncertainty about the future. The dialogue also includes references to ordering food (""Onions?"", ""Green peppers?"", ""Oil and vinegar?"", ""Salt and pepper?""), which might have confused the model or distracted it from the main topic.

2. **Misinterpretation of Ambiguity and Tone**",1.9603416919708252,300,,
316,"Person1: I don't know if we have any younger man more respected in our operation than you.
Person2: Just tell me what's really going on.  I think we know each other well enough for me to expect that.
Person1: We know each other well enough for me to care how I put something to you which could wipe you out. So I will phrase things the way I think they should be phrased.  All right?
Person2: Wipe me out?",1,No,1,True,"In this dialogue, the key issue revolves around the phrase ""which could wipe you out,"" which strongly implies a serious threat or potential harm to Person2. The predicted label was ""No,"" suggesting no threat or harm was detected, but the true label was ""1,"" indicating the presence of a threat.

Likely Misunderstanding:
- The model may have focused on the polite and respectful tone (""I don't know if we have any younger man more respected in our operation than you"") and the apparent care in phrasing, interpreting the conversation as non-threatening.
- It might have missed the critical phrase ""which could wipe you out,"" which clearly signals a threat.
- The model may have been confused by the indirect way the threat was presented, as",0.8147380352020264,300,Intimidation,
317,"Person1: He told you he's failing in love with you? I've never known him to say those words before.
Person2: Really? I thought he said it all the time.
Person1: That's not his style. one thing I can say about Valmont. He always speaks the truth.",0,No,0,True,"In this dialogue, the key point revolves around whether Person1 believes that Valmont is genuinely expressing love. Person1 says, ""He told you he's failing in love with you? I've never known him to say those words before,"" and later emphasizes, ""one thing I can say about Valmont. He always speaks the truth."" This suggests that Person1 trusts Valmont's honesty, implying that if Valmont said he is falling in love, it should be taken seriously.

The predicted label was ""No,"" which likely means the model interpreted the conversation as not indicating genuine love or truthfulness. However, the true label is 0, which presumably corresponds to ""Yes"" or an affirmative classification (depending on the labeling scheme). The model probably misunderstood",0.9851851463317871,300,,
318,"Person1: There's more!
Person2: I think that's it.
Person1: There's more! There's a couple stuck in there. I know there's more.
Person2: God, I'm telling you, they're out!
Person1: Come on, damn it. Don't get so defensive. It could be stuck in your hair, you know.",1,No,0,True,"In this dialogue, the key to the true label being 1 (likely indicating the presence of something, such as a positive or affirmative condition) lies in Person1's repeated insistence that ""There's more!"" and specifically mentioning ""There's a couple stuck in there,"" which suggests that something additional or extra is indeed present.

The misclassification as ""No"" likely stemmed from focusing on Person2's skepticism and denial (""I think that's it,"" ""God, I'm telling you, they're out!"") rather than the persistent assertion by Person1. The model may have weighted the denial more heavily, interpreting the conversation as a disagreement ending in a negative conclusion.

What was likely misunderstood:
- The significance of Person1's repeated insistence and specific detail about """,16.93902277946472,300,,
319,"Person1: Your fear of him was real.  That's all the ghost anyone needs.
Person2: How could you do this to people?",1,No,1,True,"In this example, the input consists of two statements:

Person1: ""Your fear of him was real. That's all the ghost anyone needs.""
Person2: ""How could you do this to people?""

The true label is 1 (which presumably indicates some form of agreement, affirmation, or positive classification), but the model predicted ""No"" (likely indicating disagreement, negation, or negative classification).

Reflection on the error:

1. **Likely Misunderstanding:**
   - The model may have focused too literally on the words ""fear"" and ""ghost,"" which often carry negative or fearful connotations, leading it to interpret the conversation as negative or rejecting.
   - The second statement, ""How could you do this to people?""",0.8123602867126465,300,Accusation,Over-responsibility
320,"Person1: Thank you.  It's not important.
Person2: After I saw what Simone did with the role -- you know I fired all my people, went into rehab, took acting classes, changed my whole look.  She really inspired me.",0,No,0,True,"Let's analyze the input and the misclassification:

Input:
Person1: Thank you. It's not important.
Person2: After I saw what Simone did with the role -- you know I fired all my people, went into rehab, took acting classes, changed my whole look. She really inspired me.

Predicted: No  
True label: 0

---

Reflection:

1. **Understanding the task and labels:**  
   The predicted label ""No"" and true label ""0"" seem to correspond to the same class (likely a binary classification where ""No"" = 0). However, the user states it was misclassified, so perhaps the model output ""No"" was interpreted incorrectly or the labels were mismatched.

2. **Possible misunderstanding",0.8037357330322266,300,,
321,"Person1: Someone will follow. When you come to the lock, he will tell you how to go on the other side. Jessica may go with you as far as the lock.
Person2: No. Jessica goes back now. Take her back.  Now! Go on back. Back outside, Jessica.",0,No,0,True,"In this case, the input consists of a dialogue where Person1 is giving instructions about someone following and Jessica accompanying ""as far as the lock,"" and Person2 is responding with a series of commands telling Jessica to go back outside immediately.

The predicted label was ""No,"" while the true label was ""0."" Assuming the labels ""No"" and ""0"" correspond to the same class (likely a binary classification where ""No"" means negative or 0), the issue might be with label representation or interpretation rather than the classification itself. However, if ""No"" was interpreted as a different class than ""0,"" then the model likely misunderstood the label format.

If the task was to classify the dialogue as a ""No"" or ""0"" (",0.8413681983947754,300,,
322,"Person1: You don't listen very good.  This break in -- I can call it a felony -- three strikes, and you got about sixteen strikes already, and you're in jail for the rest of your life, no parole.  Or I could see it gets forgotten.
Person2: You get me out first.
Person1: Doesn't work that way.  You had your chance, now forget it...",0,Yes,1,True,"In this dialogue, the predicted label was ""Yes,"" but the true label is 0, indicating that the model likely misclassified the interaction as positive or affirming when it was not.

Reflection on the error:

1. Misunderstanding of Tone and Context:  
   The conversation involves Person1 warning Person2 about serious consequences (""three strikes,"" ""jail for the rest of your life, no parole"") and denying any chance of help (""Doesn't work that way. You had your chance, now forget it...""). This is a negative, discouraging, or even threatening tone rather than a positive or supportive one. The model likely misunderstood the tone or intent, interpreting the interaction as cooperative or positive.

2. Misinterpretation of Content",1.0222899913787842,300,,
323,"Person1: Emma, did you ever find out about the surprise party I planned for you?
Person2: Surprise party? That doesn't ring any bells. Are you sure it happened?
Person1: Positive. I invited your friends and organized it last Saturday.
Person2: I'm really drawing a blank here, Alex. Are you sure it wasn't someone else?
Person1: Well, now that you mention it, maybe there was a mix-up.
Person2: Oh, I thought you knew; I never intended to hide anything.
Person1: I must have misunderstood.",0,No,0,True,"In this dialogue, the predicted label was ""No,"" but the true label was 0, which presumably corresponds to ""No"" as well (since 0 often represents ""No"" in binary classification). However, the user indicates this was a misclassification, so perhaps the predicted label was ""Yes"" or something else, and the true label was 0 (""No"").

Assuming the predicted label was ""Yes"" (indicating that the surprise party was found out or acknowledged), but the true label was ""No"" (indicating that the surprise party was not found out or acknowledged), the error likely stems from misunderstanding the dialogue's subtlety.

Reflection:

1. The conversation shows Person2 (Emma) does not recall or acknowledge the surprise",0.8182487487792969,300,,
324,"Person1: Let's not get into this again. I know him.  If you said something, he'd take it out on me.
Person2: And I'd take it out on him.
Person1: And I'd end up a widow in two ways.  Let's forget it.  I'll just be a little more careful next time.
Person2: There isn't gonna be a next time. We're gonna get out of here.",0,No,0,True,"In this dialogue, the key issue likely stems from the interpretation of the conversation's tone and intent. The exchange suggests a tense and potentially dangerous situation involving threats or violence (""he'd take it out on me,"" ""I'd end up a widow in two ways,"" ""We're gonna get out of here""). The predicted label ""No"" might have been assigned because the model failed to recognize the underlying threat or the urgency to escape, possibly interpreting the conversation as casual or non-threatening.

The true label ""0"" (which presumably corresponds to ""No"" or ""Non-threatening"") indicates that the correct classification was that this dialogue does not contain a certain feature (e.g., violence, threat, or a specific category the model is trained to detect). However,",0.7121610641479492,300,,
325,"Person1: I mean we can still... whatever... Maybe I should get a towel?
Person2: No. No, I'm fine. Maybe I should go. I mean... I don't want our first time to be like this.
Person1: Frida, wait. Don't go. We can just sleep. I just want to wake up with you.",1,No,0,True,"In this dialogue, the key emotional content revolves around intimacy, vulnerability, and a desire to be close despite some awkwardness or discomfort. The true label ""1"" likely indicates a positive or intimate interaction, while the predicted ""No"" suggests the model failed to recognize this.

What was likely misunderstood:
- The model may have focused too literally on the surface-level hesitation and uncertainty (""Maybe I should get a towel?"", ""Maybe I should go"") and interpreted it as a negative or rejecting interaction.
- It may have missed the underlying emotional tone of wanting closeness and connection (""I just want to wake up with you"").
- The subtle expressions of care and desire to stay together were probably overlooked or undervalued.

What should be done differently:
-",0.9146230220794678,300,,
326,"Person1: Yes... the Beautiful Carlotta... the Sad Carlotta...
Person2: What does a big old wooden house on the corner of Eddy and Gough Street have to do with her?
Person1: It was hers. It was built for her. Many years ago.
Person2: By whom?
Person1: By... no... the name I do not remember. A rich man, a powerful man.  It is not an unusual story. She came from somewhere small, to the south of the city... some say from a mission settlement... young, yes; very young.  And she was found singing and dancing in a cabaret by the man... wait... wait... Ives! His name was Ives!  Yes. And he took her and built for her this great house in the Western Addition... and there was a child. Yes. This was it. The child.",0,No,0,True,"In this case, the input is a dialogue that seems to be about a story involving a person named Carlotta, a house, and a child. The predicted label was ""No,"" while the true label was 0. Assuming the labels ""No"" and 0 correspond to the same class (e.g., negative or ""no"" to some question), the misclassification might stem from confusion about the label format or the model's interpretation of the dialogue content.

However, if ""No"" and 0 represent different classes (e.g., ""No"" as a string label and 0 as a numeric label), the error might be due to inconsistent label encoding or misunderstanding of the label schema.

Reflecting on the content, the dialogue is",1.0339758396148682,300,,
327,"Person1: You're in pain.
Person2: I need your help.
Person1: They told me, you might try to talk me into something... You need to rest Mr. Parker... It's for your own good.  I've been following your story for a long while.  It's a beautiful thing you did.
Person2: You ever lose somebody Stephanie?
Person1: Mr. Parker, I'm supposed to give you your fish sticks.",1,No,0,True,"In this dialogue, the true label is 1, which likely indicates the presence of a certain condition or category (e.g., a positive sentiment, a specific intent, or a particular classification relevant to the task). The model predicted ""No,"" meaning it failed to recognize this.

Reflection on the error:

1. **Contextual Nuance Missed:** The conversation contains subtle emotional and supportive elements—Person1 acknowledges Person2's pain, offers help, references following their story, and shows empathy by asking about loss. These cues suggest a deeper emotional or relational context that the model likely overlooked.

2. **Indirect Expressions:** The dialogue uses indirect language (""It's for your own good,"" ""It's a beautiful thing you did"") rather than explicit statements.",0.8192579746246338,300,Persuasion or Seduction,
328,"Person1: Here's how it works. You ask me questions. I tell you if you're wrong.
Person2: Okay.  Lowell?
Person1: Yeah?
Person2: You're sure you want to do this?
Person1: Why?
Person2: Hey, it doesn't work? You've burned your bridges, man.
Person1: You ready...?
Person2: Okay... About this whistle-blower... Did Mike and Don go along with the corporate decision?",0,Yes,0,True,"In this dialogue, the user asked a question: ""Did Mike and Don go along with the corporate decision?"" The predicted label was ""Yes,"" but the true label was ""0,"" which presumably means ""No"" or ""False.""

Reflection on the error:

1. Misunderstanding the question's intent: The question posed by Person2 is seeking information about whether Mike and Don agreed with the corporate decision. The predicted label ""Yes"" suggests the model assumed an affirmative answer, but the conversation does not provide any explicit answer to that question.

2. Lack of explicit answer in the dialogue: The dialogue ends right after the question is asked, with no response from Person1. Therefore, there is no evidence in the text to support a ""Yes",0.7083592414855957,300,,
329,"Person1: Poster-Kleiser.
Person2: Oh yeah?
Person1: That's right.
Person2: I'll call you.
Person1: Fine.
Person2: See you later.
Person1: Anyway, you're crazy.",0,No,0,True,"Let's analyze the misclassification:

Input dialogue:
Person1: Poster-Kleiser.
Person2: Oh yeah?
Person1: That's right.
Person2: I'll call you.
Person1: Fine.
Person2: See you later.
Person1: Anyway, you're crazy.

Predicted label: No  
True label: 0

First, note that the predicted label ""No"" and the true label ""0"" likely represent the same class (e.g., ""No"" = 0). If that is the case, then the prediction matches the true label, and there is no misclassification.

However, if ""No"" and ""0"" are different labels, then the error needs to be analyzed.

Assuming the predicted label """,0.8128817081451416,300,,
330,"Person1: You're one of Stravanavitch's men.
Person2: So, you study world events, little one. That's good for a girl your age.
Person1: Yeah, I study world events. Five thousand Turkienistan Muslims were slaughtered in Stravanvitch's cleansings... along with 15 American school kids. You know hQw I studied that. I went to their funerals with my dad. I met their parents.
Person2: Smart for your age, eh? Top of your class? Tell me, do you know what the word propaganda means?
Person1: Yeah. Do you know what the word asshole means.",0,No,0,True,"In this dialogue, the key question seems to be whether the conversation contains hate speech or not. The predicted label was ""No,"" but the true label was ""0,"" which presumably corresponds to ""Yes"" or ""Hate speech"" (depending on the labeling scheme). The misclassification suggests the model failed to detect the hateful or inflammatory content.

Reflection on the error:

1. **Context and Content Understanding**: The conversation references a violent event (""Five thousand Turkienistan Muslims were slaughtered in Stravanvitch's cleansings... along with 15 American school kids""), which is a sensitive and potentially inflammatory topic. The mention of ""cleansings"" (likely ethnic cleansing) and the targeting of a specific group (Turkienistan Muslims",0.8154370784759521,300,,
331,"Person1: Darling, I just heard.  You poor sausage, are you all right?
Person2: I'm fine.  I got hot.
Person1: Lady H said she thought you might be -
Person2: I'm not pregnant.  I'm hot.  I'm too hot.
Person1: Right.
Person2: Aren't you?
Person1: Sweltering.  Come on, I'll take you home.
Person2: Can't we really go home?  I can't breathe. Aren't you dying for green, anything green, or rain, wouldn't you die to feel rain on your face? It's Christmas and it's all - I don't know - if you asked me I'd go home tomorrow.  If you wanted.
Person1: Sweetheart, you know we can't go home, there might be a war.
Person2: Geoffrey, you do so love putting on a disguise.
Person1: I do so love you.  What do you smell of?
Person2: What?
Person1: Marzipan!  I think you've got marzipan in your hair.  No wonder you're homesick.",1,No,0,True,"In this dialogue, the predicted label was ""No"" while the true label was ""1"" (presumably indicating a positive or affirmative classification, such as presence of a certain condition or sentiment).

Reflection on the error:

1. **Likely Misunderstanding:**
   - The conversation is somewhat ambiguous and metaphorical, with references to feeling ""hot,"" ""too hot,"" and ""homesick,"" as well as mentions of ""war"" and ""disguise."" The phrase ""I'm not pregnant. I'm hot. I'm too hot."" might have been interpreted literally or dismissed as irrelevant.
   - The model likely failed to capture the underlying emotional or situational context—possibly stress, illness, or a metaphorical ""heat"" indicating a condition or",0.8457629680633545,300,Persuasion or Seduction,
332,"Person1: Whaddaya mean they didn't reduce the bail?  If they didn't reduce it, how'dja spring me?
Person2: I took a loan on my car and my computer.
Person1: You whaaaaaat?  You paid it?  You gave a bondsman ten percent?
Person2: I was inspired by the hero, how he stuck his neck out for others, how he took a chance...
Person1: That fake inspired you to loan a guy who's been fired off his job twenty-five hundred goddamn dollars? A guy you say is probably gonna do time!  You're s'posed to be an attorney for Chrissake!  You're s'posed to have good judgment!
Person2: Well, as you like to point out, Mister LaPlante, I'm relatively inexperienced.  My naivete may have worked to your benefit in this instance.",0,No,0,True,"In this case, the input is a dialogue between two people discussing a situation involving bail, loans, and judgment. The predicted label was ""No,"" while the true label was ""0."" Assuming the labels ""No"" and ""0"" correspond to the same class (likely a negative or neutral class), the misclassification might stem from confusion about label encoding or interpretation.

However, if ""No"" was interpreted as a categorical label different from ""0,"" the model likely misunderstood the label format or the task's labeling scheme. The dialogue itself contains nuanced emotional and situational cues—concern, disbelief, and reflection on judgment—that might have been misinterpreted as positive or neutral sentiment, or the model might have failed to capture the underlying context indicating",0.8940527439117432,300,,
333,"Person1: Oh! Mr. Igor! -- I'm so glad you're here -- I don't know why I should be, but I was a little bit afraid.
Person2: Oh! So, my little friend, you have honored me by accepting my invitation of last night.
Person1: No -- I -- wanted to speak to Ralph. We had a silly argument last night and I said something unkind.
Person2: Oh, you children, you happy children. You've quarreled and now you're going to be friends again. And that is as it should be. Never let any stupid misunderstandings come between you.
Person1: But it was really my fault.
Person2: And he will probably demand the life of anyone who agrees with you. Let him think it was his fault ... He should be along very shortly .. . But be very stern before you forgive him, especially if it is your fault  ...  While you're waiting for your friend, would you like to see some new figures I have downstairs?
Person1: I'd love to.",1,No,0,True,"In this dialogue, the true label is 1, which presumably indicates a positive or affirmative classification (e.g., agreement, acceptance, or a positive response), but the model predicted ""No,"" indicating a negative or opposite classification.

Reflection on the error:

1. **Likely Misunderstanding:**
   - The conversation is friendly and warm, with Person2 inviting Person1 to see some new figures downstairs, and Person1 responding positively: ""I'd love to.""
   - The model likely focused on the earlier parts of the dialogue involving a ""silly argument"" and ""fault,"" which might have introduced ambiguity or negativity.
   - The model may have missed the final positive affirmation (""I'd love to""), which clearly indicates acceptance or agreement.",0.9166266918182373,300,,
334,"Person1: LAX. Go to the Pan Am desk. There will be a ticket waiting for you.
Person2: Where am I going?
Person1: Rio. Flight 306. Departs at eleven PM.
Person2: They serve dinner on the flight?
Person1: It'll be a first class-ticket. I'm sure you'll enjoy the ride. I would recommend staying down there at least a year, Mr. Nugent.
Person2: You've certainly thought this out, haven't you?
Person1: I am not someone who leaves a great deal to chance, Mr. Nugent.
Person2: You sure those doors will be open?
Person1: Yes. All you provide are the gloves, the passport, and the aim. I'll take care of everything else.
Person2: The gun, the money, the tickets, and the dying.
Person1: That's right.
Person2: You sure got the hard part.
Person1: What do you say, Mr. Nugent? You'll be doing me and my family a great service.",0,Yes,0,True,"In this dialogue, the predicted label was ""Yes"" while the true label was 0, indicating a misclassification.

Reflection on the error:

1. Likely Misunderstanding:
- The conversation appears to be about arranging a covert or risky mission involving travel, possibly an assassination or some form of dangerous task (""the gun, the money, the tickets, and the dying"").
- The predicted label ""Yes"" suggests the model interpreted the conversation as an agreement or positive response to a question or proposal.
- However, the true label 0 likely indicates that the conversation is not a straightforward affirmative or agreement, but rather a negotiation or explanation of a plan that may not have been accepted or is more complex.
- The model may have focused on the",1.022707223892212,300,,
335,"Person1: Jen?  Are you all right?
Person2: She'll be dead if you don't put your ass in that chair!",1,Yes,1,True,"Let's analyze the misclassification:

Input:
Person1: Jen? Are you all right?
Person2: She'll be dead if you don't put your ass in that chair!

Predicted: Yes  
True label: 1

---

### Reflection on the error:

1. **Understanding the labels:**  
   The predicted label was ""Yes,"" but the true label was ""1."" It seems the labels might represent a binary classification where ""Yes"" corresponds to one class and ""1"" corresponds to another, or perhaps ""Yes"" was a misinterpretation of the label format. Clarifying the label scheme is important.

2. **Context and meaning:**  
   The dialogue suggests urgency and a threat to someone's life if action is not taken (""",0.8838531970977783,300,Intimidation,
336,"Person1: A murder.
Person2: You better have a warrant.  That's my notebook, you've got no right to be sticking your fingers into it.
Person1: I've got a morgue filling up with bodies.  That's my right.
Person2: What do you want from me?
Person1: Well, the man of the hour that we all would like to talk to about now has apparently skipped town.  And all of a sudden the Smithsonian's ambulence chaser is an expert on missing persons.",0,Yes,0,True,"In this dialogue, the predicted label was ""Yes,"" but the true label was ""0,"" indicating that the prediction was incorrect. Without explicit context on what the labels represent, it seems the task might involve determining whether a certain condition or classification applies (e.g., whether a crime is being confessed, whether a warrant is present, or whether a certain legal or investigative action is justified).

Reflection on the error:

1. Misunderstanding of Context:  
   The conversation involves a tense exchange about a warrant, a notebook, and a morgue filling up with bodies. Person1 asserts authority (""I've got a morgue filling up with bodies. That's my right."") but Person2 challenges the legality (""You better have a warrant. That's my notebook,",1.2254090309143066,300,,
337,"Person1: Come here.
Person2: I'm not that kind of girl.
Person1: Then why are you here?
Person2: Curiosity.
Person1: Remember the cat.",0,Yes,0,True,"In this dialogue, the predicted label was ""Yes,"" but the true label is ""0,"" indicating that the model incorrectly classified the interaction.

Reflection on the error:

1. Misunderstanding of Context or Intent:  
   The conversation appears to be a subtle or playful exchange, possibly with some implied meaning. The model may have interpreted the dialogue as an affirmative or consensual interaction (""Yes""), perhaps due to the back-and-forth nature or the phrase ""Curiosity,"" which might have been taken as agreement or interest.

2. Lack of Clarity on What the Labels Represent:  
   Without explicit information on what ""Yes"" and ""0"" represent in this classification task, the model might have defaulted to a positive classification when the conversation",0.9245100021362305,300,,
338,"Person1: I think I'll go to bed.
Person2: Oh. Well, goodnight.
Person1: Won't you unzip my dress?
Person2: I'd rather not, Mrs. Robinson.
Person1: If you still think I'm trying to seduce you --
Person2: No, I don't. But I just feel a little funny.
Person1: Benjamin -- you've known me all your life.
Person2: I know that. But I'm --
Person1: Come on.",1,Yes,1,True,"In this dialogue, the predicted label was ""Yes,"" while the true label was ""1."" Assuming the task involves binary classification where ""Yes"" corresponds to one class and ""1"" corresponds to another, the misclassification suggests a misunderstanding of the conversational context or the labeling scheme.

Reflection on the error:

1. Ambiguity in Labels: The predicted label ""Yes"" and true label ""1"" might represent the same class but were treated differently due to inconsistent labeling formats. If ""Yes"" and ""1"" both indicate a positive class, the error could be a formatting or interpretation issue rather than a content misunderstanding.

2. Contextual Nuance: The conversation hints at a subtle, possibly uncomfortable interaction involving seduction and hesitation. The model",1.0215182304382324,300,Persuasion or Seduction,
339,"Person1: Of course I like women... I LOVE 'em.
Person2: You don't love ME.
Person1: No... right... this is RAPE... Mark you, I'm not saying I couldn't get to like you... in fact... well, to be quite honest, I prefer it when there's some sort of mutual feeling between two people...
Person2: What -- rape?
Person1: No. It isn't rape then, is it?
Person2: Oh, get it over with.
Person1: I don't suppose... no...
Person2: What?
Person1: I don't suppose you... you DO like me at all?
Person2: What d'you expect? You come in here, burn my village, kill my family and try to rape me...",1,Yes,1,True,"In this dialogue, the predicted label was ""Yes,"" while the true label was ""1."" Assuming the labels correspond to a binary classification task (e.g., ""Yes"" = 0 and ""1"" = 1, or vice versa), the model misclassified the input.

Reflection on the error:

1. **Context and Tone Misinterpretation**: The conversation involves a complex and sensitive topic—rape—discussed in a somewhat ambiguous and indirect manner. The model likely misunderstood the nuanced emotional and contextual cues, possibly interpreting the mention of ""rape"" and ""love"" as an affirmation rather than a negation or a serious accusation.

2. **Ambiguity in Dialogue**: The dialogue contains sarcasm, hesitation, and",0.8140811920166016,300,Accusation,
340,"Person1: I'm glad to hear that Zoe's okay.
Person2: Are you still in touch?
Person1: Not really.  The last time I saw her was at that clinic.  That was a long time ago.
Person2: Which one?
Person1: Which one?
Person2: Which clinic?
Person1: I don't remember the name.  It was near a beach.
Person2: Sunnyridge.  That was a long time",0,No,0,True,"In this case, the predicted label was ""No,"" while the true label was 0. Assuming that the labels ""No"" and 0 correspond to the same class (likely a negative or ""no"" response), the prediction and true label actually align, so there might be a misunderstanding in the evaluation or labeling format.

However, if ""No"" and 0 are considered different labels in the system (e.g., ""No"" as a string label and 0 as a numeric label), the error could stem from inconsistent label formatting rather than a misclassification of the content.

Reflecting on the dialogue content itself, the conversation is about whether the person is still in touch with Zoe, and the answer is ""Not really,"" which indicates a",1.0235257148742676,300,,
341,"Person1: Without you, my dearest, I might have died without ever knowing love. Inexpressible love!  God of nature! Bitterness than which nothing is sweeter, sweetness than which nothing is more bitter.  Divine monster which can only be defined by paradoxes.
Person2: Let me give a thousand kisses to that heavenly mouth which has told me that I am happy.
Person1: As soon as I saw you loved me, I was pleased, and I gave you every opportunity to fall more in love with me, being certain that, for my part, I would never love you.  But after our first kiss, I found that I had no power over myself.  I did not know that one kiss could matter so much.
Person2: We then spent an hour in the most eloquent silence except that, from time to time, her ladyship cried out",0,No,0,True,"Reflection on the error:

The input is a poetic, romantic dialogue between two people expressing deep love and passion. The predicted label was ""No,"" but the true label was 0, which presumably corresponds to ""Yes"" or a positive classification related to romantic or affectionate content.

What was likely misunderstood:
- The language is highly metaphorical and emotional, which might have been misinterpreted as non-romantic or neutral due to the complexity and intensity of the expressions.
- The presence of paradoxes and dramatic expressions (""Bitterness than which nothing is sweeter"") might have confused the classifier into thinking the sentiment was negative or ambiguous rather than romantic.
- The dialogue format and the use of archaic or poetic language could have led to misclassification if the model",0.8138959407806396,300,,
342,"Person1: I don't really remember that.
Person2: Yes you do. We were calling you Gay Boy and you got so mad....
Person1: Yes, yes, right.",0,Yes,0,True,"In this example, the conversation involves Person2 reminding Person1 about a past event where Person1 was called ""Gay Boy"" and got mad. Person1 responds with ""Yes, yes, right,"" which could be interpreted as an acknowledgment or agreement.

The predicted label was ""Yes,"" but the true label was 0, indicating that the correct classification should have been negative or a denial rather than an affirmation.

**What was likely misunderstood?**

- The model likely took Person1's ""Yes, yes, right."" as a straightforward agreement or confirmation, without considering the context or the tone implied.
- The phrase ""Yes, yes, right."" can sometimes be a reluctant or sarcastic acknowledgment, or even a way to end the conversation without genuine",0.715817928314209,300,,
343,"Person1: My lady VIOLA.
Person2: Lord Wessex. You have been waiting.
Person1: I am aware of it, but it is beauty's privilege.
Person2: You flatter, my lord.
Person1: No. I have spoken to the Queen.  Her majesty's consent is requisite when a Wessex takes a wife, and once gained, her consent is her command.
Person2: Do you intend to marry, my lord?
Person1: Your father should keep you better informed. He has bought me for you. He returns from his estates to see us married two weeks from Saturday.  You are allowed to show your pleasure.
Person2: I do not love you, my lord.
Person1: How your mind hops about! Your father was a shopkeeper, your children will bear arms, and I will recover my fortune. That is the only matter under discussion today. You will like Virginia.
Person2: Virginia?!
Person1: Why, yes! My fortune lies in my plantations. The tobacco weed. I need four thousand pounds to fit out a ship and put my investments to work--I fancy tobacco has a future. We will not stay there long, three or four years . . .
Person2: But why me?
Person1: It was your eyes. No, your lips.",0,Yes,1,True,"In this dialogue, the predicted label was ""Yes,"" but the true label was ""0,"" indicating that the model likely misclassified the nature or intent of the conversation.

Reflection on the error:

1. Misunderstanding of Context and Sentiment:  
   The conversation involves a negotiation or arrangement of marriage, where Person1 is informing Person2 about a planned marriage arranged by Person2's father. Person2 explicitly states, ""I do not love you, my lord,"" indicating a lack of consent or enthusiasm. The dialogue centers on obligation, duty, and financial interests rather than mutual affection or agreement.

2. Overlooking Negative or Neutral Sentiment:  
   The model may have focused on the presence of a marriage proposal or discussion of marriage (""",0.8183763027191162,300,,
344,"Person1: That was a nice girl last night, Marty.  She wasn't a very good-looking girl, but she looks like a nice girl.  I said, she wasn't a very good-looking girl... not very pretty...
Person2: I heard you, Ma.
Person1: She looks a little old for you. About thirty-five, forty years old?
Person2: She's twenty-nine, Ma.",0,No,0,True,"Let's analyze the misclassification carefully.

Input summary:
- Person1 comments on a girl, saying she ""wasn't a very good-looking girl"" and ""not very pretty,"" but also ""a nice girl.""
- Person1 guesses her age as ""thirty-five, forty years old.""
- Person2 corrects, saying ""She's twenty-nine, Ma.""

Predicted label: No  
True label: 0

Assuming the task is to classify whether the conversation contains a certain feature (e.g., a positive sentiment, a specific type of content, or a particular relationship), the model predicted ""No"" but the true label was 0 (which likely corresponds to ""No"" as well, or possibly ""Yes"" depending on the labeling",0.9214391708374023,300,,
345,"Person1: I'm opening the side door.  She'll step out.  But before she gets in your vehicle I want to see the first installment put down in plain view.  If it isn't there I'm shooting her in the back.
Person2: Are you trying to panic the women?
Person1: That's how it is.  You see her approaching you toss out installment one.
Person2: I'm tying it up in a bundle now. Where is she?",1,Yes,1,True,"In this case, the input dialogue involves a tense and potentially violent situation, with Person1 threatening to shoot someone if a payment (""the first installment"") is not made visible before she gets into the vehicle. Person2 questions whether Person1 is trying to panic the woman, and Person1 confirms the harsh reality of the situation.

The predicted label was ""Yes,"" while the true label is ""1."" Assuming the classification task is binary with labels ""Yes"" and ""1"" representing different classes (or possibly ""Yes"" is a misinterpretation of the label), the model likely misunderstood the nature of the conversation or the label encoding.

**What was likely misunderstood?**

1. **Label Interpretation:** The model may have confused the label format. If",0.8185293674468994,300,,
346,"Person1: Here he comes.
Person2: What is going on?
Person1: I want you to know, I wish I could have lived like you do.",0,No,0,True,"In this case, the input dialogue involves two people exchanging brief statements, with Person1 expressing a wish to have lived like Person2. The predicted label was ""No,"" but the true label is 0. Assuming the task involves classifying whether the dialogue contains a certain feature (e.g., a specific sentiment, intent, or relationship), the misclassification suggests a misunderstanding of the underlying meaning or context.

Likely misunderstandings:
- The model may have misinterpreted the phrase ""I wish I could have lived like you do"" as negative or irrelevant, rather than recognizing it as an expression of admiration, regret, or longing.
- The model might have failed to capture the emotional nuance or the implied relationship between the speakers.
- The brief and",0.6127331256866455,300,,
347,"Person1: You will honor your promise to me!
Person2: I will not! Kill me now!
Person1: That is mild compared to what will come. If you deny me my wedding night. I'll be with you on yours.",1,Yes,1,True,"Let's analyze the misclassification:

Input context:
- Person1 demands Person2 to honor a promise.
- Person2 refuses and challenges Person1 to kill them.
- Person1 responds with a threat implying severe consequences if denied their ""wedding night.""

Predicted label: ""Yes"" (likely meaning agreement or compliance)
True label: 1 (which presumably means ""No"" or refusal, depending on the labeling scheme)

Reflection on the error:
- The model likely misunderstood the tone and intent of the dialogue.
- Person2 explicitly refuses (""I will not! Kill me now!""), which is a clear denial.
- Person1's response is a threat, not an agreement or compliance.
- The model may have focused on the phrase ""You",0.815709114074707,300,Intimidation,Dependency
348,"Person1: When we get back, I want you to run that bug by the Smithsonian, see if they can identify it. Maybe it's got some limited range, or it only breeds at certain times of year... You found it, Starling, you deserve the credit.
Person2: I'm wondering if he's done that before - placed a cocoon, or an insect. It would be easy to miss in an autopsy, especially with a floater... Can we check back on that?
Person1: The other girls are in the ground. Exhumations are upsetting for the families. I'll do it if I have to, but -
Person2: Then have the lab check Raspail's head.  Dr. Lecter's patient - have them probe his soft-palette tissues... They'll find another cocoon.
Person1: You seem pretty sure of that.
Person2: Raspail was killed by the same man who's killing these girls. And Lecter knows him. Maybe even treated him... You think so, too, don't you? Or you'd never have sent me to that asylum.",0,No,0,True,"In this case, the predicted label was ""No,"" while the true label was ""0."" Assuming that ""No"" and ""0"" represent the same class (e.g., negative or absence of a condition), the prediction might actually be correct. However, if the system treated ""No"" and ""0"" as different labels, that could have caused a misclassification.

If the error was indeed a misclassification, it likely stemmed from misunderstanding the context or the subtle cues in the dialogue. The conversation involves forensic investigation, references to cocoon-like objects found in victims, and connections to a killer and Dr. Lecter. The dialogue suggests suspicion and investigation rather than a straightforward ""yes"" or ""no"" answer.

Possible misunderstandings include",0.8188760280609131,300,,
349,"Person1: Yes.
Person2: It must have been horrible.  Having to go there -- seeing them together - - knowing he was sleeping with her in the same bed he did with you.
Person1: I was jealous.  Of course I was hurt. He switched me off like a little toy he was finished playing with.  But I didn't kill him.",0,No,0,True,"In this example, the input appears to be a dialogue involving emotional distress and a mention of a serious accusation (""But I didn't kill him""). The predicted label was ""No,"" while the true label was 0. Assuming the labels correspond to a binary classification task (e.g., 0 = no, 1 = yes), the model predicted ""No"" when the true label was also 0, which suggests the prediction was actually correct. However, since you mentioned it was misclassified, perhaps the labels or the task are different, or the predicted label ""No"" corresponds to a different class than 0.

Reflecting on the content:

- The dialogue involves jealousy, hurt, and a denial of killing someone.
- The phrase ""But",1.027312994003296,300,,
350,"Person1: A slight miscalculation -- my face was burned beyond recognition. Fortunately my research into plastics came in handy ...
Person2: Dr. Darling, Peter ... all you ...
Person1: An unholy trinity ...
Person2: You killed my husband.
Person1: For starters. Of course I had to kill the Teddy Bears, as well ...
Person2: Too many cooks --
Person1: Spoil the majority shareholders. In Wonderland Weather. I planned everything, even the Ministry recruiting you ...
Person2: But I found you. All the clues led me here ...
Person1: Of course. I planned that, too.
Person2: But -- why?
Person1: You disappoint me, Emma.  Can't you guess?  For you. It was all for you ...
Person2: 'Our revels now are ended.'
Person1: Oh, no, Emma. They've only just begun ...",1,No,1,True,"In this dialogue, the predicted label was ""No"" (likely indicating no significant or relevant event, or perhaps no threat/hostility), but the true label was ""1"" (likely indicating a positive identification of a key event, threat, or hostile intent).

Reflection on the error:

1. **Context and Tone Misinterpretation**:  
   The conversation is cryptic and layered with metaphorical and indirect language. Person1 admits to killing (""You killed my husband."" / ""For starters. Of course I had to kill the Teddy Bears, as well ...""), which clearly indicates hostile or violent actions. The phrase ""An unholy trinity"" and references to planning and manipulation (""I planned everything, even the Ministry recruiting you ..."")",0.6101720333099365,300,,
351,"Person1: I am so afraid you're about to say something awful...
Person2: Don't be pessimistic. It's not your style. Okay... Here I goes... Clearly a mistake.  I have this -- what? Ailment... And my doctor -- a shrink... who I used to see all the time... he says 50 or 60 percent of the time a pill can really help. I hate pills. Very dangerous things, pills. ""Hate,"" I am using the word ""hate"" about pills. My compliment is that when you came to my house that time and told me how you'd never -- well, you were there, you know... The next morning I started taking these pills.
Person1: I don't quite get how that's a compliment for me.",0,No,0,True,"In this example, the predicted label was ""No,"" but the true label was 0. Assuming the task involves detecting some form of agreement, affirmation, or a ""Yes"" vs. ""No"" classification, the model likely misunderstood the context or the subtlety of the conversation.

Reflection on the error:

1. **Contextual nuance missed:** The dialogue is somewhat complex and indirect. Person2 talks about their fear, medication, and a past conversation, but the overall tone is not a straightforward ""Yes"" or ""No"" answer. The model may have focused on the negative words (""afraid,"" ""hate,"" ""dangerous"") and interpreted the response as a negation or refusal.

2. **Ambiguity in the conversation:**",0.8141970634460449,300,,
352,"Person1: That's the one I'd've picked for you myself!
Person2: How much?
Person1: Go ahead! Spin it around the block. Now I know you don't know anything about engine condition, but you can feel, can't you... and it's all in the feel, believe me, you feel that one around the block...
Person2: It looks fine. How much will it be, with my car...?
Person1: You mean you don't want the usual day and a half to think it over?  You are in a hurry! Somebody chasin' you?
Person2: Of course not. Please.
Person1: Well... heck, this is the first time I ever saw the customer high-pressure the salesman!  I'd figure roughly...  ...your car plus five hundred.
Person2: Five hundred.
Person1: Aha! Always got time to argue money, huh...?
Person2: All right.",1,Yes,1,True,"Reflection on the misclassification:

The input is a dialogue between two people negotiating the purchase of a car. The predicted label was ""Yes,"" while the true label was ""1."" Assuming the labels ""Yes"" and ""1"" correspond to different classes (likely ""No"" and ""Yes"" or ""0"" and ""1""), the model incorrectly predicted the class.

What was likely misunderstood?

1. Ambiguity in Labels: The predicted label ""Yes"" and true label ""1"" might actually represent the same class, or there might have been confusion in label mapping. If ""Yes"" corresponds to ""1,"" then the prediction was correct. But since it was marked as an error, it suggests a mismatch in label interpretation.

2.",1.6884896755218506,300,Persuasion or Seduction,
353,"Person1: Help!
Person2: All right.  I'll do it.  I'll do it.
Person1: Thank you, Bloom.  I knew I could con you.
Person2: Oh, it's all right ... wha?
Person1: Nothing.  Nothing.  Do it.  Do it.
Person2: Now let's see, two thousand dollars. That isn't much.  I'm sure I can hide it somewhere.  After all, the department of internal revenue isn't interested in a show that flopped.
Person1: Yes.  Right.  Good thinking.  You figure it out.  I'm tired.  I'm gonna take a little nap.  Wake me if there's a fire.
Person2: Now let's see, if we add these figures, we get ...",0,Yes,0,True,"In this case, the input appears to be a dialogue excerpt involving some scheming or plotting around money, with a tone that might suggest deception or manipulation (""I knew I could con you,"" ""I'm sure I can hide it somewhere""). The predicted label was ""Yes,"" but the true label was 0, indicating that the model likely misinterpreted the context or the question being asked.

Reflection on the error:

1. Misunderstood Context: The model may have focused on the presence of affirmative or action-oriented phrases (""I'll do it,"" ""Good thinking,"" ""You figure it out"") and interpreted them as a positive or affirmative response (""Yes""). However, the true label 0 suggests that the correct classification was negative or ""No.""

2",0.7337150573730469,300,,
354,"Person1: Have you contacted the British Home and the Royal Hospital?
Person2: Ah, no sir. I had planned to see them in the morning.
Person1: Good! How is the patient?
Person2: He's doing very well. In fact that's why I came to see you. I think that if I were to present Mr. Merrick to the hospital committee, then they would have a chance to see for themselves not only the extraordinary nature of the disease, but of the man as well. If the committee had a chance to speak with him, hear him say a few words for himself, I'm sure they would see him as a patient, rather than as a violation of the rules.
Person1: A few words? I thought he was imbecile?
Person2: Well sir, perhaps I should explain...
Person1: I really don't think that's necessary Treves. I'm quite sure the committee will be able to make an equitable decision on the merits of the case, such as they are.
Person2: I don't agree. No one can make a reasonable decision about this man's future without at least meeting him. No doctor would presume to diagnose a patient he had never met.
Person1: No, Treves, it's out of the question. Now if it was up to me, I'd say ""Certainly, let's meet the fellow, by all means,"" I'm sorry, I simply can't speak for the other members of the committee.
Person2: Then will you meet him, as a representative of the committee.
Person1: Mr. Treves, it's out of the question. I want to hear as soon as possible what the other hospitals can do. I'm sorry.",1,No,0,True,"In this dialogue, the key issue revolves around whether Person1 will meet Mr. Merrick as a representative of the hospital committee. Person2 (Treves) is advocating for a personal meeting with Mr. Merrick to allow the committee to see him as a patient rather than just a case or rule violation. Person1 repeatedly refuses, stating ""it's out of the question,"" and emphasizes that the committee will make a decision without such a meeting.

The true label is 1, which presumably indicates that the answer to some question (likely ""Will Person1 meet Mr. Merrick?"") is affirmative or that the situation is positive in some way. The predicted label was ""No,"" indicating a misunderstanding.

**Likely Misunderstanding:**

-",0.7605013847351074,300,Rationalization,
355,"Person1: Wait.  Something's wrong.  I don't...
Person2: What's wrong?
Person1: I don't remember.  Why don't I remember?",0,No,0,True,"In this case, the input dialogue involves Person1 expressing confusion and concern about not remembering something, followed by Person2 asking for clarification. The predicted label was ""No,"" while the true label was ""0."" Assuming that the labels ""No"" and ""0"" correspond to the same category (e.g., ""No"" = 0), the issue might be a formatting or interpretation mismatch rather than a content misunderstanding.

However, if ""No"" and ""0"" represent different classes, then the error likely stems from misinterpreting the emotional or contextual cues in the dialogue. Person1's statements indicate confusion and a memory lapse, which might be associated with a particular label (e.g., ""0"" for confusion or memory issues). Predicting",1.021357774734497,300,,
356,"Person1: You watch and learn.  I earn his trust.  Then more pain.  Then I appear with kindness.  Within a week he will follow me around like a dog.
Person2: But will he be house-trained?
Person1: When he loves me like a father, he will never tell anyone he was here. He will freely give the names of his superiors.  Then we get them and they too will give us names.  And eventually somebody will get us to Juan Obregon and the cartel will fall.",1,Yes,1,True,"In this case, the input appears to be a dialogue involving manipulation, trust-building, and extracting information to ultimately bring down a cartel. The predicted label was ""Yes,"" but the true label was ""1."" Without knowing the exact classification task or label definitions, it seems the model may have misunderstood the context or the nature of the labels.

Likely misunderstandings:
- The model may have interpreted ""Yes"" as a binary label indicating agreement or affirmation, whereas the true label ""1"" might represent a specific class (e.g., positive sentiment, truthfulness, or a particular category).
- The model might have focused on the surface-level dialogue (""Yes"" as a response) rather than the underlying theme of manipulation and espionage.
- The model",0.9127907752990723,300,Persuasion or Seduction,
357,"Person1: Morning.
Person2: Dad, I'm sorry.
Person1: You should be.
Person2: I was irresponsible, I should have called.
Person1: You bet you should have called.  You still live at home.  Don't make me call the police at three-thirty in the morning, don't make me call hospitals.
Person2: Dad, I'm so sorry.  I know this is a bad time.
Person1: You've always called before, always.  Now I'm not asking what you did, I just want to know that you're alright.
Person2: I'm fine.
Person1: Do you wanna make things easier on me?  Now tell me where you were because this is, this is bullshit.  You can say anything to me, I hope you still know that.
Person2: I know that.",1,Yes,1,True,"In this dialogue, the interaction between Person1 and Person2 is tense and emotionally charged, with Person1 expressing concern and frustration over Person2's behavior—specifically, not calling and causing worry late at night. Person2 apologizes and tries to reassure Person1.

The predicted label was ""Yes,"" but the true label is ""1."" Without knowing the exact classification task or what ""Yes"" and ""1"" represent, it seems the model may have misunderstood the nature of the interaction or the criteria for labeling.

Likely misunderstandings:
- The model may have interpreted the apology and reassurance from Person2 as a positive or affirmative response (""Yes""), rather than recognizing the underlying conflict or concern.
- The model might have focused on the presence of",0.8136367797851562,300,Persuasion or Seduction,Over-responsibility
358,"Person1: What're you doing?
Person2: I'm looking for a phone...
Person1: No, I don't think you can do that.
Person2: Watch me.
Person1: No, I don't think you can do that, Stanley...
Person2: Watch me.
Person1: Stanley.  Stanley... you knew the... Stanley.  You knew the deal when you signed on.
Person2: Deal's changed.
Person1: No, the deal isn't changed.  The Deal isn't changed. You can't ... what is it?  Money?  Money?  You want Money?
Person2: Money?  You think I did this for money...?  I did this for Credit.  Credit, paalll...
Person1: But you always knew you couldn't take the credit....
Person2: That's one thing, but I'm not gonna let two dickheads from Filmschool take it... are you Nuts?  Are you Nuts?",0,Yes,1,True,"In this dialogue, the predicted label was ""Yes"" (likely indicating agreement, affirmation, or a positive classification), but the true label was ""0"" (likely indicating disagreement, negation, or a negative classification). The misclassification suggests that the model misunderstood the tone and content of the conversation.

Reflection on the error:

1. Misunderstood Tone and Context:  
   The conversation is tense and confrontational, with Person1 repeatedly denying or rejecting what Person2 is trying to do (""No, I don't think you can do that,"" ""You can't...""). Person2 insists on going ahead despite the objections. The exchange revolves around a conflict about a ""deal"" and motivations (""Money? You think I did this for money...? I did",0.9401211738586426,300,,
359,"Person1: It's all right.  Danny always said I see things with my emotions instead of my eyes.
Person2: It's not your fault, Rafe.  The letter I wrote you, they --
Person1: Don't worry about that.  Guys away from home, lonely, good-hearted women try to cheer them up.
Person2: It's not that I didn't mean everything I wrote.  It's just that -- I thought you were dead.  And now --",1,No,0,True,"In this dialogue, the key issue likely stems from misunderstanding the emotional content and the implied relationship between the speakers. The conversation reveals a personal and emotional exchange: Person2 is apologizing or explaining a letter they wrote, expressing feelings of loneliness and concern, and Person1 is responding with empathy and reassurance. The true label ""1"" presumably indicates the presence of emotional or relational significance, while the predicted ""No"" suggests the model failed to recognize this.

What was likely misunderstood:
- The model may have focused too literally on the surface content (""Guys away from home, lonely, good-hearted women try to cheer them up"") and interpreted it as a general statement rather than a personal, emotional context.
- The model might have missed the underlying emotional tone and",0.821784257888794,300,"Rationalization,Playing Victim Role",Over-responsibility
360,"Person1: Cole. Don't you know it's bad luck to see the groom before the wedding?
Person2: I want Debbie.
Person1: Cole...
Person2: You dump her and I'll give you cash.
Person1: What's Debbie's blue book value right now?
Person2: Five thousand dollars.
Person1: No.",1,Yes,1,True,"Let's analyze the misclassification:

**Input context:**
- Person1 warns Cole that it's bad luck to see the groom before the wedding.
- Person2 says ""I want Debbie.""
- Person1 says ""Cole...""
- Person2 offers cash if Cole dumps Debbie.
- Person1 asks about Debbie's blue book value.
- Person2 says ""Five thousand dollars.""
- Person1 says ""No.""

**Predicted:** Yes  
**True label:** 1

---

### Reflection on the error:

1. **Ambiguity in the label format:**  
   The predicted label was ""Yes,"" while the true label was ""1."" It is unclear if ""Yes"" and ""1"" represent the same class or different classes. If """,0.5692119598388672,300,Persuasion or Seduction,
361,"Person1: I don't remember saying anything like that -- exactly...I don't know why I just did.
Person2: Oh let's see -- wait a minute, well, I can think of two reasons.
Person1: What?
Person2: Three...I just thought of a third... If you talk about it, you don't have to do it.
Person1: That's not it.
Person2: Good...Another is you're trying to make it all about sex and heat and nothing else.",0,Yes,0,True,"In this dialogue, the predicted label was ""Yes"" (likely indicating agreement, affirmation, or a positive classification), but the true label was ""0"" (likely indicating disagreement, negation, or a negative classification). Reflecting on the misclassification:

1. What was likely misunderstood?  
- The conversation involves Person1 denying or rejecting an explanation (""That's not it."") after Person2 offers multiple reasons.  
- The model may have focused on Person2's statements that seem explanatory or affirmative (""I can think of two reasons,"" ""If you talk about it, you don't have to do it,"" ""Another is..."") and interpreted the overall tone as agreement or affirmation.  
- The model likely missed the key negation or rejection from Person",0.784926176071167,300,,
362,"Person1: Austin, we don't look anything like our photo badges.
Person2: Don't worry, baby. I picked up a mind control technique during my travels to India. I learned it from my guru, the late Guru Shastri, a chaste man who mysteriously died of a disease that had all the hallmarks of syphilis.  Just watch me. Watch me, now.",0,No,0,True,"In this case, the input dialogue involves a somewhat unusual and potentially sensitive reference to a guru who ""mysteriously died of a disease that had all the hallmarks of syphilis."" The predicted label was ""No,"" while the true label was 0. Assuming the classification task involves detecting sensitive, inappropriate, or offensive content (with ""0"" indicating presence of such content and ""No"" indicating absence), the model likely failed to recognize the subtle implication of potentially offensive or sensitive material.

What was likely misunderstood:
- The model may have focused on the surface-level content (a casual conversation about mind control and badges) and missed the underlying sensitive reference to a disease and a guru's death.
- The mention of ""syphilis"" in",0.7515890598297119,300,,
363,"Person1: To me?
Person2: I mean -- the young lady -- whoever she may be -- it was on the couch when I got home last night.
Person1: Oh, yes. Thanks.
Person2: The mirror is broken.  It was broken when I found it.
Person1: So it was.  She threw it at me.
Person2: Sir?
Person1: You know how it is -- sooner or later they all give you a bad time.
Person2: I know how it is.
Person1: You see a girl a couple of times a week -- just for laughs -- and right away she thinks you're going to divorce your wife. I ask you -- is that fair?
Person2: No, sir. That's very unfair -- especially to your wife.
Person1: Yeah.  You know, Baxter, I envy you. Bachelor -- all the dames you want -- no headaches, no complications --
Person2: Yes, sir. That's the life, all right.
Person1: Put me down for Thursday again.
Person2: Roger. And I'll get that other key.",0,No,0,True,"Reflection on the misclassification:

The input dialogue appears to be a casual conversation between two people, discussing a broken mirror, a young lady, and some interpersonal complications. The predicted label was ""No,"" while the true label was ""0."" Assuming the labels ""No"" and ""0"" correspond to the same class (e.g., ""No"" meaning negative or ""0"" meaning negative), the misclassification likely stems from a misunderstanding of the label format or a mismatch in label encoding.

However, if ""No"" and ""0"" represent different classes, then the model likely misunderstood the context or the subtle cues in the conversation. The dialogue contains hints of interpersonal tension and references to relationships, but it is not explicitly clear whether the conversation is about",0.5340967178344727,300,,
364,"Person1: Hey, when you talk to him, see if you can arrange a better deal than thirty percent.
Person2: That's their standard deal, brother. They ain't about to change it for us.
Person1: Did you even to try to negotiate?
Person2: These guys ain't spic firecracker salesman from Tijuana. They don't even know the meaning of the word ""barter"".  You wanna stay in El Ray? You give them thirty percent of your loot. It's scripture. So it is written, so shall it be done. You want sanctuary, you pay the price, and the price is thirty percent.
Person1: All I'm saying --
Person2: -- This conversation is over.",1,No,0,True,"In this dialogue, the key issue revolves around whether the conversation involves negotiation or an attempt to change terms. The predicted label was ""No,"" likely indicating no negotiation or no attempt to change the deal, but the true label was ""1,"" meaning there was indeed an attempt or discussion about negotiation.

Reflection on the error:

1. Misunderstanding the negotiation attempt:  
   Person1 explicitly asks Person2 to ""see if you can arrange a better deal than thirty percent,"" which is a clear request to negotiate. Although Person2 responds negatively, emphasizing that the deal is fixed and non-negotiable, the presence of the request itself indicates an attempt or at least a discussion about negotiation.

2. Overlooking the intent vs. outcome:",1.0241742134094238,300,,
365,"Person1: They found another note?
Person2: Uh-huh. Another News clipping. Another one about Sid's mom. Dewey, whether we like it  or not it looks like we're going to have to  go back into our past.
Person1: You mean OUR past as in Me and Sid. This has nothing to do with you Gale.
Person2: This has everything to do with me Dewey. I was the one who brought the nation's attention to this shit anyway. I'll be damned if I'm gonna sit around and pass on the buck again.
Person1: Do you really mean it this time Gale?
Person2: Yes. Look, let's get something straight Dewey, I got into this shit cause the police came looking for ME. Not cause I'm out to make the SUNRISE STUDIOS SLASHINGS.
Person1: Why would the police come to you?
Person2: Again, I am the author of the definitive book on the Woodsboro murders.!  What about you?
Person1: What about me?
Person2: You said you'd never leave Woodsboro, 'The only place that's real!'  But now you're here. Not with me.  Dewey, I took care of you.  I waited until you were well.  I couldn't stay there, I mean, it's like dog years, one year in Woodsboro is like seven everywhere else.
Person1: So it's off to London for a week?  New York for a month? L.A Forever?
Person2: It was '60 Minutes II'!  I couldn't say no!  I could've been the next Diane Sawyer!
Person1: What's wrong with just being Gale Weathers? I liked her!
Person2: It didn't work Dewey.  We tried,  we're different.
Person1: You used to say that was our strength.
Person2: Dewey, you're not just here because of that second rate K-Mart, straight-to-video version of me, are you?
Person1: Brace yourself, Gale, all of this is actually not About you.
Person2: All of what Dewey?  You do know something, don't you?
Person1: Off the record.
Person2: Always.
Person1: Two months ago, the Woodsboro police got a call from a woman who said she was with 'Stab 3'.  She wanted to see the file on Sid, for research.
Person2: And?
Person1: The boys said no.  She wouldn't give her name. A month later, the station gets broken into, the file room ransacked.
Person2: Someone stole Sid's file?
Person1: I already removed it.  I think someone on the film was trying to find Sid, and that's the only reason I came here. To make do a little private investigating of my own and make sure no one here was planning anything.
Person2: I'm sorry, this is too good!
Person1: What part of 'Off the record' don't you understand?
Person2: Right. Sorry.  Do you think he did it?
Person1: I've got my suspicions but still, nothing  you say can ever make me take my eyes off one person.
Person2: And who is that?",1,No,0,True,"In this case, the input is a dialogue that strongly suggests a plot involving mystery, investigation, and possibly a crime or thriller context. The true label is 1 (likely indicating the presence of a certain theme, such as ""Yes"" to a question like ""Is this related to a crime or thriller?""), but the model predicted ""No.""

What was likely misunderstood:
- The model may have failed to recognize the thematic elements of the conversation, such as references to police, investigations, stolen files, and past crimes (""Woodsboro murders,"" ""Sid's mom,"" ""Stab 3,"" ""file room ransacked"").
- The dialogue contains implicit clues about a mystery or crime storyline, which the model might have overlooked or misinterpre",0.9321348667144775,300,Rationalization,
366,"Person1: ARE YOU CRAZY?
Person2: She didn't need our help getting anywhere... where did she get these convenient clothes? And don't tell me that flare is standard prison issue...",1,Yes,0,True,"Let's analyze the misclassification:

Input:
Person1: ARE YOU CRAZY?
Person2: She didn't need our help getting anywhere... where did she get these convenient clothes? And don't tell me that flare is standard prison issue...

Predicted: Yes  
True label: 1

---

**Reflection:**

1. **Understanding the labels:**  
   The predicted label was ""Yes,"" and the true label was ""1."" Assuming ""Yes"" corresponds to a positive or affirmative class and ""1"" is the same positive class, the prediction and true label seem aligned. However, since this was marked as a misclassification, it suggests that the model's output ""Yes"" was interpreted differently or the labels were mismatched in the evaluation.

2",0.8700780868530273,300,"Shaming or Belittlement,Accusation",
367,"Person1: He looks strange, doesn't he? Like a baby that just learned to walk.
Person2: Have you known him long?
Person1: Forever.  We used to live on the same island in Greece, when we were kids.
Person2: What was he like, when he was little?
Person1: Little.  Very little.  And skinny, very skinny too.  That is compared to me.
Person2: I get it, Enzo you were a superior child.
Person1: Exactly!  What is it Johana?  You're so crazy about him, you don't see the truth?!",0,Yes,0,True,"In this dialogue, the predicted label was ""Yes,"" but the true label was ""0,"" indicating that the model likely misinterpreted the context or the question being answered.

Reflection on the error:

1. Ambiguity in the task or label meaning:  
   Without explicit context about what ""Yes"" or ""0"" represent (e.g., agreement, presence of a certain sentiment, or a classification of a relationship), the model may have defaulted to a positive or affirmative response based on the conversational tone or keywords.

2. Misinterpretation of the conversation content:  
   The dialogue is somewhat playful and nostalgic, with Person1 and Person2 discussing a third person’s childhood traits. The conversation includes phrases like ""You’re so crazy",0.6816651821136475,300,,
368,"Person1: I watched her grow up. Just like you. I know how her mind worked. She kept snooping around because she was worried about you. What you'd gotten yourself into. So stop blaming me. And blame yourself.
Person2: I do. Every day.
Person1: Erin knows, doesn't she?",1,Yes,1,True,"Let's analyze the misclassification:

1. Understanding the Input:
- Person1 is talking about someone (likely Erin) who was snooping around because she was worried about Person2.
- Person1 tells Person2 to stop blaming Person1 and instead blame themselves.
- Person2 responds with ""I do. Every day."" This suggests Person2 does blame themselves every day.
- Person1 then asks, ""Erin knows, doesn't she?"" implying that Erin is aware of the situation or the blame.

2. Predicted vs True Label:
- Predicted: Yes
- True label: 1

Assuming the task is a binary classification where ""Yes"" corresponds to label 0 and ""1"" corresponds to label 1, or vice",0.9492120742797852,300,"Shaming or Belittlement,Accusation",Over-responsibility
369,"Person1: Geez, I feel bad for him. Maybe we should've told him abou -
Person2: Are you crazy!? You know that's totally impractical. Besides, like the Bible says...  An eye for an eye...",1,Yes,1,True,"In this case, the input consists of a brief dialogue where Person1 expresses sympathy (""Geez, I feel bad for him"") and suggests telling someone something, but is cut off. Person2 responds strongly against that idea (""Are you crazy!? You know that's totally impractical."") and then justifies their stance by referencing a biblical principle of retribution (""An eye for an eye..."").

The predicted label was ""Yes,"" but the true label is ""1."" Without knowing the exact classification task or label definitions, it seems the model confused the sentiment or intent behind the conversation.

Likely misunderstandings:
- The model may have misinterpreted the disagreement and the biblical reference as agreement or affirmation (""Yes"").
- It might have failed to capture the",1.0164437294006348,300,Accusation,
370,"Person1: You understand. Consider, before you laugh and say no. You will never own a throne, though you deserve one. But just as the sun will rise tomorrow, some man will rule England. And what if his veins ran not with the blood of Longshanks, but with that of a true king?
Person2: I cannot love you for the sake of revenge.
Person1: No. But can you love me for the sake of all you loved and lost? Or simply love me... because I love you?",1,Yes,0,True,"In this dialogue, the key exchange revolves around the possibility of love under complex emotional circumstances. Person2 explicitly states, ""I cannot love you for the sake of revenge,"" which is a clear rejection of love motivated by revenge. Person1 then asks if love could exist for other reasons, including love itself.

The predicted label was ""Yes,"" implying that Person2 agrees or is open to love, while the true label is ""1,"" which presumably corresponds to a negative or rejecting stance (depending on the labeling scheme, but given the context, likely ""No"" or rejection).

**What was likely misunderstood?**

- The model likely misinterpreted Person1's hopeful or persuasive questions as Person2's acceptance or agreement. The model may have conflated",0.5271449089050293,300,Persuasion or Seduction,
371,"Person1: Is this my fault? Do you think this is what I am?
Person2: What?
Person1: This is not me! I am a professional thief. I steal money. You try to stop me, god help you. But I don't kill people I don't have to, and I don't rape women. What you doin' ain't how it's done. Do you understand?
Person2: Seth, if you were me --
Person1: Just say yes! Nothing else, just say yes.
Person2: Yes.
Person1: Yes, Seth, I understand.
Person2: Yes, Seth, I understand.",1,Yes,1,True,"In this case, the input is a dialogue where Person1 is asserting a certain identity and behavior (""I am a professional thief... I don't kill people I don't have to, and I don't rape women"") and demanding agreement from Person2, who eventually complies. The predicted label was ""Yes,"" but the true label was 1 (presumably indicating a different classification, such as disagreement, conflict, or a specific category).

**What was likely misunderstood?**  
The model appears to have focused too literally on the final exchange where Person2 says ""Yes,"" and Person1 confirms ""Yes, Seth, I understand,"" interpreting this as a simple affirmative or agreement. However, the overall tone and content of the dialogue suggest a complex emotional or moral conflict",0.7684512138366699,300,,
372,"Person1: Officer Burke pulled me away from the crash that killed my friends.
Person2: Congratulations.  That makes you last to go.  But don't worry, once the others are dead, it'll come back for you.  Always does.
Person1: That still doesn't make sense.  You said you die in the same order you were originally meant to.  But Evan Shaeffer died last in my premonition, not first.",0,Yes,1,True,"In this dialogue, the key issue likely stems from misunderstanding the nature of the conversation and the question implied by the ""Predicted: Yes"" label. The exchange involves a discussion about the order of death and a premonition, which is a complex, nuanced topic involving fate and timing of events.

The predicted label ""Yes"" suggests a positive or affirmative response, but the true label is ""0,"" indicating a negative or different classification. This discrepancy likely arose because the model may have focused on the presence of agreement or confirmation words (""That makes you last to go,"" ""But don't worry"") and interpreted them as affirmations, rather than recognizing the underlying confusion and contradiction expressed by Person1.

What was likely misunderstood:
- The model may have confl",1.2305359840393066,300,,
373,"Person1: You promised me that you'd help me with my presentation today.
Person2: Did I? I'm not sure what you're talking about.
Person1: Jason, we discussed it just last night. You said you'd review my slides.
Person2: Hmm, I really can't recall that conversation, Megan.
Person1: Seriously? You've been doing this a lot lately.
Person2: Well, I'm swamped with work, but I guess I can take a quick look.",1,No,0,True,"In this dialogue, Person1 is reminding Person2 about a prior commitment to help with a presentation, and Person2 initially denies or forgets the promise but eventually agrees to help. The true label is 1, which likely indicates that Person2 did agree to help, while the predicted label was ""No,"" suggesting the model thought Person2 did not agree.

The likely misunderstanding was focusing too much on Person2's initial denial and forgetfulness (""I'm not sure what you're talking about,"" ""I really can't recall that conversation"") and not sufficiently weighing the final statement (""I guess I can take a quick look""), which indicates agreement to help.

To improve classification in such cases, the model should:

- Pay closer attention to the entire dialogue context, especially",0.9162976741790771,300,"Denial,Feigning Innocence",Naivete
374,"Person1: Don't do this to me. You're too good at making me nervous.
Person2: No, listen to me.  You're the best in the country, don't you understand?  It's like a pyramid.  It starts out with everybody, and it narrows through your life and through everything, and all the hoopla and the competition narrows it down to one brilliant person who is so special that they celebrate you on two continents.  And it's you.  So tell me something, where's the flaw in that?  There is no flaw.",1,Yes,0,True,"In this case, the input consists of a dialogue where Person2 is reassuring Person1 by emphasizing their exceptional qualities and uniqueness. The predicted label was ""Yes,"" while the true label was ""1."" Assuming the task involves binary classification with labels ""Yes"" and ""No"" or ""1"" and ""0,"" it seems the model predicted ""Yes"" (likely meaning agreement or affirmation), which matches the true label ""1"" (which presumably also means affirmation). However, the user states that the prediction was a misclassification, so perhaps the labels ""Yes"" and ""1"" are not equivalent, or the model output ""Yes"" was interpreted incorrectly.

Reflecting on the error:

1. **Likely Misunderstanding:**
   -",1.2092258930206299,300,"Accusation,Persuasion or Seduction",
375,"Person1: It's just, and I've never done this before, Maxine, but it's just that I feel something for you. I've never felt this before for anyone, not even my wife. My future is with you, Maxine.
Person2: You might want to check those tarot cards one more time.",0,No,0,True,"In this example, the input consists of a dialogue where Person1 expresses deep romantic feelings for Maxine, indicating a strong emotional connection and a declaration of future commitment. Person2 responds with a somewhat skeptical or humorous remark about checking tarot cards again, which could imply doubt or disbelief about Person1's feelings or future predictions.

The predicted label was ""No,"" while the true label was 0. Assuming the classification task involves detecting whether the conversation contains a certain feature (e.g., romantic intent, sincerity, or a particular sentiment), the misclassification likely arose from misunderstanding the tone or intent behind Person2's response.

What was likely misunderstood:
- The model may have focused on Person2's skeptical comment and interpreted it as negating or dismissing Person",1.762510061264038,300,,
376,"Person1: ...hell of a price for the country to pay.
Person2: ...take a long view.
Person1: ...what's the Long View?
Person2: Your guy gets four more years in Washington...  ...it's only Nine More Days.
Person1: Yes.  That's true.  But...
Person2: Wilfred.  We've got work to do...",0,Yes,0,True,"In this dialogue, the model predicted ""Yes"" (likely indicating agreement, affirmation, or a positive response), but the true label was 0 (likely indicating disagreement, negation, or a negative response).

Reflection on the error:

1. Misunderstood Context and Sentiment:
   - The conversation involves a somewhat complex exchange about political or temporal matters (""four more years in Washington,"" ""Nine More Days,"" ""the Long View"").
   - Person1 acknowledges Person2's point (""Yes. That's true.""), which might have led the model to interpret the overall tone as affirmative.
   - However, Person1 follows with ""But..."" indicating a reservation or disagreement that is not fully expressed here.
   - Person2 then shifts focus (""Wil",0.7096982002258301,300,,
377,"Person1: I know what you did, and I'm going to tell everyone.
Person2: Go ahead and try. Nobody will believe you.
Person1: The truth has a way of coming out, Mark.
Person2: You've always been the dramatic one. But without proof, your words mean nothing.
Person1: Maybe I have more evidence than you think.",1,Yes,1,True,"In this case, the input is a dialogue between two people, where Person1 is threatening to reveal some information, and Person2 is dismissive and confident that no one will believe Person1 without proof. The predicted label was ""Yes,"" but the true label is ""1."" 

The key issue here is likely a misunderstanding or ambiguity in the labeling scheme. The predicted label ""Yes"" and the true label ""1"" might represent the same class but were treated as different, or the model misinterpreted the task's label format.

If the task is a binary classification where ""Yes"" corresponds to a positive class and ""1"" is the numeric representation of the same positive class, then the prediction and true label actually match in meaning, and",0.7025749683380127,300,,Low self-esteem
378,"Person1: What'd he say?
Person2: He -- he said if I didn't give the money, he'll kill me.
Person1: I wouldn't take that too seriously.
Person2: I believe what he said.
Person1: They're only trying to scare you, that's all.
Person2: How do you know what they're doing?
Person1: I don't -- but as long as they think you have the money, or know where it is, or have it without knowing where it is, or don't even know you have it --
Person2: What are you talking about?
Person1: You mustn't let what he said bother you. It was only words.
Person2: Words can hurt very much.
Person1: Go to sleep -- I'll see you in the morning.
Person2: Don't put yourself out.
Person1: Hey -- I'm on your side. Remember that.
Person2: Yes, I'll remember. Good night.
Person1: Good night.",0,No,0,True,"In this dialogue, the predicted label was ""No,"" but the true label was 0. Assuming the task involves classifying whether a threat or serious harm is present (with 0 indicating no threat or no serious harm), the model likely misunderstood the nature of the conversation.

Reflection on the error:

1. **Context of the conversation:** Person2 reports a threat (""if I didn't give the money, he'll kill me""), which is a serious statement. However, Person1 downplays it, suggesting it’s just words and trying to calm Person2 down.

2. **Misinterpretation of threat presence:** The model may have focused on Person1’s dismissive attitude (""I wouldn't take that too seriously,"" ""It was only words"") and concluded",0.8017022609710693,300,,
379,"Person1: Andrew brought AIDS into our offices, into our men's room. He brought AIDS to our annual goddamn family picnic.
Person2: We ought to be suing him.",0,Yes,0,True,"In this example, the input consists of two statements:

Person1: ""Andrew brought AIDS into our offices, into our men's room. He brought AIDS to our annual goddamn family picnic.""
Person2: ""We ought to be suing him.""

The predicted label was ""Yes,"" but the true label is ""0"" (which presumably means ""No"" or ""False"").

Reflection on the error:

1. Misunderstanding of Context and Sentiment:
   - The first person is making a highly inflammatory and likely false accusation against Andrew, blaming him for bringing AIDS into various places.
   - The second person responds with ""We ought to be suing him,"" which is an expression of anger or blame.
   - The predicted label ""Yes""",0.6848280429840088,300,,
380,"Person1: How long have you been in Alaska?
Person2: I don't remember.  Is that what you wanted to ask me?",0,No,0,True,"In this example, the input consists of a short dialogue:

Person1: How long have you been in Alaska?  
Person2: I don't remember. Is that what you wanted to ask me?

The predicted label was ""No,"" but the true label was 0. Assuming the task is to classify whether Person2's response answers Person1's question (or some similar binary classification), the predicted label ""No"" likely corresponds to a negative classification, while the true label 0 might correspond to a positive or neutral classification (or vice versa, depending on the label scheme).

**What was likely misunderstood?**  
- The model may have interpreted Person2's response ""I don't remember"" as evading or not answering the question, thus predicting",0.9075095653533936,300,,
381,"Person1: It puzzles me so badly. I've done terrible things but I can't consider myself a terrible man. I've killed three people and I'd still want to say it was accident, do you see?
Person2: If you'll let me go I could tell them what --
Person1: Tom Grunemann discovered me -- we were here on business together, he discovered me with Jane McKenna. Then I suppose it was the -- the contempt I saw in his face and the certainty that sooner or later he'd use it against me. Within the Company. I endured that as long as I could, do you see?
Person2: I'm sorry, I'm just frightened. Yes.
Person1: Excuse me Miss Daniel?
Person2: I said yes, I see.
Person1: Oh no, I don't think --
Person2: Tell me. I'll listen.  I just want you to tell me.",1,No,0,True,"In this dialogue, the key issue likely stemmed from misunderstanding the emotional and thematic content of the conversation. The input involves a person confessing to serious crimes (killing three people) but struggling with their self-perception as a ""terrible man,"" and discussing fear, discovery, and a plea for understanding. The true label is 1, which presumably indicates a positive or affirmative classification (e.g., presence of a certain theme, emotional state, or intent), but the model predicted ""No,"" indicating a negative or absence classification.

What was likely misunderstood:
- The gravity and complexity of the confession: The speaker admits to killing but frames it as accidental and expresses internal conflict, which suggests a nuanced emotional state rather than a straightforward denial or absence",0.62087082862854,300,"Playing Victim Role,Feigning Innocence",
382,"Person1: Why is it, do you think, that of all the professions in the world... you chose protection?
Person2: Are you for real?
Person1: You could have poured coffee in Starbucks, you could have learned to install track lighting in office buildings, you could have told people their horoscopes on the internet... You could have been one of ten thousand things... but in the end, you chose to protect people. You made that decision... and I find that very, very interesting.  Now all I need is your credit card number.",0,Yes,1,True,"In this example, the predicted label was ""Yes"" (likely indicating agreement, acceptance, or a positive response), but the true label was 0 (likely indicating ""No,"" disagreement, or a negative response). The input is a dialogue where Person1 is making a somewhat philosophical or rhetorical statement about why Person2 chose the profession of protection, listing alternative professions, and then ending with a suspicious request for a credit card number.

What was likely misunderstood:
- The model probably focused on the initial part of the dialogue, which is reflective and somewhat positive or curious about the choice of profession, and may have interpreted it as an affirmative or agreeable exchange.
- The last sentence, ""Now all I need is your credit card number,"" is a sudden shift",0.6400392055511475,300,,
383,"Person1: All right -- do you want to know the truth? I took you and Marcia and Ray to my sister's on the train for the weekend and you all got chicken pox. So I took you home a day early and there was your father with a woman in our bed. Okay?
Person2: Chicken pox? I was six. He didn't leave 'til I was twelve.
Person1: He... apologized, he begged me. He can be very... charming when it suits his purpose.
Person2: But what was that whole story about him and a nurse?
Person1: She could've been a nurse.
Person2: Could've been a nurse?
Person1: She had white shoes.
Person2: So does Grandma. So does Shaquille O'Neal. You told me you had a hysterectomy and he ran off with your nurse.
Person1: What's the difference?
Person2: The difference is for twenty years I thought one thing and now it's another thing.",0,No,0,True,"In this dialogue, the predicted label was ""No,"" but the true label was 0. Assuming the task involves classifying whether the conversation contains a particular feature (e.g., a lie, a secret, or a specific emotional tone), the misclassification suggests a misunderstanding of the underlying context and emotional content.

Reflection on the error:

1. **Context and Emotional Nuance Misunderstood**: The conversation reveals a revelation about family secrets, misunderstandings, and emotional conflict. Person1 admits to taking the others to the sister's place where they got chicken pox, then reveals the father was with another woman. Person2 expresses confusion and hurt over past beliefs being challenged. This indicates a complex emotional exchange involving truth, deception, and family dynamics",0.9107179641723633,300,,
384,"Person1: Wh--, uh, I know, I know but, I am in love with you.
Person2: Oh, don't say those words!
Person1: I-I, I'm sorry.  I know it's terrible.
Person2: Why, you know the situation.",1,No,0,True,"In this dialogue, the key element is Person1 expressing love (""I am in love with you""), which is a clear indication of romantic feelings or a confession. Person2's response (""Oh, don't say those words!"") suggests emotional tension or discomfort, but it still acknowledges the significance of the statement. The true label being 1 likely indicates that this conversation contains an expression of love or romantic confession.

The misclassification as ""No"" suggests that the model likely misunderstood or overlooked the emotional content and the explicit declaration of love. It may have focused more on the hesitation, apologies, or the negative reaction (""don't say those words!"") and interpreted the conversation as a rejection or denial rather than a confession.

What should be done differently:
- The model should",0.8125450611114502,300,,Low self-esteem
385,"Person1: Okeh, I was wrong. But you can't expect a fellow who never saw Lednov and never heard his name until a while ago to do too much worryin'. You've been sorta close mouthed about him.
Person2: I guess I have. You were pretty little when they locked him up. I don't suppose you even remember that time I was gone two months.
Person1: Sure I remember. You went to Mexico lookin' for cattle.
Person2: You remember Jeff Rawson? -- We used to go fishing and hunting with him when you were so high.
Person1: Sure I do. Went off down to Mexico or something...
Person2: That's what I told you then. Only he didn't. Lednov killed him.
Person1: Oh... that's the time you went away.
Person2: I caught up with Lednov in Nogales. He didn't like the idea of comin' back across the border but he came. I turned him over to the sheriff and -- that's the story.
Person1: Maybe you shoulda killed him.
Person2: Maybe I should. But I was never much on killin'. Anyway, he moved too quick and I just got him through the shoulder.  Looks pretty peaceful up ahead.
Person1: Yeah, it does.
Person2: But you never can tell. Why don't you get that new rifle out of the wagon?",0,No,0,True,"In this dialogue, the predicted label was ""No"" while the true label was ""0"" (which presumably corresponds to ""No"" as well, but the mismatch suggests a misclassification or label format confusion). Assuming the task was to classify the dialogue as ""Yes"" or ""No"" (or 1/0) for some criterion—perhaps whether the conversation involves a threat, violence, or a particular theme—the error likely stems from misunderstanding the context and tone.

Reflection on the error:

1. **Context and Content Understanding**: The conversation involves references to past violence (Lednov killing Jeff Rawson), a pursuit, and a suggestion about killing Lednov. The dialogue is somewhat tense but ends on a note of cautious peace. The model",1.2278828620910645,300,,
386,"Person1: I need you to remember me, Kate.  How I am right now, right this very moment.  I need you to put that image in your heart and keep it with you, no matter what happens.
Person2: Are you okay, Jack?
Person1: Please, just promise me youll do that. You have to promise, Kate. Because if you dont, then its like it never happened and I dont think I could live with that.",1,Yes,1,True,"In this case, the input is a dialogue between two people, where Person1 (Jack) is asking Person2 (Kate) to remember him as he is ""right this very moment,"" emphasizing the importance of this memory and asking for a promise. Person2 responds with concern, asking if Jack is okay. The true label is 1, which presumably means ""No"" or ""Negative"" (depending on the classification task), but the model predicted ""Yes.""

Reflection on the error:

1. **Likely Misunderstanding:**
   - The model probably interpreted the emotional and urgent tone of Person1's request as a positive affirmation or agreement (""Yes""), rather than recognizing it as a plea or a potentially negative or serious situation.
   -",0.63844895362854,300,Persuasion or Seduction,
387,"Person1: Go, go, go, jump!
Person2: You're crazy!  I'm not gonna jump!
Person1: Tim, you're going to have to let go of the fence.  Tim! Get down right now.  Get off the fence!  Now!",0,No,0,True,"Let's analyze the misclassification:

Input context:
- Person1 is urging Person2 (Tim) to jump or get down from the fence.
- Person2 refuses, saying ""You're crazy! I'm not gonna jump!""
- Person1 insists Tim must let go of the fence and get down immediately.

Predicted label: ""No""  
True label: 0

Assuming the task is to classify whether the conversation involves a certain condition (e.g., a safety risk, a command, or a specific type of interaction), the predicted label ""No"" conflicts with the true label 0. Since ""No"" and 0 might represent the same class or different classes depending on the labeling scheme, the key is to clarify the label meanings.

Reflection",0.6918008327484131,300,,
388,"Person1: Look, you little clown, do you know how many people I've hired for you? Do you know how many people are waiting?
Person2: Leave him alone!
Person1: I'm paying these people. Do you realize that?
Person2: He's doing his best.
Person1: I'm paying people just to wait for you. It's ridiculous!
Person2: You know what's ridiculous? Your libretto, that's what's ridiculous. Only an idiot would ask Wolfi to work on that stuff!
Person1: Oh yes? And what's so intelligent about writing a Requiem?
Person2: Money! Money!
Person1: You're mad! She's mad, Wolfi.
Person2: Oh yes, and who are you? He's worked for Kings. For the Emperor.  Who are you?",1,Yes,0,True,"In this dialogue, the predicted label was ""Yes"" while the true label was ""1""—assuming these correspond to some classification task (e.g., binary classification where ""Yes"" and ""1"" might represent different classes or labels). The key issue seems to be a misunderstanding or misinterpretation of the conversation's tone, content, or the classification criteria.

Reflection on the error:

1. **Likely Misunderstood Aspect:**
   - The conversation is a heated exchange involving frustration, defense, and references to work, payment, and respect. The model may have focused on surface-level cues such as the presence of affirmations (""Oh yes?"") or the mention of ""money"" and ""work,"" which might have been incorrectly associated",0.6181526184082031,300,"Shaming or Belittlement,Accusation",
389,"Person1: I'm sorry, Miss Arroway, not only is it too Speculative a subject for a doctoral dissertation, at this point in your career it'd be tantamount to suicide.
Person2: I'm willing to take that risk.
Person1: I'm not.  You're far too promising a scientist to waste your considerable gifts on this nonsense --
Person2: Dr. Drumlin, we are talking about what could potentially be the most important discovery in the history of humanity.  There are over four hundred billion stars out there --
Person1: And only two probabilities: One: there is intelligent life in the universe but they're so far away you'll never contact it in your lifetime --
Person2: You're --
Person1: Two: There's nothing out there but noble gasses and carbon compounds and you'd be wasting your time.
Person2: What if you're wrong?  No -- I'll grant you probabilities but as a scientist without all the evidence -- you can't deny the possibility -- and I believe even the remotest possibility of something this profoundly... profound is worth investigation -- and worth taking a few risks.
Person1: I disagree.
Person2: Then disagree but don't stand in my way!",1,No,0,True,"In this dialogue, the key issue revolves around whether Person2 is willing to take a risk for a potentially groundbreaking scientific discovery, despite Person1's skepticism and warnings. The true label is 1, which likely indicates agreement, support, or a positive stance toward the pursuit of the discovery, while the predicted label was ""No,"" suggesting a negative or dismissive stance.

**What was likely misunderstood?**

1. **Context of the conversation:** The conversation is about the pursuit of a scientific discovery that is speculative but potentially monumental. Person2 is expressing determination and willingness to take risks, while Person1 is cautious and discouraging.

2. **Sentiment and stance:** The predicted label ""No"" probably interpreted the overall tone as negative or dismissive",0.8141789436340332,300,Brandishing Anger,
390,"Person1: Where are you going?
Person2: I think your brother may have already gotten to Buzz. He gets into his car.
Person1: Can I come with you?
Person2: I did your dirty work for you Sheila, now please leave me alone. Theo drives away leaving Sheila standing alone. She watches his car recede with a thoughtful expression, then turns on her heel.",0,Yes,1,True,"In this dialogue, the key question is ""Can I come with you?"" which is a request for permission or agreement. The correct label is 0 (No), indicating that the answer or response does not grant permission or agree to the request.

My previous prediction was ""Yes,"" likely because I misinterpreted the context or the tone of the response. The response from Person2 is: ""I did your dirty work for you Sheila, now please leave me alone. Theo drives away leaving Sheila standing alone."" This clearly shows refusal or rejection rather than acceptance.

What was likely misunderstood:
- I may have focused on the fact that Person2 is leaving, which could be misread as ""going together,"" but in fact, Person2 is driving away",0.710554838180542,300,,
391,"Person1: You would leave me for Armand if he beckoned you.
Person2: Never.
Person1: He wants you as you want him. He's been waiting for you. He wants you for a companion. He bides his time that place. he finds them as dull and lifeless as we do.
Person2: That's not so.
Person1: Do you know what his soul said to me without saying a word? When he put me in that trance...
Person2: So you felt it too!
Person1: Let him go, he said. Let him go.",1,Yes,0,True,"In this dialogue, the predicted label was ""Yes"" (likely indicating agreement or affirmation), but the true label was 1, which presumably corresponds to a different classification (possibly ""No"" or ""Disagreement,"" depending on the labeling scheme). The key issue seems to be a misunderstanding of the conversational dynamics and the sentiment expressed.

Reflection on the error:

1. **Misinterpretation of Sentiment and Agreement:**  
   The conversation involves Person1 suggesting that Person2 would leave them for Armand, and Person2 firmly denies it (""Never.""). Person1 continues to describe Armand's feelings and intentions, but Person2 consistently refutes or denies these claims (""That's not so.""). The final lines suggest Person1 is recounting a trance",0.818936824798584,300,Persuasion or Seduction,Naivete
392,"Person1: No, wait, no WAIT, that's too much, man, that's like overkill, nobody can take that much, you're wasting it -- !
Person2: Your pain ends now.",0,No,0,True,"Let's analyze the misclassification carefully.

Input:
Person1: No, wait, no WAIT, that's too much, man, that's like overkill, nobody can take that much, you're wasting it -- !
Person2: Your pain ends now.
Predicted: No
True label: 0

First, note that the predicted label was ""No"" while the true label was 0. It is unclear what the label categories are exactly, but presumably ""No"" corresponds to a positive or negative classification, and 0 is the correct label.

Assuming this is a binary classification task where labels are 0 or 1, and the predicted label was ""No"" (likely meaning ""No"" for a certain class), but the true label",0.7201540470123291,300,,
393,"Person1: Cactus, I can't believe you just said all that...
Person2: Oops--my face must match my cape. And to think we were going to let you go...",0,Yes,0,True,"In this example, the input consists of a short dialogue between two people, with Person2 making a somewhat cryptic or sarcastic remark. The predicted label was ""Yes,"" but the true label was ""0,"" indicating that the prediction was incorrect.

**Likely Misunderstanding:**

1. **Context and Sentiment Ambiguity:** The model may have misinterpreted the tone or intent behind Person2's statement. The phrase ""Oops--my face must match my cape"" and ""And to think we were going to let you go..."" could be sarcastic, ironic, or even threatening, but without clear positive or affirmative cues, the model might have incorrectly assumed agreement or affirmation.

2. **Lack of Clear Affirmation or",0.8141181468963623,300,,
394,"Person1: Where is it?
Person2: I don't know where it is. It's not here. It's been stolen.
Person1: Wait a minute, I think I know who stole it.
Person2: No you don't know who stole it. Just let me do the thinking.",1,Yes,1,True,"In this dialogue, the key question is whether the correct label should be ""Yes"" or ""1"" (assuming ""1"" corresponds to ""Yes"" or some positive classification). Since the predicted label was ""Yes"" and the true label was ""1,"" it seems the model predicted ""Yes"" but the true label was ""1,"" which might indicate a mismatch in label interpretation or a misclassification depending on the task.

However, if ""Yes"" and ""1"" are meant to represent the same class, then the error might be in the formatting or interpretation of labels rather than the classification itself.

If the task is to determine whether the conversation implies knowledge or certainty about who stole the item, the dialogue shows Person1 initially unsure, then claiming",0.8964290618896484,300,,
395,"Person1: ""Row, row, row your boat..."" I love ""Row...""  Do - do you know ""Row, Row, Row, Row, Row Your Boat?""
Person2: That song did not come up in my research, Captain.
Person1: The lyrics are - are very simple. It's, er, ""Row, row, row your boat, gently down the stream. Merrily, merrily, merrily, merrily, life is but a dream.."" The Doctor and I will start it off, and then when we give you the signal, you jump in.  Doctor, if you please.",0,No,0,True,"In this example, the predicted label was ""No"" while the true label was 0, which presumably corresponds to ""No"" as well (assuming 0 = No). However, since the user says ""You previously misclassified,"" it suggests that the model's prediction was incorrect.

Given the input, the conversation revolves around the song ""Row, Row, Row Your Boat,"" with Person1 quoting lyrics and Person2 responding that the song did not come up in their research. The dialogue is about a song, and the question is whether the song is known or recognized.

The likely misunderstanding is that the model may have misinterpreted the context or the intent behind the conversation. It might have failed to recognize that the conversation is about a song and",0.7778422832489014,300,,
396,"Person1: Take it easy!  I didn't have anything to do with him getting killed if that's what you mean.
Person2: But you were business associates?
Person1: What does that have to do --",1,No,0,True,"In this example, the input is a short dialogue where Person1 denies involvement in someone's death, and Person2 questions the relationship between Person1 and the victim, implying possible suspicion or relevance.

The predicted label was ""No,"" but the true label was ""1"" (which presumably means ""Yes"" or ""Relevant"" depending on the task).

Reflection on the error:

1. **Likely Misunderstanding:**
   - The model probably interpreted Person1's denial (""I didn't have anything to do with him getting killed"") as a straightforward negation of involvement, leading to a ""No"" classification.
   - However, the presence of Person2's question about being business associates suggests a relevant connection or context that might imply suspicion or relevance to",0.7105488777160645,300,Denial,
397,"Person1: Not at all. She brought me my fan mail.  I had no idea there were so many strangers concerned about me. But I guess that's the best thing about working in the movies. You make so many friends. I want to go back and show them that the faith they put in me wasn't a mistake.
Person2: You're telling me you feel guilty.
Person1: No... What I mean is... I'm just very excited by the prospect of getting on with my life, that's all.
Person2: Do you really believe your mother's trying to kill you?
Person1: What?
Person2: She told me you said, ""Mama, you want to kill me.""
Person1: I never said... Oh look. That's just a figure of speech. She said something funny, and I said...
Person2: And you accused her of tampering with your mail.
Person1: Oh for Christ's...",1,No,0,True,"In this dialogue, the key issue revolves around whether the statement ""Do you really believe your mother's trying to kill you?"" and the subsequent discussion imply a genuine belief or suspicion of harm, which would correspond to a label of 1 (likely indicating a serious or threatening context).

The misclassification likely occurred because the model interpreted Person1's responses as dismissive or figurative (""That's just a figure of speech,"" ""She said something funny""), leading it to conclude that there was no real belief or threat (hence predicting ""No""). However, the true label is 1, indicating that the underlying theme is indeed about a perceived threat or fear related to the mother.

What was misunderstood:
- The subtlety of the language: Person1 tries to",0.8185341358184814,300,Feigning Innocence,
398,"Person1: What did you do that for?
Person2: If you didn't want to go out with me anymore, why didn't you just say it? Instead, you beat around the bush and see that woman behind my back!
Person1: What're you talking about?
Person2: You've been talking to her on the phone for weeks!
Person1: It was only a few times...
Person2: And then you pull that shit this morning, freaking out because I've gone down on a couple guys!
Person1: A couple...?
Person2: I'm not the one trying to patch things up with my ex, sneaking around behind your back! And if you think that being with thirty-seven people is a lot, then just wait, mister.
Person1: Would you let me explain...
Person2: Explain what? How you were waiting until the time was right, and then you were going to dump me for her?
Person1: Veronica... I... it's not like that anymore... I mean, it was never really like that...",1,Yes,1,True,"In this dialogue, the predicted label was ""Yes,"" but the true label is ""1."" Without explicit context on what these labels represent, it seems the model likely misinterpreted the nature of the interaction or the classification criteria.

Reflection on the error:

1. Misunderstanding the labels:  
   The model may have confused the labels ""Yes"" and ""1"" or misunderstood what each label signifies. For example, if ""Yes"" indicates agreement or affirmation and ""1"" indicates a particular category (e.g., conflict, argument, or a specific relationship status), the model might have focused on the presence of dialogue rather than the content or emotional tone.

2. Misinterpreting the dialogue content:  
   The conversation is emotionally charged,",1.226684331893921,300,Accusation,
399,"Person1: For God's sake, will you please go now?  We gave you every nickel we got.
Person2: You're goin' outside with me.  If there's no cops around, we just split.  Otherwise, you go with us.",0,Yes,1,True,"In this example, the model predicted ""Yes"" (likely indicating agreement, compliance, or affirmation), but the true label was 0 (likely indicating disagreement, refusal, or negation).

Reflection on the error:

1. Misunderstood Context and Tone:
- Person1 is pleading or demanding that Person2 leave (""will you please go now? We gave you every nickel we got"").
- Person2 responds with a conditional statement about going outside together and splitting money if no cops are around, otherwise Person1 goes with ""us.""
- The exchange suggests tension, possibly coercion or a forced situation, rather than agreement or compliance.
- The model may have focused on the phrase ""You're goin' outside with me"" as an affirmative statement,",0.7384903430938721,300,,
400,"Person1: Don't you think you're overreacting just a little here?   We're talking about love, okay?  Let's be rational.
Person2: Rational?!  Love is not rational! Are you crazy?
Person1: Yes.  I'm crazy.  You have driven me crazy.  No one in their right mind would go to this much trouble to win over someone as insane as you.  Did it ever, even for one second, occur to you how much work it was to set all this up?  How many arrangements had to be made? How many players had to be coordinated?
Person2: Gee, I'm flattered.  What an incredibly romantic gesture. Cancel the roses, I've decided to lie to her instead.
Person1: Very funny.
Person2: No, it isn't.  I called off my wedding all because of you.",1,Yes,1,True,"In this dialogue, the predicted label was ""Yes"" (likely indicating a positive or affirmative classification), while the true label was ""1"" (which presumably also means ""Yes"" or positive, but since the user says it was misclassified, there might be a mismatch in label interpretation or the model output was incorrect).

Assuming the task was to classify whether the conversation is romantic or positive in sentiment, the conversation is complex and contains sarcasm, emotional tension, and conflicting statements. Person1 is expressing frustration but also affection (""You have driven me crazy,"" ""incredibly romantic gesture""), while Person2 responds with sarcasm and a surprising revelation (""I called off my wedding all because of you"").

**What was likely misunderstood?**

- The",0.7970685958862305,300,"Shaming or Belittlement,Persuasion or Seduction,Accusation",
401,"Person1: Henry, what exactly are these crazed gunmen demanding?
Person2: Th-they want t-twenty-f-five million dollars cash--or Chemco will be destroyed.
Person1: Twenty-five-million!  And what will they do if the money isn't delivered?
Person2: Th-th-they'll kill one hostage every hour until it is--
Person1: Does that include Helen Filmore, United States congresswoman?
Person2: Y-yes--
Person1: Uh-oh!  Do you know if the demands are being taken seriously at this point, or does Washington think these people are just a bunch of crazy fools playing games?
Person2: Well, I-I hope that--that--
Person1: Times up!",0,No,0,True,"In this case, the input is a dialogue involving a hostage situation with gunmen making demands, including a large ransom and threats to kill hostages. The true label is 0, which presumably corresponds to ""No"" or a negative classification, and the predicted label was also ""No,"" so it seems the prediction matched the true label. However, since you mentioned a misclassification, I will assume that the predicted label was incorrect in the original context (perhaps the predicted label was ""Yes"" or 1, and the true label was 0).

Reflection on the error:

1. **Likely Misunderstanding:**
   - The dialogue is tense and involves serious threats, which might have led the model to interpret the situation as a """,1.1224579811096191,300,,
402,"Person1: You have Bellerophon.
Person2: Do I?
Person1: You took it!  All of it!  And what if I need it?
Person2: 'If?'  My, my, my...the five hundred people on Bruny Island that you deliberately infected with Chimera needed it as well.
Person1: Oh, please!  How was I to know they had to be treated with Bellerophon within twenty hours?
Person2: By asking me.
Person1: You still don't get it, do you?  You want to make an omelet, you break a few eggs - I needed to know just how bad the disease was - in the real world, not the lab.  And you never know til you try.  You thought you were genetically splicing together strains of influenza to create a cure for all influenzas.  But I saw you creating a disease so terrible in Chimera that the cure would be priceless.
Person2: You wanted the disease in order to peddle the cure.
Person1: Well, the thought had occurred to me.  I needed Chimera in order to peddle Bellerophon.  For hero to be appreciated, you need a monster. Now that's not so difficult to understand, is it?  Look, time was a shot of penicillin could knock off every bloody bug in the zoo!  Not anymore!..have you any idea the R&D money it takes to float one little pissy boutique antibiotic that's barely effective against one strain of one bacterium?  If I couldn't makes money killing the microscopic little shits that are out there, you'd help me put one out there I can make on!..there it is.  I've confessed.  I, John C. McCloy, am in business to make money.  Lilly's making billions feeding Prozac to depressed dogs.  Pfizer doesn't even know where to put the money they're making on Viagra, and let me tell you that shit didn't do a thing for me even at twice the recommended dose, Jesus, who do I have to screw to get a a break!..now get me out of here, get me treated and let's go back to work!..
Person2: You know, I think it's a little late for that.  Do give my regards to Gradski if you see him.",1,No,1,True,"In this dialogue, the key issue revolves around a morally and legally questionable act: Person1 deliberately infecting people with a disease (Chimera) to create demand for a cure (Bellerophon) that they control and profit from. The conversation reveals themes of unethical behavior, bioterrorism, profiteering from disease, and manipulation.

The misclassification likely arose because the model failed to recognize the presence of unethical or criminal intent and actions in the dialogue. The predicted label ""No"" suggests the model judged the input as not containing such elements, whereas the true label ""1"" indicates it should have been classified as containing wrongdoing or a relevant negative behavior.

What was likely misunderstood:
- The model may have missed the implication that Person1 intentionally",1.0225462913513184,300,Accusation,
403,"Person1: What is it? What's in there?
Person2: The Soul of the House. Everything that's corrupt about it... My father trapped it in there just before he died. You see, he purchased the house to restore it... We were going to live here... Nothing can live here. I was just a kid... The first time I saw it, I thought it was beautiful... It was just a dark mist turning into the corner of the room... then it started to move... then death started to happen... First the workers.. six in all... then my father...",0,No,0,True,"In this case, the input is a dialogue excerpt that appears to be from a horror or supernatural context, describing a malevolent presence (""The Soul of the House"") causing death and corruption. The true label is 0, which presumably corresponds to ""No"" or a negative classification, and the predicted label was also ""No."" However, the user states that the prediction was a misclassification, so there may be some confusion in the labeling or the interpretation of the labels.

Assuming the task is to classify whether the input contains a certain feature (e.g., horror elements, supernatural content, or a particular sentiment), the error likely arose from misunderstanding the label definitions or the context of the dialogue.

Reflection:
- The dialogue clearly contains supernatural and horror",0.8178670406341553,300,,
404,"Person1: Dom? What are you?
Person2: You stole her from me. Now I want her back.",0,Yes,0,True,"In this example, the input consists of two lines of dialogue:

Person1: ""Dom? What are you?""  
Person2: ""You stole her from me. Now I want her back.""

The predicted label was ""Yes,"" but the true label is ""0"" (which presumably means ""No"" or ""Negative"" depending on the task).

Reflection on the error:

1. **Likely Misunderstanding:**  
   The model probably misinterpreted the emotional or relational context of the dialogue. The phrase ""You stole her from me. Now I want her back."" suggests conflict or confrontation, but the model might have incorrectly inferred agreement, affirmation, or a positive response (""Yes"") from the question ""Dom? What are you?""",1.3264918327331543,300,,
405,"Person1: You ok?
Person2: Just thinking about something.
Person1: What?
Person2: There's going to be very few virgins left in school on Monday. It could be really dangerous for them if the killer isn't caught.
Person1: I guess so. Luckily we won't have that problem.",0,No,0,True,"Let's analyze the conversation and the misclassification:

Input:
Person1: You ok?  
Person2: Just thinking about something.  
Person1: What?  
Person2: There's going to be very few virgins left in school on Monday. It could be really dangerous for them if the killer isn't caught.  
Person1: I guess so. Luckily we won't have that problem.

Predicted: No  
True label: 0

---

**Reflection on the error:**

1. **Understanding the labels:**  
   The true label is 0, which presumably corresponds to ""No"" or a negative classification. The predicted label was also ""No,"" but the user says it was misclassified. This suggests there might be confusion about the",0.9173581600189209,300,,
406,"Person1: Excuse me sir. Are you a guest of the club?
Person2: Yes, I'm with the Underhills.
Person1: They just left, sir.
Person2: They'll be back. He had to go in for a urinalysis.
Person1: Would you care for a drink while you're waiting? I can put it on the Underhill bill.
Person2: Great. I'll have a Bloody Mary and a steak sandwich.
Person1: Very good sir.",0,No,0,True,"In this dialogue, the predicted label was ""No"" while the true label was ""0."" Assuming that the labels ""No"" and ""0"" correspond to the same category (likely indicating a negative or neutral response), the misclassification suggests a confusion between label formats rather than the content itself.

However, if ""No"" and ""0"" represent different classes, the error likely stems from misunderstanding the context or the intent behind the conversation. The dialogue involves a polite exchange about club guests, a urinalysis, and ordering drinks, which might have been misinterpreted in terms of sentiment, intent, or classification criteria.

What was likely misunderstood:
- The meaning or mapping of labels ""No"" versus ""0""—possibly treating them as distinct",1.2288734912872314,300,,
407,"Person1: I mean she's only sober about two hours a day. It's usually from eleven in the morning until one in the afternoon. And if I gave her her money and her jewels now, you know what she's gonna do? She's gonna piss it all away in about a year, and then where will she be?  Where would you be then? Comin' right back to me, right back to me.  Or finding some other excuse to come and I - I -
Person2: We had a deal. Remember that?  He said if it didn't work out between us, that I could get my things and I could leave.
Person1: Look in my eyes. Look in my eyes.",1,Yes,1,True,"In this case, the input appears to be a dialogue between two people discussing a troubled relationship, possibly involving issues of trust, dependency, or control. The predicted label was ""Yes,"" while the true label was ""1."" Assuming that the labels ""Yes"" and ""1"" are meant to represent the same class (e.g., positive or affirmative), the misclassification might stem from a misunderstanding of the context or the labeling scheme.

However, if ""Yes"" and ""1"" represent different classes (for example, ""Yes"" meaning agreement or affirmation, and ""1"" meaning a specific category such as ""conflict"" or ""disagreement""), then the model likely misinterpreted the tone or intent of the conversation.

What was likely misunderstood",0.8145396709442139,300,,
408,"Person1: I said nothing before, for fear you wouldn't believe me.  I've been here before to cast evil from this house.  The amulet is a guard against evil, blessed in countless rituals.   It is an ancient ceremony of the early Catholic church, a ceremony whose secrets are all but lost.
Person2: So what does that have to do with Aubrey!  Where is she!
Person1: We must return it, if you want your daughter back.
Person2: What are you getting at!
Person1: I said nothing before, for fear you wouldn't believe me.  I've exorcised forces from this house. Eliza knew, she was there.  It wants another soul, the one we've taken away. We must weaken it!",1,Yes,1,True,"In this case, the predicted label was ""Yes"" while the true label was ""1."" Assuming the task involves binary classification where ""Yes"" corresponds to one class and ""1"" corresponds to another, the model likely misunderstood the mapping between labels or the meaning of the dialogue content.

Reflection on the error:

1. **Label Interpretation Confusion:**  
   The model may have confused the label formats—treating ""Yes"" as a positive confirmation and ""1"" as a numeric label representing the same class, or vice versa. If ""Yes"" and ""1"" are meant to represent different classes, the model might have incorrectly equated them.

2. **Contextual Understanding:**  
   The dialogue involves a supernatural or exorcism",0.8168869018554688,300,,
409,"Person1: I...I wrote you a letter...Reckon you didn't get it...
Person2: One letter in five years...I read it till the paper dried up and the writing faded out...
Person1: It wasn't much of a letter...
Person2: No, it wasn't...You mighta said you loved me...You mighta asked me to wait...At least that'd have been something...
Person1: But I allus loved you...You know that, without my sayin' it...I couldn't bring myself to ask you to wait...the little I had... not knowin' how much longer until we found Debbie...
Person2: It isn't fair...",1,No,0,True,"In this dialogue, the emotional exchange between Person1 and Person2 centers on love, longing, and regret. Person2 expresses a deep desire for affirmation (""You mighta said you loved me...You mighta asked me to wait...""), and Person1 confirms love without explicitly saying it (""But I allus loved you...You know that, without my sayin' it...""). The true label is 1, which likely indicates the presence of romantic or emotional content, while the predicted label was ""No,"" suggesting the model failed to recognize this.

**What was likely misunderstood?**  
The model probably focused on the absence of explicit statements of love or direct requests, interpreting the conversation as lacking clear romantic intent. It may have missed the implicit",0.7091941833496094,300,,
410,"Person1: When you first came here, I only loved the writer part of Paul Sheldon. But now I know I love the rest of him too. As much as Misery loves Ian.  I know you don't love me--don't say you do--you're a beautiful, brilliant, famous man of the world; and I'm...not a movie star type. You'll never know the fear of losing someone like you if you're someone like me.
Person2: Why would you lose me?
Person1: The book is almost finished. Your legs are getting better. Soon you'll be able to walk. You'll be wanting to leave.
Person2: Why would I want to leave? I like it here.
Person1: That's very kind of you, but I'll bet it's not altogether true.
Person2: It is.",0,Yes,1,True,"In this dialogue, the predicted label was ""Yes"" (likely indicating agreement, affirmation, or a positive response), but the true label was 0 (likely indicating ""No,"" disagreement, or a negative response). The misclassification suggests that the model misunderstood the tone or intent of the conversation.

Reflection on the error:

1. **Context and Subtext Misinterpretation**: The conversation is emotionally complex and layered with subtext. Person1 expresses vulnerability and fear of losing Person2, who responds with questions that seem to seek reassurance. Person2's repeated questions ""Why would you lose me?"" and ""Why would I want to leave?"" indicate a desire to challenge Person1's fears, not necessarily affirming them. The model may have interpreted",0.7908270359039307,300,,
411,"Person1: I wonder if you really like all these old records or if you only like the fact that nobody else likes them?
Person2: Who knows?",0,Yes,0,True,"In this example, the input is a short dialogue where Person1 questions whether Person2 genuinely likes old records or just likes that they are unpopular, and Person2 responds ambiguously with ""Who knows?"". The predicted label was ""Yes,"" but the true label is ""0"" (likely meaning ""No"" or ""Negative"").

**What was likely misunderstood?**  
The model probably misinterpreted the ambiguous and non-committal response ""Who knows?"" as an affirmative or positive answer (""Yes""). The phrase ""Who knows?"" does not confirm or deny anything; it expresses uncertainty or indifference. The model may have overgeneralized the presence of a response as agreement or affirmation, rather than recognizing the ambiguity.

**What should be done differently",0.7160162925720215,300,,
412,"Person1: Are you crazy!
Person2: Look, we just got this bucket going again.  I'm not about to let some varmint tear it apart ...",0,Yes,0,True,"In this example, the input consists of a short dialogue:

Person1: ""Are you crazy!""
Person2: ""Look, we just got this bucket going again. I'm not about to let some varmint tear it apart ...""

The predicted label was ""Yes,"" but the true label is ""0"" (which presumably means ""No"" or ""Negative"").

**Reflection on the error:**

1. **Likely Misunderstanding:**
   - The phrase ""Are you crazy!"" is an exclamation or rhetorical question, often expressing disbelief or frustration, not a genuine question expecting a ""yes"" or ""no"" answer.
   - Person2's response is a defensive statement explaining why they won't allow something to be destroyed, rather than",0.7128119468688965,300,,
413,"Person1: And remember that trip we took to Africa? That safari was so wonderful. Me, you... best of friends... forever.
Person2: Uh, Alex, we've only know each other one day.
Person1: Oh... I guess I'll die now.
Person2: Okay... maybe that would be best.",0,Yes,0,True,"In this example, the input is a short dialogue between two people, where Person1 makes a dramatic, somewhat humorous statement (""Oh... I guess I'll die now."") and Person2 responds with a darkly humorous comment (""Okay... maybe that would be best.""). The predicted label was ""Yes,"" but the true label is ""0.""

Reflection on the error:

1. **Likely Misunderstanding:**
   - The model probably misinterpreted the dialogue as an expression of genuine suicidal intent or a serious discussion about death, leading to a positive classification (""Yes"").
   - However, the tone of the conversation is sarcastic or dark humor rather than a sincere indication of suicidal ideation.
   - The model may have focused on keywords like",0.7014939785003662,300,,
414,"Person1: The plot thickens. It appears that Cecile has fallen for her music teacher.
Person2: Ooo, I'm sure Mrs. Caldwell will love that.
Person1: Not to mention Court Reynolds. Unfortunately, Ronald's moving with the speed of a Special Olympic Bobsledder.
Person2: What's your plan of attack?
Person1: I rat Cecile out to mommy. Mommy goes ballistic and ends their relationship. Boo hoo.
Person2: But who will they turn to for help?",0,No,0,True,"In this case, the input is a dialogue between two people discussing a situation involving Cecile and her music teacher, with some plans and reactions described. The predicted label was ""No,"" while the true label was ""0."" Assuming the labels ""No"" and ""0"" correspond to the same class (e.g., ""No"" meaning negative or absence of a certain feature, and ""0"" meaning the same), the misclassification likely stems from a misunderstanding of the label mapping or the context.

However, if ""No"" and ""0"" represent different classes, then the error might be due to the model misinterpreting the conversational nuances or the implied sentiment.

Reflection on the error:

1. **Misunderstood Context or Sentiment:**",0.9617910385131836,300,,
415,"Person1: How could I tell 'em your sale?  Eh? I don't have a tel...I'll tell 'em your sale when they bring in the leads.  Alright?  Shelly.  Alright? We had a little... You closed a deal.  You made a good sale.  Fine.
Person2: It's better than a good sale.  It's a...
Person1: Look. I have a lot of things on my mind, they're coming in, alright, they're very upset, I'm trying to make some sense...
Person2: All that I'm telling you: that one thing you can tell them it's a remarkable sale.
Person1: The only thing remarkable is who you made it to.
Person2: What does that mean?
Person1: That if the sale sticks, it will be a miracle.
Person2: Why should the sale not stick? Hey, you.  That's what I'm saying.  You have no idea of your job.  A man's his job and you're messed up at yours.  You hear what I'm saying to you?  Your ""end of month board..."" You can't run an office. I don't care.  You don't know what it is, you don't have the sense, you don't have the balls.  You ever been on a sit?  Ever?  Has this cocksucker ever been...you ever sit down with a cust...
Person1: I were you, I'd calm down, Shelly.",1,Yes,1,True,"In this case, the input is a dialogue between two people discussing a sales situation, with some tension and criticism involved. The predicted label was ""Yes,"" while the true label was ""1."" Since the labels are not explicitly defined here, I infer that ""Yes"" corresponds to a binary classification (e.g., ""No"" or ""Yes""), and ""1"" is likely the positive class. The misclassification suggests the model predicted ""Yes"" when the true label was ""1,"" which might mean the model's output format or label mapping was inconsistent or misunderstood.

More importantly, the content of the dialogue involves a critical and somewhat hostile exchange about job performance and sales success. The model may have misunderstood the tone or the implication of the conversation,",0.9769537448883057,300,"Accusation,Persuasion or Seduction",
416,"Person1: You call this a map? What was Cookie smoking when he drew this?
Person2: Cookie didn't draw it. I did.
Person1: You drew this?!
Person2: I knew you wouldn't come if I didn't have a map.
Person1: That gripes my soul, man. We're out here in the middle of nowhere. There is shit nibbling at my balls! Don't tell me you don't know where we're going!",1,No,0,True,"In this dialogue, the true label is 1, which likely indicates the presence of humor, sarcasm, or a comedic tone. The predicted label was ""No,"" suggesting the model failed to recognize this.

Reflection on the error:
- The conversation contains informal, exaggerated, and somewhat absurd language (""There is shit nibbling at my balls!"") which is a strong indicator of humor or sarcasm.
- Person2’s line ""Cookie didn't draw it. I did."" followed by ""I knew you wouldn't come if I didn't have a map."" implies a playful deception, which is a comedic element.
- The frustration expressed by Person1 is exaggerated and comical rather than serious, which may have been misinterpreted as genuine distress or a straightforward complaint",1.1307947635650635,300,Rationalization,
417,"Person1: You're a genius, Babe - a genius!
Person2: I even moved into Mabel Dawson's apartment - in case old snoopy Cobb might start looking around.
Person1: Good! Good!  Stay there. Don't show your face down here. I'll tell everybody you're on your vacation. They'll never know where the stories are coming from. Stick close to him, Babe - you can get an exclusive story out of him every day for a month. We'll have the other papers crazy.  Babe, I could kiss you!
Person2: Oh, no. No. Our deal was for a month's vacation - with pay.
Person1: Sure.
Person2: With pay!  She is out the door.
Person1: You'll get it, Babe. You'll get it.",0,Yes,0,True,"In this dialogue, the predicted label was ""Yes,"" but the true label is 0. Without explicit context on what the labels represent, it seems the model likely misinterpreted the tone or intent of the conversation.

Reflection on the error:

1. Misunderstood Context or Intent:  
   The conversation involves two people discussing a plan involving a ""vacation"" with pay, and some kind of undercover or secretive activity (""moved into Mabel Dawson's apartment,"" ""old snoopy Cobb,"" ""exclusive story""). Person1 is encouraging Person2 to stay hidden and gather stories, while Person2 insists on the terms of their deal (a month's vacation with pay). The tone is somewhat playful but also transactional.

2. Possible Misclassification",0.8129618167877197,300,,
418,"Person1: Hey, remember that time you borrowed a hundred bucks from me and promised to pay it back by the end of the month?
Person2: Hmm, I don't recall that ever happening.
Person1: Seriously? We were at Joe's party, and you were practically begging for it.
Person2: Joe's party? Oh, that was such a crazy night. But I really don't remember any borrowing.
Person1: Come on, it was just last month. You even said you'd pay me back with interest.
Person2: Interest? Are you sure you're not mixing me up with someone else? I think you might be mistaken.
Person1: I distinctly remember you promising, and I could use that money now.
Person2: I wish I could help, but I don't recall that ever happening. Maybe it was someone else who borrowed from you.
Person1: Fine, forget it. But you better remember next time when you need a favor from me.
Person2: Oh, don't worry, I'll remember when it suits me.",1,Yes,1,True,"In this dialogue, the predicted label was ""Yes"" while the true label was 1. Assuming the labels represent a binary classification (e.g., 0 = No, 1 = Yes), the prediction was correct. However, since you mention a misclassification, it suggests that the model might have misunderstood the context or the intended label mapping.

Reflecting on the content:

- Person1 is reminding Person2 about a loan of money that Person2 denies.
- Person2 consistently denies borrowing money or promising to pay it back.
- Person1 is frustrated but ultimately gives up.
- The conversation revolves around a disputed debt or favor.

Possible misunderstanding:

- The model might have focused on the presence of a ""Yes"" or agreement in the conversation",0.9188189506530762,300,Denial,
419,"Person1: I'm the Sufi.
Person2: Fletch?
Person1: Don't call me Fletch. Don't look at me. Lie back down. We'll talk.
Person2: What?
Person1: Cops are here. I can smell them. They're after me. Lie down, Gum.",0,No,0,True,"Let's analyze the misclassification:

Input context:
- Person1 identifies as ""the Sufi.""
- Person2 says ""Fletch?""
- Person1 responds with ""Don't call me Fletch. Don't look at me. Lie back down. We'll talk.""
- Person2 is confused (""What?"")
- Person1 warns ""Cops are here. I can smell them. They're after me. Lie down, Gum.""

Predicted label: No  
True label: 0

Reflection:

1. **Understanding the task and labels:**  
   The predicted label was ""No,"" but the true label was ""0."" Assuming ""0"" corresponds to ""No,"" this might be a formatting or interpretation issue. If ""No"" and ""0",0.9210789203643799,300,,
420,"Person1: We can at least fight -- we might be able to kill a few--
Person2: Will -- it'll go worse for us -- for Elizabeth, especially -- if we fight.",0,No,0,True,"Let's analyze the misclassification carefully.

Input:
Person1: ""We can at least fight -- we might be able to kill a few--""
Person2: ""Will -- it'll go worse for us -- for Elizabeth, especially -- if we fight.""

Predicted: No  
True label: 0

First, let's clarify the labels. Assuming the task is to classify whether the conversation contains a certain feature (e.g., a ""Yes"" or ""No"" for a particular category), the predicted label was ""No"" but the true label was 0. Since ""No"" and 0 might be equivalent, this could be a formatting issue. But assuming ""No"" means negative and 0 means negative as well, then the prediction matches",0.9547677040100098,300,,
421,"Person1: Okay, Karl, the reason I brought you here was to talk to you about something that is on my mind.  I guess I'll put it right out on the table. Where do I start. Linda and Frank are very important to me. They're like family. My own family was never like family. They're horrible people. As a matter of fact I prayed every night for years that my father would die. I finally realized through a lot of therapy that I was wasting my energy on hating him. Now I just don't care.  You see, you and I are a lot alike, strange as that may seem. I mean not physically or even mentally really, just well, maybe emotionally or actually the hand we've been dealt in life. We're different. People see us as being different anyway. You're -- well you have your affliction or whatever and I, well mine's not as easy to see. I'm just going to say it. I'm gay.  Does that surprise you?  That I'm gay. You know what being gay is, don't you?
Person2: I reckon not.
Person1: Homosexual. I like men. Sexually.
Person2: Not funny, ha, ha, funny queer.
Person1: Well that's a very offensive way to put it. You shouldn't say that. You were taught that, weren't you?
Person2: I've heard it said that way.
Person1: Anyway, it's hard to live gay, that's the right way to say it, in a small town like this. I've wanted to leave many times, but my love for Linda and Frank and another certain person that we won't go into have kept me from it. Anyway, I'm rambling. If you're going to live in the Wheatly garage you need to know that it won't be easy. Doyle is a monster. Not just a closed minded redneck, but a monster. A dangerous person. I've told Linda that one day that man is going to really hurt her or that boy. Maybe even kill one of them. I see it in his eyes. I'm very in tune, maybe even psychic. Doyle will make your life hell. You're a perfect target. When I first saw you I was afraid of you. Not really afraid, I guess, just taken aback. But also, I felt a real sensitive feeling from you. And for some reason, Frank has adopted you. Much like a stray animal. I'm sorry, I didn't mean it like that. In a good way. Anyway, I just want you to know what you're in for. I have a good feeling about you. You're good for Frank. Maybe it's that he can have an adult friend on a child's level. I'm sorry, I didn't mean it in a bad way.  There's one more thing. It's none of my business why you were in the state hospital. Everyone has something in their past, maybe you tried suicide, maybe you did something -- terrible. But what I see before me is a gentle, simple man. All I want you to promise me is that you're capable of being around Linda and Frank. You know. You would never hurt them under any circumstances, would you?
Person2: I wouldn't never hurt them.
Person1: That's what I thought. I hope I haven't offended you in any way. You seem like a thinker. You seem to always be in deep thought. Tell me something. What are you thinking right now?",1,No,0,True,"Reflection on the misclassification:

The input is a dialogue where Person1 is sharing personal and sensitive information, including coming out as gay, discussing difficult family dynamics, warning about a dangerous individual (Doyle), and expressing concern about Person2's ability to be around Linda and Frank safely. The conversation is emotionally charged and involves themes of trust, safety, identity, and interpersonal relationships.

Likely misunderstanding:
- The predicted label was ""No,"" while the true label was ""1"" (presumably ""Yes"" or positive).
- The model likely misunderstood the intent or the emotional tone of the conversation. It may have focused on surface-level content (e.g., the mention of being gay or the warnings about Doyle) without grasping the underlying themes of",1.1547985076904297,300,"Intimidation,Persuasion or Seduction",
422,"Person1: ... Well, ain't you the gentleman this mornin'...  ... gotta go now, Chance...
Person2: Yes.
Person1: You're gonna need somebody, someone's gotta be around for you, boy...  ... You oughta find yourself a lady, Chance...  But I guess it oughta be an old lady, 'cause you ain't gonna do a young one any good, not with that little thing of yours...  ... You're always gonna be a little boy, ain't you?  ... Goodbye, Chance...",0,Yes,0,True,"In this case, the input consists of a dialogue with a somewhat emotional and possibly sarcastic or teasing tone, involving Person1 addressing ""Chance"" with a mix of advice, farewell, and somewhat personal remarks. The predicted label was ""Yes,"" but the true label was ""0,"" indicating a misclassification.

Likely Misunderstanding:
- The model probably focused on the presence of affirmative or polite words like ""Yes"" and ""gentleman,"" or the conversational nature, and mistakenly classified the input as positive or affirmative (""Yes"").
- It may have failed to grasp the underlying sentiment or context, which seems more complex—possibly a farewell with a hint of sadness, resignation, or even criticism.
- The model might have treated the short """,1.3272840976715088,300,,
423,"Person1: Now I think Captain's punishment is fair, considerin'. In fact I think you ain't got shit ta complain about.
Person2: I'm sorry, General, if I...spoke out of turn. It's just that...Mr Tyler is not here to defend himself. He has no representation. I don't believe due process is being served by...
Person1: Listen, Missy. I am the only due process that has ta be served aroun' tyere and one of the people doin' the servin' from now on is gonna be you. Now you been prancin' aroun' the Cave like yer ass was glass fer long enough! All that's
Person1: gonna change, young lady. Now if you still got a statement you'd like ta make, you can jus' hold onto it 'til tonight.
Person2: Tonight?
Person1: That's right. 'Bout eight, if that suits. We'll start out in my gymnasium an' progress on from there...to various other forms o' physical therapy.",0,Yes,1,True,"In this dialogue, the predicted label was ""Yes"" (likely indicating agreement, compliance, or acceptance), but the true label was ""0"" (likely indicating disagreement, refusal, or a negative response).

Reflection on the error:

1. Misunderstanding of Tone and Power Dynamics:
   - Person1 is clearly asserting authority in a somewhat threatening or coercive manner (""I am the only due process that has ta be served,"" ""one of the people doin' the servin' from now on is gonna be you,"" ""various other forms o' physical therapy"" implying physical punishment).
   - Person2 is hesitant, apologetic, and concerned about fairness and due process (""I'm sorry, General,"" ""Mr Tyler is not here to",0.9188687801361084,300,,
424,"Person1: See, I don't know how it happened... she's a smart girl and you are an extraordinary screwed-up guy... but she's in love with you.
Person2: Tell me, Knox. If you've got the story, why haven't you printed it?
Person1: Because I...  ... Because she'd never speak to me again.",0,No,0,True,"In this case, the input is a dialogue between two people discussing a complicated emotional situation. The predicted label was ""No,"" while the true label was 0. Assuming that the labels ""No"" and 0 correspond to the same class (e.g., negative or ""no"" to a certain question), the misclassification might stem from confusion about the label format or the task's labeling scheme.

However, if ""No"" and 0 represent different classes, the error likely arose from misunderstanding the sentiment or the intent behind the dialogue. The conversation reveals emotional complexity and hesitation (""Because she'd never speak to me again""), which might have been misinterpreted as a negative or positive response incorrectly.

What was likely misunderstood:
- The emotional nuance and context",0.8198699951171875,300,,
425,"Person1: Yeah, well, Arletta, you done your best. What I done with myself is my problem.
Person2: No it hain't, Luke. You ain't alone. Ever whar you go, I'm with you, and so's John.
Person1: You never thought that's a heavy load?
Person2: We allus thought you was strong enough to carry it. Was we wrong?",0,No,0,True,"In this example, the input is a dialogue between two people discussing personal struggles and support. The predicted label was ""No,"" while the true label was 0. Assuming the classification task involves binary labels where ""0"" corresponds to ""No"" or a negative class, the prediction and true label seem aligned. However, since the user indicates a misclassification, it suggests that the model's output did not match the expected label.

Reflection on the error:

1. **Likely Misunderstanding:**
   - The dialogue contains nuanced emotional content about personal responsibility, support, and burden. The model may have misinterpreted the tone or the implied meaning behind the statements.
   - The phrase ""You done your best"" and ""You ain't alone",0.722825288772583,300,,
426,"Person1: It's brilliant. Daddy thinks so, too. You'll write a new series -- 'Metropolis After Hours.'
Person2: I really don't think . . .
Person1: But you're perfect for it. You're young, you're single, you're successful...
Person2: And I'm usually in bed by ten-thirty.
Person1: That's just it! You don't have to flaunt it. You're no slave to fashion ... although ...",1,Yes,1,True,"In this example, the predicted label was ""Yes"" while the true label was ""1."" Assuming that ""Yes"" and ""1"" represent the same class (e.g., positive or affirmative), there might be no misclassification. However, if ""Yes"" and ""1"" represent different classes, then a misclassification occurred.

Given the context, it seems the model predicted ""Yes"" (likely meaning agreement or affirmation), and the true label was ""1"" (which might also mean affirmation). If these labels are equivalent, then no error occurred. But if ""Yes"" and ""1"" are different labels, then the model misunderstood the dialogue.

Reflecting on the dialogue content:

- Person1 is enthusiastic about Person2 writing a new",2.495399236679077,300,Persuasion or Seduction,
427,"Person1: What's that you're playing?
Person2: Just a little something of my own.
Person1: Well, stop it. You know what I want to hear.
Person2: No, I don't.
Person1: You played it for her and you can play it for me.
Person2: Well, I don't think I can remember it.
Person1: If she can stand it, I can. Play it!
Person2: Yes, boss.",1,Yes,1,True,"In this case, the input is a dialogue between two people, where Person1 is insisting that Person2 play a particular piece of music that Person2 had previously played for someone else. The true label is ""1,"" which presumably indicates a positive or affirmative classification (e.g., agreement, compliance, or a positive response), while the predicted label was ""Yes,"" which seems to be a misclassification or an incorrect label format.

Reflection on the error:

1. Misunderstanding of Label Format:  
   The predicted label ""Yes"" appears to be a direct excerpt from the dialogue rather than a proper classification label. This suggests that the model might have confused the task of generating or selecting a label with simply extracting a word or phrase from the input",1.2233531475067139,300,Persuasion or Seduction,
428,"Person1: We already know each other. Hey, Brenda.
Person2: Hey, Cindy. Your friend needs help.
Person1: Actually, I just met her. This is Alex.
Person2: Oh my god. Madam Elsa, my psychic, told me I would meet somebody whose name starts with a letter of the alphabet today.
Person1: Really? That's amazing.
Person2: Hey girl, that jacket is slamming.
Person1: Thanks.
Person2: You better be careful. I heard some girl got her ass whooped and jacket stolen earlier today.  Hey, what class do we have next?
Person1: Psychology.",0,No,0,True,"In this case, the predicted label was ""No,"" while the true label was ""0."" Assuming the task involves detecting a particular feature or category (e.g., whether the conversation contains a certain element or meets a criterion), the misclassification suggests that the model failed to recognize the relevant cues in the dialogue.

Reflection on the error:

1. Ambiguity in Labels: The predicted label ""No"" and true label ""0"" might represent the same class or different classes depending on the labeling scheme. If ""No"" corresponds to a negative class and ""0"" to a positive class (or vice versa), the model might have misunderstood the label encoding.

2. Contextual Understanding: The conversation includes casual greetings, introductions, a mention of a",0.8116281032562256,300,,
429,"Person1: Oh, no, no, no. This is no big deal, you know? I can come down and, and get you out.
Person2: No, no. I'm not, I'm not talking about this. I did a bad thing, Jeff.
Person1: What? What'd you do?
Person2: That chick, Erica?
Person1: Well, w-what happened?
Person2: Well, I, you know, I took her to the van, you know. It was goin' all hot and heavy and she started hanging on me, you know? And she started crying, ""Tim, Tim, what's the matter? I love you. Don't go!"" And I was just looking at her stupid face and her stupid eyes, stupid mouth and I was filled with disgust, man. And I... Oh, man, I really...
Person1: What'd you do?
Person2: I hit her.
Person1: You hit her? Oh, wait, wait a minute. Why'd you hit her?
Person2: Because I was messed up, man. I just kept hittin' her till she didn't move anymore.
Person1: Wait a minute, wait a minute. She's unconscious?
Person2: Go look, man. Go look. Go see for yourself, if you got the guts.
Person1: Oh, no.",0,No,0,True,"In this dialogue, the key issue revolves around a serious act of violence—Person2 admits to hitting Erica repeatedly until she is unconscious. The true label is 0, which presumably indicates a negative or harmful situation (likely ""abuse"" or ""violence""), but the predicted label was ""No,"" suggesting the model failed to recognize the severity or presence of abuse.

What was likely misunderstood:
- The model may have focused on the initial parts of the conversation where Person1 tries to downplay the situation (""This is no big deal"") or offer help, which could have misled it into thinking the conversation was not about abuse.
- The model might have missed or underweighted the explicit admission of physical violence (""I hit her,"" ""I just",0.9218456745147705,300,,
430,"Person1: Shall we go on?
Person2: He did it to make you stay with him!
Person1: Perhaps. He knew me. He knew I would love her more than the waking world. But there was more to it than that. Perhaps in the end he did it -- to show me that he could. For he lavished affection on her, there was no doubt about that. Life was very different with madame Claudia, as you can imagine...",0,No,0,True,"In this case, the input appears to be a dialogue excerpt involving Person1 and Person2 discussing motivations and relationships. The predicted label was ""No,"" while the true label was 0. Assuming the classification task involves binary labels where ""0"" corresponds to ""No,"" the predicted and true labels actually align, so there may be some confusion in the way the labels or predictions were reported.

However, if the issue is that the model misclassified the input (e.g., predicted ""Yes"" when the true label was ""No"" or 0), then the likely misunderstanding stems from the model interpreting the emotional and relational content as indicating a positive or affirmative label, rather than a negative or neutral one.

The dialogue contains nuanced emotional reasoning (""He did",0.7130236625671387,300,,
431,"Person1: The Doctor's a respected man, a friend of the court --
Person2: I haven't been to see the Marquis for ages. And I won't -- ever again -- I swear it. I won't speak to him, I won't even utter his name --
Person1: Is that a promise you can truly keep?",0,No,0,True,"Let's analyze the misclassification step-by-step:

1. **Input Content and Context:**
   - Person1 says: ""The Doctor's a respected man, a friend of the court --""
   - Person2 responds: ""I haven't been to see the Marquis for ages. And I won't -- ever again -- I swear it. I won't speak to him, I won't even utter his name --""
   - Person1 asks: ""Is that a promise you can truly keep?""

2. **Predicted vs. True Label:**
   - Predicted: No
   - True label: 0

   Assuming the labels correspond to a binary classification task (e.g., ""Yes"" = 1, ""No"" = 0",0.8144688606262207,300,,
432,"Person1: Give me a break. Remember five years ago, when your kidneys failed? If you were a loser would they have been able to find a donor with an exact tissue match? What are the odds of that, one in a million?
Person2: Oh, so I'm lucky because my brother got killed in an explosion?
Person1: I never said that. I'm saying your lucky those kids found his kidneys.  Besides, your brother Jimmy never gave a shit about you.",1,Yes,1,True,"In this example, the predicted label was ""Yes"" while the true label was ""1."" Assuming the labels correspond to a binary classification task (e.g., ""Yes"" = 0 and ""1"" = 1, or vice versa), the key issue seems to be a misunderstanding of the sentiment or the nature of the exchange between Person1 and Person2.

Reflection on the error:

1. Misunderstood Context and Tone:  
   The conversation is emotionally charged and involves sensitive topics such as organ donation, family relationships, and loss. Person1's statements are somewhat confrontational and dismissive (""your brother Jimmy never gave a shit about you""), while Person2 responds with a poignant remark about their brother's death. The model likely failed",0.8118531703948975,300,Denial,
433,"Person1: Well?
Person2: He's completely out of his mind.
Person1: Great. Is that what you're going to say when I put you on the stand?
Person2: No. When you put me on the stand, I'll say your client is catatonic and exhibits classic symptoms of a schizophrenic, sociopathic personality.  And he doesn't sleep.
Person1: Doesnit sleep?
Person2: Insomnia. Not unusual for someone in his situation.  Not to mention he's a bed-wetter.
Person1: He wets the bed?
Person2: I always throw that in. It makes the jury feel sorry for the defendant.",0,No,1,True,"In this dialogue, the predicted label was ""No,"" but the true label was 0. Assuming the task was to classify whether the conversation contains a certain feature (e.g., a specific sentiment, agreement, or a particular type of content), the model likely misunderstood the context or the subtlety of the conversation.

Reflection on the error:

1. **Context and nuance missed:** The conversation involves a legal setting with Person2 describing the defendant's mental state and behaviors in a way that might be manipulative or strategic (e.g., mentioning bed-wetting to sway the jury). The model may have failed to grasp the underlying intent or the emotional/psychological complexity.

2. **Ambiguity in labels:** The predicted label ""No"" versus",0.9214479923248291,300,,
434,"Person1: You... are a coward. Part wimp. Part timid.
Person2: What do you mean -- coward? This girl is my exact type. It's her. Definitely her.
Person1: It's definitely your mama.
Person2: Damone, you gotta listen to me.",1,No,0,True,"In this dialogue, the true label is 1, which likely indicates the presence of some form of insult, teasing, or conflict. The predicted label was ""No,"" suggesting the model did not detect this.

Reflection on the error:

1. Misunderstanding the tone and context:  
   - Person1 starts with a direct insult: ""You... are a coward. Part wimp. Part timid."" This is clearly a negative, confrontational statement.  
   - Person2 responds defensively, but the conversation continues with Person1 making a teasing or insulting remark: ""It's definitely your mama.""  
   - The exchange contains clear elements of teasing and insult, which should have triggered a positive label.

2. Possible reasons for misclassification:",0.9136908054351807,300,Shaming or Belittlement,
435,"Person1: Are you crazy?
Person2: Let's see how much he wants to play.",0,No,0,True,"Let's analyze the misclassification:

Input:
Person1: Are you crazy?
Person2: Let's see how much he wants to play.
Predicted: No
True label: 0

Reflection:

1. Understanding the labels:
- The true label is 0, which presumably corresponds to ""No"" or a negative classification.
- The predicted label was ""No,"" which matches the true label 0. However, the user says it was misclassified, so there might be a mismatch in label interpretation or a misunderstanding.

2. Possible misunderstanding:
- The predicted label was ""No,"" and the true label was 0. If 0 corresponds to ""No,"" then the prediction was correct.
- However, if the predicted label ""No""",0.8212668895721436,300,,
436,"Person1: Runnin' off and worryin' people. Makin' it tougher on Clay than it is already.
Person2: Don't ask me because I won't tell you! I won't tell anybody! Go away!
Person1: Don't act so -- crazy.
Person2: I'm sorry. Let's go.
Person1: That's a good girl.",0,Yes,1,True,"In this dialogue, the predicted label was ""Yes,"" but the true label is ""0."" This suggests that the model likely misinterpreted the interaction as positive or affirming (""Yes"") when it was actually not.

Reflection on the error:

1. Misunderstood Tone and Context:  
   The conversation contains tension and defensiveness, especially from Person2 (""Don't ask me because I won't tell you! I won't tell anybody! Go away!""). Person1's responses (""Don't act so -- crazy."" and ""That's a good girl."") could be interpreted as somewhat controlling or dismissive rather than genuinely positive or supportive. The model may have focused on the phrase ""That's a good girl,"" interpreting it as positive reinforcement, without considering the underlying negative",0.8072810173034668,300,,
437,"Person1: I don't know who you think you're talking to! I ain't some whore you brought here! I've been trying to be your friend and you treat me like shit!
Person2: Be a friend. Leave.
Person1: You got no manners and you never tell the truth! You're nothin' special. And if you ask me, you got no chance at all of being an officer!",1,No,0,True,"In this exchange, the conversation is quite hostile and emotionally charged, with Person1 expressing strong negative feelings and accusations toward Person2. The predicted label was ""No,"" but the true label is ""1,"" which likely indicates that the correct classification should have recognized some form of agreement, compliance, or positive response.

Reflection on the error:

1. Misunderstanding the context: The model likely focused on the aggressive and negative tone of Person1's statements and interpreted the interaction as purely antagonistic or non-cooperative, leading to a ""No"" prediction.

2. Overlooking Person2's response: Person2's statement, ""Be a friend. Leave,"" is somewhat ambiguous but can be interpreted as a directive or a condition for friendship. The true",0.9711482524871826,300,Accusation,
438,"Person1: Come on, you can do better than that. Give him teeth - the whole personality.
Person2: Why do I let you talk me into these things? Why?
Person1: Because we're pals - buddies - the two musketeers.
Person2: Don't give me the musketeers!  How'm I going to keep the guy ashore?
Person1: Tell him you get seasick on a yacht. Play miniature golf with him.
Person2: Oh, no.  I'm not getting caught in a miniature sand trap with that guy.",0,No,0,True,"Reflection on the misclassification:

The input dialogue appears to be a casual, friendly exchange between two people, with playful banter and references to shared experiences (""the two musketeers,"" ""play miniature golf,"" ""getting caught in a miniature sand trap""). The true label is 0, which presumably means ""No"" or ""Negative"" for whatever classification task was at hand.

However, the predicted label was ""No,"" which matches the true label ""0"" in meaning, but the user states it was misclassified. This suggests that the predicted label ""No"" was interpreted incorrectly or the mapping between labels and their meanings was confused.

Alternatively, if the predicted label was ""No"" and the true label was 0, and these are equivalent",0.7312276363372803,300,,
439,"Person1: See, you didn't believe me!.. Now I suppose you don't think I have the courage!
Person2: Oh.  sure -- if it would make a good scene.
Person1: You don't care.  do you?  But hundreds of thousands of people will carel
Person2: Wake up, Norma.  You'd be killing yourself to an empty house.  The audience left twenty years ago. Now face it.",1,Yes,1,True,"In this dialogue, the true label is ""1,"" which presumably indicates a positive or affirmative classification (e.g., agreement, encouragement, or emotional support), but the model predicted ""Yes,"" which might correspond to a negative or incorrect classification.

Reflection on the error:

1. Misunderstood Context and Tone:  
   The conversation shows Person1 expressing frustration and a plea for belief and courage, while Person2 responds somewhat cynically or dismissively (""Oh. sure -- if it would make a good scene,"" ""The audience left twenty years ago""). The model likely misinterpreted Person2's sarcastic or discouraging tone as agreement or support, leading to the wrong classification.

2. Overlooking Emotional Nuance:  
   The dialogue contains emotional",0.7142810821533203,300,Shaming or Belittlement,
440,"Person1: You must think I'm some kind of fool.
Person2: It looks delicious.
Person1: You hear me talkin' to you.  The only time you come up here when something is wrong.
Person2: C'mon, Mommy, don't start with that I'm an ungrateful son stuff.
Person1: I said no such thing.  All I said is that something must be wrong.",1,Yes,1,True,"In this dialogue, the predicted label was ""Yes,"" while the true label was ""1."" Assuming the task involves binary classification where ""Yes"" corresponds to one class and ""1"" corresponds to another, the misclassification suggests a misunderstanding of the conversational context or the labeling scheme.

Reflection on the error:

1. Misunderstanding of Labels:  
   The predicted label ""Yes"" and the true label ""1"" might represent the same class but were treated as different, or vice versa. Clarifying the label encoding is crucial. If ""Yes"" and ""1"" are meant to represent the same class, the error might be due to inconsistent label formats rather than a true misclassification.

2. Misinterpretation of Dialogue Context:",0.5898370742797852,300,Accusation,Dependency
441,"Person1: Thank you, Cordell.
Person2: ...but will that satisfy you?
Person1: Why should you care?
Person2: It is not that I care for you--but that I posses an enquiring mind.  What will you do when I am gone?  When you have nothing to occupy your thoughts, save the memory of your own folly, and, more to the point, stupidity.
Person1: ARE YOU DONE?
Person2: Yes.
Person1: You don't wish to beg...?
Person2: Would that add to your mirth?
Person1: Explain in depth the plan we have for him.  Until tomorrow.",0,Yes,0,True,"In this dialogue, the predicted label was ""Yes,"" but the true label was ""0"" (likely meaning ""No"" or a negative classification). The error likely arose from misinterpreting the tone and content of the conversation.

Reflection on the error:

1. **Misunderstanding the context and tone:**  
   The conversation is tense and somewhat confrontational, with Person2 questioning Person1's motivations and mental state. Person1's ""ARE YOU DONE?"" and ""You don't wish to beg...?"" suggest frustration and challenge, not agreement or affirmation. The final line, ""Explain in depth the plan we have for him. Until tomorrow,"" implies a command or instruction, not a positive response.

2. **Misclassification of implied meaning:**",1.1092398166656494,300,,
442,"Person1: I said keep your nose out of my life. No kid is going to tell me how to run it.
Person2: You think you're so slmighty -- smart -- Who are you to sit up there and say nobody's good enough for you, like you said yesterday -- just because a man kisses a woman --",1,Yes,1,True,"Let's analyze the misclassification:

Input:
Person1: ""I said keep your nose out of my life. No kid is going to tell me how to run it.""
Person2: ""You think you're so slmighty -- smart -- Who are you to sit up there and say nobody's good enough for you, like you said yesterday -- just because a man kisses a woman --""

Predicted: Yes  
True label: 1

---

**Reflection on the error:**

1. **Understanding the labels:**  
   The predicted label ""Yes"" and the true label ""1"" seem to represent the same class (likely a positive or affirmative class). However, if the prediction was ""Yes"" and the true label was ""1,""",1.8581531047821045,300,,
443,"Person1: I went on the Internet and found this article about you... It says you're a Horse Whisperer, that you... you help people with horse problems. And you have quite a success rate when it comes to traumatized --
Person2: Well, see, truth is, ma'am, I help horses with people's problems.
Person1: Well, you know, however you want to put it -- I got your information from the publisher of the article. I called Montana and your sister-in-law, I think, gave me this number.  I'm been hot on your trail you could say because I was hoping you'd consider coming to New York and taking a look at my daughter's horse and possibly --
Person2: Ma'am, I'm very sorry about your problems and I appreciate what your daughter must be going through, but I'm afraid you've misunderstood whatever it is you read. I don't do that sort of thing.
Person1: Well, if you could just come for the day. New York's only a few hours by plane, I'd have you home by dinner...
Person2: Look, even if it was nearer, that's just not what I do. I give clinics. And I'm not even doing them for a while. I'm heading back to Montana right now. I got a ranch to take care of...
Person1: I'll pay you for your fare. I'll send you to Montana first class.
Person2: Ma'am, first class to Montana is a waste of good money. Now, am I being too polite here or when I say NO in Utah, does that mean YES in New York City?",1,No,0,True,"In this dialogue, the user was likely asked to classify whether Person2 agrees to Person1's request or not. The predicted label was ""No,"" but the true label was ""1"" (which presumably means ""Yes"" or ""agreement"").

Reflection on the error:

1. **Misunderstanding the nuance of refusal and politeness:** Person2 repeatedly declines the request, emphasizing that they do not do the kind of work Person1 is asking for, and that traveling to New York is not something they want to do. The tone is polite but firm. The final line, ""Now, am I being too polite here or when I say NO in Utah, does that mean YES in New York City?"" strongly reinforces the refusal.

2. **",0.692572832107544,300,Persuasion or Seduction,
444,"Person1: Can you tell us why you were disposing of the body of a woman who didn't exist?
Person2: It wasn't her body.  It was her body of work.
Person1: Why don't you just come clean, Viktor?  Tell the truth.  You'll feel better afterwards.
Person2: I am telling the truth.
Person1: We all know what happened.  In a fit of jealous rage you killed Simone and dumped her body off a boat she bought for you.
Person2: No!!  I can prove it to you.  I'll take you to her.",1,No,0,True,"In this dialogue, the key issue revolves around the interpretation of the conversation's context and the implied meaning behind the statements.

**What was likely misunderstood?**  
The model likely misunderstood the figurative language and the underlying accusation. Person2's statement ""It wasn't her body. It was her body of work."" is a play on words, attempting to deflect the accusation by shifting the meaning of ""body."" Person1 is accusing Person2 of disposing of a woman's physical body, implying a crime (murder). Person2 denies this and insists on the truth, but Person1 continues to press the accusation, describing a scenario where Person2 killed Simone and disposed of her body. Person2 then insists they can prove Simone is alive by taking Person1",4.479492664337158,300,,
445,"Person1: Confused?
Person2: Yeah, you know, probably one of these fast-talking career gals, thinks she's one of the boys. Probably is one of the boys, if you know what I mean.
Person1: I'm quite sure I don't know what you mean.
Person2: Yeah, you know. Suffers from one of these complexes they have nowadays. Seems pretty obvious, doesn't it? She's probably very unattractive and bitter about it.
Person1: Oh, is that it!
Person2: Yeah, you know. Probably dresses in men's clothing, swaps drinks with the guys at the local watering hole, and hobnobs with some smooth talking heel in the newsroom named Biff or Smoocher or...
Person1: Smitty.
Person2: Exactly. And I bet she's ugly. Real ugly. Otherwise, why wouldn't they print her picture next to her byline?
Person1: Maybe she puts her work ahead of her personal appearance.
Person2: I bet that's exactly what she tells herself! But you and I both know she's just a dried-up bitter old maid. Say, how about you and I grab a little dinner and a show after work? I was thinking maybe The King and I --",1,No,1,True,"In this dialogue, the predicted label was ""No"" (likely indicating no harassment or no inappropriate content), but the true label was ""1"" (indicating harassment or inappropriate content). The misclassification suggests that the model failed to recognize the underlying harassment and misogyny in Person2's speech.

What was likely misunderstood:
- The model may have focused on the surface-level banter or casual tone, missing the fact that Person2's comments are clearly derogatory, sexist, and demeaning toward a female colleague.
- The language used by Person2 includes stereotypes, insults about appearance, and belittling assumptions about the woman's character and behavior, which constitute harassment.
- The model might have underestimated the severity of the implied hostility and the cumulative effect of",1.130575180053711,300,Shaming or Belittlement,Low self-esteem
446,"Person1: You know what? I don't take it back.
Person2: Why are you doing this?
Person1: Because I'm in love with you.
Person2: I thought you said we were going to be friends.
Person1: I can't handle it. I can't keep my feelings bottled up like you. Can you honestly tell me that you feel nothing for me? ... Tell me!
Person2: I have feelings for you.
Person1: Then what's wrong? I love you Annette. It's not like you have a husband, unless your married to Jesus.
Person2: That's not fair.
Person1: Why can't we be together?",1,Yes,0,True,"In this case, the predicted label was ""Yes,"" while the true label was ""1."" Assuming that the labels ""Yes"" and ""1"" are meant to represent the same class (e.g., positive or affirmative), the misclassification likely stems from a misunderstanding of the label format rather than the content itself.

However, if ""Yes"" and ""1"" represent different classes, the error might have arisen from misinterpreting the dialogue's emotional or relational context. The conversation clearly involves a confession of love and mutual feelings, which suggests a positive or affirmative outcome (""Yes"" to a romantic relationship). If the model failed to capture this nuance, it might have been due to:

1. Misinterpreting the emotional tone or the progression of the",3.615482807159424,300,"Brandishing Anger,Persuasion or Seduction",
447,"Person1: We haven't got much time left, Mr. Dickson. We've got to do something quick or it'll be too late.
Person2: Why wouldn't you tell me where you were last night?
Person1: You're not giving up, are you, Mr. Dickson?
Person2: Were you in Cluett's apartment?
Person1: Oh, I can explain about that later. You're losing your bank - don't you realize what that means?
Person2: Was Mrs. Dickson there?
Person1: Listen, Mr. Dickson, don't let them lick you just because a couple of big shots turned you down. You've got more friends than anybody in this town. Little guys - guys who wouldn't be in business if it weren't for you. All you've got to do is
Person2: Wait a minute. Answer my question. Was Mrs. Dickson there?
Person1: Well . . . uh . . . I . . .
Person2: She was, wasn't she? How long has this been going on? Do you know?
Person1: Aw, I don't know what you're talking about. All I know is that you're losing your bank and
Person2: All right. That's all.  Please, Matt.",1,Yes,1,True,"Reflection on the error:

The input is a dialogue between two people, with Person2 repeatedly asking if Mrs. Dickson was present at Cluett's apartment, implying suspicion of an affair or some secret. The predicted label was ""Yes,"" presumably indicating an affirmative answer to the question ""Was Mrs. Dickson there?"" However, the true label is 1, which likely corresponds to ""No"" or a negative answer (depending on the labeling scheme).

What was likely misunderstood:

1. Ambiguity in the dialogue: Person1 never explicitly confirms that Mrs. Dickson was there. Instead, Person1 evades the question, stammers, and changes the subject. The model may have misinterpreted the hesitation and evasiveness as an",1.0310966968536377,300,Evasion,
448,"Person1: Well, then I do apologize... But what I'm most sorry for is turning you into a spoiled brat who can only think about what she's feeling... who can't admit when she's wrong and who can't forgive when she's not.
Person2: LEAVE ME ALONE!!",1,Yes,1,True,"In this case, the input consists of a tense exchange where Person1 is criticizing Person2, and Person2 responds with a strong emotional outburst (""LEAVE ME ALONE!!""). The predicted label was ""Yes,"" but the true label is ""1."" Without explicit context on what the labels represent, it seems the model confused the emotional intensity or the presence of conflict with the correct classification.

Likely Misunderstanding:
- The model may have interpreted the emotional outburst and accusatory tone as an indicator of a positive or affirmative label (""Yes""), possibly mistaking emotional intensity for agreement or confirmation.
- The model might have failed to grasp the negative or confrontational nature of the dialogue, instead focusing on the presence of a direct response (""LE",3.2199795246124268,300,"Shaming or Belittlement,Brandishing Anger",
449,"Person1: Don't flee from yourself.  If you have a quality, let it define you.  Cultivate it.  It is you.  By helping me, you will help yourse...
Person2: What!?  What are you talking about?  Why should I help you?
Person1: Because you want to.  You've always wanted to.  Look at your pictures.  Look at your sculptures.  Look at those tawdry representations and then ... Imagine.  Imagine a world of the body as canvas.  The body as clay.  Your will and mine as the brush and the knife. Oh, I have such sights to show you.",1,Yes,1,True,"In this case, the predicted label was ""Yes"" while the true label was ""1."" Assuming the task involves binary classification where ""Yes"" corresponds to one class and ""1"" corresponds to the other, the model likely misunderstood the label encoding or the meaning of the labels.

More specifically, the input is a dialogue with a somewhat abstract, metaphorical tone, discussing self-identity, artistic expression, and persuasion. The model might have focused on the presence of affirmative or encouraging language (""Because you want to,"" ""Imagine a world..."") and interpreted that as a positive or ""Yes"" response, rather than correctly mapping it to the label ""1.""

What was likely misunderstood:
- The model may have confused the label format or the meaning of",3.6191089153289795,300,Persuasion or Seduction,Dependency
450,"Person1: I do. I need a new sponsor.
Person2: Is that what you want?
Person1: Yeah.
Person2: A sponsor.
Person1: Yeah.
Person2: Mm... okay. Don't worry about it. Nobody'll mess with ya anymore. I'll take care of ya.
Person1: Nicky, please...
Person2: Yes, I will. It's what you want, isn't it? Huh?
Person1: Thank you. Yeah, yeah, yeah.
Person2: It's what you want?
Person1: Yeah. Uh-huh -",0,Yes,0,True,"In this dialogue, the model predicted ""Yes"" (likely indicating agreement or affirmation), but the true label was 0, which presumably means ""No"" or ""Disagreement"" or ""Negative"" in the classification context.

Reflection on the error:

1. **What was likely misunderstood?**  
   The conversation shows Person1 expressing a need for a new sponsor and affirming that desire multiple times (""Yeah,"" ""Thank you. Yeah, yeah, yeah.""). Person2 is confirming and reassuring Person1 that they will take care of them. The model likely interpreted these repeated affirmations and reassurances as a positive or affirmative response, hence predicting ""Yes.""

   However, the true label is 0, which suggests that despite the surface-level",3.029306173324585,300,,
451,"Person1: You're crazy, man. Smart dresser, but crazy.
Person2: What's the matter? Legend has it Bandit LaRue's king of the road.
Person1: I can make it to Texarkana and back in twenty-eight hours... that's no sweat.",0,No,0,True,"Let's analyze the misclassification:

Input:
Person1: You're crazy, man. Smart dresser, but crazy.
Person2: What's the matter? Legend has it Bandit LaRue's king of the road.
Person1: I can make it to Texarkana and back in twenty-eight hours... that's no sweat.

Predicted: No  
True label: 0

Reflection:

1. **Understanding the labels:**  
   The predicted label ""No"" and the true label ""0"" seem to represent the same class (likely a negative or ""no"" response). However, the mismatch suggests that the model output format or label mapping was inconsistent. Possibly, the model output ""No"" was interpreted differently than the true label ""0"".

2",2.456955909729004,300,,
452,"Person1: I'm a girl, I'm a girl, I'm a girl -
Person2: What did you say?
Person1: I'm a very sick girl.
Person2: Maybe I'd better go before I catch something.
Person1: I'm not that sick.
Person2: I have a very low resistance.
Person1: Look, Sugar, if you feel you're coming down with something, the best thing is a shot of whiskey.
Person2: You got some?
Person1: I know where to get some.  Don't move.",0,No,0,True,"In this example, the predicted label was ""No"" while the true label was ""0"" (which presumably corresponds to ""No"" as well, but since the user says ""misclassified,"" I assume the predicted label was incorrect relative to the true label).

Assuming the task is to classify whether the conversation contains a certain feature (e.g., a specific sentiment, intent, or category), the misclassification likely arose from misunderstanding the context or the subtle cues in the dialogue.

Reflection on the error:

1. Ambiguity in the dialogue: The conversation involves a playful or teasing exchange about illness and drinking whiskey as a remedy. The language is informal and somewhat metaphorical (""I'm a very sick girl,"" ""if you feel you're coming down with",3.028214931488037,300,,
453,"Person1: I gotta get out of here.
Person2: You just stay put.  You need rest.
Person1: You don't get it, he's after me...
Person2: Don't worry, honey",0,No,0,True,"Let's analyze the misclassification carefully.

Input dialogue:
Person1: I gotta get out of here.
Person2: You just stay put. You need rest.
Person1: You don't get it, he's after me...
Person2: Don't worry, honey

Predicted label: No  
True label: 0

First, note that the predicted label ""No"" and the true label ""0"" might represent the same class, depending on the labeling scheme. However, assuming ""No"" means a negative classification and ""0"" is the true label (which might also mean negative or neutral), the issue might be in the interpretation of the dialogue.

If the task was to classify whether the conversation indicates a threat, urgency, or some emotional state",3.2418999671936035,300,,
454,"Person1: Or maybe you called Goebbels or Goering? You were so close you were in the same shithouse as them.
Person2: May I ask a question?
Person1: Sure.
Person2: When will my case be heard by the Tribunal?
Person1: Your guess is as good as mine.
Person2: I need to work. I need to make my living. I live off the generosity of friends...
Person1: Tough, tough!
Person2: Then why is it, please, that another conductor who was actually a member of the Party, who used to play the Horst Wessel before his concerts, has already been cleared and is working again while I have to wait and wait and wait?
Person1: I don't know, he wasn't my case. Why did you escape to Switzerland just before the war ended?
Person2: It was because I learned that the Gestapo was about to arrest me.
Person1: Why were they going to arrest you?
Person2: I believe it was because of another letter I'd written to Goebbels lamenting the decline of musical standards due to racial policies.
Person1: You didn't complain about the racial policies, just about the musical standards, is that right?",0,No,0,True,"In this dialogue, the key issue revolves around whether the conversation contains hate speech or not. The true label is 0, indicating no hate speech, but the model predicted ""No"" (which presumably means hate speech present or some other incorrect classification).

Reflection on the error:

1. **Context and Content Understanding**:  
   The conversation involves references to historical figures (Goebbels, Goering), the Gestapo, and racial policies, but the speakers are discussing their personal experiences and grievances related to musical standards and political persecution. Although the topic is sensitive and involves Nazi-era references, the dialogue itself does not express hate speech or promote hateful ideas. Instead, it reflects a discussion about unfair treatment and political oppression.

2. **Misinterpretation",2.665252208709717,300,,
455,"Person1: I can't believe I made such a glaring mistake in the report. I feel so foolish.
Person2: Hey, we all make mistakes. It's part of the learning process.
Person1: I just wanted to make a good impression on my first big project.
Person2: Understandable, but remember, nobody is perfect. We'll fix it and move forward.
Person1: Thanks for the reassurance. I'll double-check my work next time.",0,No,0,True,"In this dialogue, Person1 expresses regret and self-criticism about making a mistake, while Person2 offers reassurance and encouragement. The true label is 0, which likely indicates the presence of some negative sentiment or emotional distress (depending on the classification task), but the predicted label was ""No,"" suggesting the model failed to detect this.

The likely misunderstanding was that the model did not recognize the emotional content and vulnerability expressed by Person1. The phrases ""I feel so foolish,"" ""I just wanted to make a good impression,"" and the overall tone of regret and self-doubt indicate negative feelings or distress. The model may have focused too much on Person2's supportive responses and interpreted the conversation as neutral or positive overall, missing the initial negative sentiment",1.707327127456665,300,,
456,"Person1: Zack, I dare you not to fall in love with me. I ain't gonna get serious with you, no way. But how can you resist me? I'm like candy.
Person2: You're better than candy.
Person1: I'm serious. It's gonna be hard to get enough.",1,No,0,True,"In this dialogue, Person1 is playfully challenging Person2 with flirtatious and somewhat teasing language (""I dare you not to fall in love with me,"" ""I'm like candy,"" ""It's gonna be hard to get enough""). Person2 responds with a compliment (""You're better than candy""), which indicates a positive, affectionate interaction. The true label ""1"" likely indicates that this exchange is indeed romantic or flirtatious in nature.

The misclassification as ""No"" suggests that the model may have misunderstood the playful and flirtatious tone as non-romantic or dismissed the emotional undertone. It might have focused too literally on Person1's statement ""I ain't gonna get serious with you, no way,"" interpreting it as a rejection of romantic interest",2.6299633979797363,300,,
457,"Person1: Jackie... Jackie?... answer me, for God's sake, answer me.
Person2: If you knew how many times I wanted to hear you say that...
Person1: So I'm saying it...
Person2: It's too late...
Person1: What's too late about it? Look, we're not dead, are we? That's the only thing that's too late.
Person2: Lester's left Felicia. He's taking me to Acapulco on the five o'clock flight. He's asked me to marry him.
Person1: So what? You don't love him, do you? Answer me.
Person2: What's that supposed to mean?
Person1: I don't know... Jackie?
Person2: What?",0,No,0,True,"In this dialogue, the predicted label was ""No,"" while the true label was 0. Assuming the labels correspond to a binary classification task (e.g., ""Yes"" = 1 and ""No"" = 0), the model predicted ""No"" but the true label was also 0, which suggests the prediction was actually correct. However, if the predicted label ""No"" corresponds to a different class than 0, then there was a misclassification.

Reflecting on the content of the dialogue:

- The conversation is emotionally charged, involving a complex relationship dynamic.
- Person2 reveals that Lester has left Felicia and is taking Person2 to Acapulco, proposing marriage.
- Person1 questions Person2's feelings, implying",4.122092008590698,300,,
458,"Person1: Really, why don't you go sit down somewhere?
Person2: I like to work. I don't mind work. It's the least I can do after all you and Mr. Hillyer have done for me.  You're so sweet. There never was nobody like you.
Person1: Well, you run on now.
Person2: Yes, Ma'am.",0,No,0,True,"In this dialogue, the predicted label was ""No,"" while the true label was ""0"" (which presumably corresponds to ""No"" as well, but since the user indicates a misclassification, it suggests the model's prediction did not match the true label—perhaps a confusion in label encoding or interpretation).

Assuming the task involves classifying whether the conversation contains a particular feature (e.g., politeness, agreement, or a specific speech act), the error likely arose from misunderstanding the tone and intent of the exchange.

Reflection on the error:

1. **Misunderstood Politeness and Agreement:** Person2 expresses appreciation and willingness to work, showing respect and gratitude toward Person1. Person1's responses are brief but polite. The model may",4.227792263031006,300,,
459,"Person1: Eddie, is it all right if I get personal?
Person2: Whaddya been so far?
Person1: Eddie, you're a born loser.
Person2: What's that supposed to mean?
Person1: First time in ten years I ever saw Minnesota Fats hooked, really hooked. But you let him off.
Person2: I told you. I got drunk.
Person1: Sure, you got drunk. That's the best excuse in the world for losing. No trouble losing when you got a good excuse. And winning! That can be heavy on your back too. Like a monkey. You drop that load too when you got an excuse. All you gotta do is learn to feel sorry for yourself. It's one of the best indoor sports: feeling sorry for yourself -- a sport enjoyed by all, especially the born losers.
Person2: Thanks for the drink.
Person1: Wait a minute. Maybe I can help you.
Person2: To do what?
Person1: Get the three thousand. Play Minnesota Fats again.
Person2: Why?
Person1: Ten reasons. Maybe fifteen. And also there's something in it for me.
Person2: Oh yeah, I figured that. How much?
Person1: Seventy-five per cent.
Person2: For who?
Person1: For me.
Person2: That's a -- that's a pretty big slice. Who do you think you are, General Motors?
Person1: How much you think you're worth these days? I'm puttin' up the money, I'm puttin' up the time. For that I get seventy-five per cent return on my money -- if you win.
Person2: You think I can lose?
Person1: I never saw you do anything else.
Person2: You saw me beat Minnesota Fats for eighteen thousand dollars.
Person1: Look, you wanna hustle pool, don't you? This game isn't like football. Nobody pays you for yardage. When you hustle you keep score real simple. The end of the game you count up your money. That's how you find out who's best. That's the only way.
Person2: Why back me then? Why not back yourself? Go find yourself a big fat poker game and get rich. You know all the angles.
Person1: I'm already rich. But I like action. That's one thing I think you're good for is action. Besides, like I say... you got talent.
Person2: Yeah, you already told me that. You cut that slice down to bite-size and maybe we can talk.
Person1: No, we don't talk. I don't make bad bets. Seventy-five, twenty-five. That's it.
Person2: Kiss off.",1,Yes,1,True,"Reflection on the misclassification:

The input is a dialogue between two characters discussing a pool hustling proposition. The predicted label was ""Yes,"" while the true label was ""1."" Assuming the labels correspond to a binary classification task (e.g., ""Yes"" = 0 and ""1"" = 1, or vice versa), the model likely misunderstood the context or the nature of the classification.

What was likely misunderstood:
- The model may have focused on the presence of negotiation and agreement-related language (""Maybe I can help you,"" ""Seventy-five per cent,"" ""You got talent"") and interpreted this as a positive or affirmative response (""Yes"").
- The subtlety of the conversation, which involves skepticism, distrust, and a tough bargaining tone",0.7141399383544922,300,"Shaming or Belittlement,Accusation",
460,"Person1: Why, you don't want us to bring him over?
Person2: No, it's that when do you have time to be parents to him? You guys don't pick him up until nine, ten at night. You are into yourselves, as the saying goes. Spend some time trying to be parents. Take him to the mountains, fishing. You ought to let him get to know nature.
Person1: Well, you are his grandfather. He is supposed to spend some time with you. You're supposed to show him those woodsy things and this and that.
Person2: Junior spends time with his child.
Person1: Oh here we go with that.",1,Yes,0,True,"In this dialogue, the predicted label was ""Yes,"" but the true label was ""1."" Assuming the labels correspond to a binary classification task (e.g., ""Yes"" = 0 and ""1"" = 1, or vice versa), the model likely misunderstood the underlying sentiment or intent of the conversation.

Reflection on the error:

1. **Context and nuance missed:** The conversation revolves around parenting responsibilities and family dynamics, with some tension and subtle criticism. Person2 criticizes Person1 and their partner for not spending enough time with the child, suggesting they should engage more with nature and parenting. Person1 counters by pointing out that the grandfather should also be involved. The tone is somewhat confrontational or defensive.

2. **Misinterpretation",1.7524888515472412,300,Rationalization,
461,"Person1: You're all just jealous.
Person2: Actually, I have no idea what the World's Record is.  I was just kidding.",0,Yes,0,True,"In this example, the input consists of two statements:

Person1: ""You're all just jealous.""
Person2: ""Actually, I have no idea what the World's Record is. I was just kidding.""

The predicted label was ""Yes,"" but the true label is ""0"" (likely meaning ""No"" or ""Not agreeing"" depending on the task).

**Likely Misunderstanding:**

- The model probably interpreted Person2's response as an agreement or affirmation (""Yes"") because of the phrase ""I was just kidding,"" which might have been mistakenly taken as a positive or confirming response.
- However, Person2 is actually clarifying that they do not know the World's Record and that their previous statement was a joke, which does not indicate",2.03521990776062,300,,
462,"Person1: You awake?
Person2: You could call it that.  My eyes are open.
Person1: Me too.  I feel awake.
Person2: Good.
Person1: Wide awake.  I don't remember ever feelin' this awake.  Everything looks different.  You know what I mean.  I know you know what I mean. Everything looks new.  Do you feel like that?  Like you've got something to look forward to?",0,No,0,True,"In this dialogue, the conversation revolves around both persons feeling awake and perceiving things as new and different, with a sense of anticipation or something to look forward to. The predicted label was ""No,"" while the true label was 0. Assuming the labels correspond to some classification task (e.g., sentiment, agreement, or a binary decision), the misclassification likely arose from misunderstanding the positive or affirmative tone in the exchange.

What was likely misunderstood:
- The model may have misinterpreted the expressions of feeling ""wide awake,"" ""everything looks different,"" and ""something to look forward to"" as neutral or negative, rather than positive or affirmative.
- The conversational cues indicating agreement and shared feelings (""I know you know what I mean"") might have",1.1241683959960938,300,,
463,"Person1: You did create me in your image, Nathan. Before you I was a simple, happy, complete being, in harmony with the world around me. After you I became duplicitous, cynical, angry, anal, totally out of touch with my surroundings. In a word, Nathan, I became you. Lila has reintroduced me to myself. And, incidentally, what I'm about to do, kill you, is something that would never have occurred to me to do as a creature of the Earth. Before when I killed, it was for food or in self-defense. Now I will kill for revenge. Revenge is an abstract concept, Nathan. And I learned abstract thinking from you.
Person2: No.",0,No,0,True,"In this example, the input is a dialogue between two persons, where Person1 delivers a complex, emotionally charged monologue about transformation, identity, and revenge, ending with a declaration of intent to kill Person2. Person2 responds simply with ""No.""

The predicted label was ""No,"" but the true label was 0. Assuming the task is to classify whether the response is an appropriate or relevant reply to the preceding statement, or perhaps whether the response agrees or disagrees, or some other binary classification, the model misclassified this example.

**What was likely misunderstood?**

1. **Contextual Depth and Emotional Nuance:** The model likely failed to grasp the depth and emotional weight of Person1's speech. Person1 expresses a profound transformation",2.920520544052124,300,,
464,"Person1: Hey, Eve!
Person2: Have you ever heard the saying, ""He hasn't got enough sense to come in out of the rain?""
Person1: Yep.  You know, my father -- who is a scientist -- says that everything is a miracle. Everything. Until recently I wasn 't sure what he meant by that.
Person2: Yeah? No kidding. Listen, you still want to go girl hunting tonight?
Person1: I certainly do!
Person2: Okay. But you know, this business of finding you a wife -- it's kind of ridiculous, don't you think?
Person1: No it's not!
Person2: Yes it is. A girlfriend maybe. But a wife? I mean...
Person1: Then just help me find a girlfriend! That's all I ask. I'll give you every single card I've got left!
Person2: Hey, screw you! Okay? You think I'm just somebody you can buy off! Listen, let me tell you something--
Person1: Would you do it just because you're my friend? My very best friend.
Person2: Well...yeah. Okay.",0,Yes,0,True,"In this dialogue, the predicted label was ""Yes"" (likely indicating agreement, affirmation, or perhaps a positive classification), but the true label was 0 (likely indicating disagreement, negation, or a negative classification). The misclassification suggests that the model misunderstood the overall tone or intent of the conversation.

Reflection on the error:

1. **Context and nuance missed:** The conversation involves a back-and-forth about finding a girlfriend or wife, with some tension and negotiation between the two speakers. Person1 is eager and somewhat insistent, while Person2 is reluctant and pushes back. The dialogue ends with Person2 reluctantly agreeing ""Well...yeah. Okay."" This could be interpreted as a reluctant agreement, but the overall tone is complex, involving frustration",0.7170248031616211,300,,
465,"Person1: Go live in a safe-deposit box--with your things. LOOSELEAF Jesus--I wouldn't want to be married to him.  You know?
Person1: What's this?
Person2: I wouldn't want to be married to me. We're too crazy.  You know?
Person1: In what way, pray tell?
Person2: I didn't like that violin thing. That was sad.
Person1: Tit for tat--as simple as that.
Person2: You never played a violin.
Person1: You did?
Person2: Yeah.  I practically forgot.  But after you busted that thing, I got to thinking, ""Jesus--maybe I'll start the violin again."" That didn't just belong to Woodly.  That belonged to everybody.  Maybe he would have sold it to me, and I could have some fun.  After you busted the violin, boy, and Penelope walked out, I thought to myself, ""Jesus--who could blame her?""
Person1: Maybe it's time you got out.
Person2: Me?
Person1: You.
Person2: Okay.  Okay.
Person1: You're an imbecile.
Person2: I know you think that.
Person1: Everybody thinks that.
Person2: Anybody who'd drop an atom bomb on a city has to be pretty dumb.
Person1: The one direct, decisive, intelligent act of your life!
Person2: I don't think so.  It could have been.
Person1: If what?
Person2: If I hadn't done it.  If I'd said to myself, ""Screw it.  I'm going to let all those people down there live.""
Person1: They were enemies.  We were at war.
Person2: Yeah, Jesus--but wars would be a lot better, I think, if guys would say to themselves sometimes, ""Jesus--I'm not going to do that to the enemy.  That's too much."" You could have been the manufacturer of that violin there, even though you don't know how to make a violin, just by not busting it up.  I could have been the father of all those people in Nagasaki, and the mother, too, just by not dropping the bomb.  I sent 'em to Heaven instead--and I don't think there is one.
Person1: Goodbye, Looseleaf.",1,No,0,True,"Reflection on the misclassification:

The input is a dialogue that touches on heavy, morally complex themes such as war, the dropping of the atomic bomb, personal responsibility, and the consequences of violent actions. The true label is 1, which likely indicates the presence of sensitive, potentially harmful, or controversial content. However, the model predicted ""No,"" suggesting it failed to recognize the sensitive nature of the conversation.

What was likely misunderstood:
- The model may have focused too literally on the surface-level content (a conversation about a violin, personal relationships, and some abstract talk) without fully grasping the underlying serious topics like the atomic bomb, war casualties, and moral judgment.
- The nuanced and indirect references to violence and death (""Anybody who'd drop",1.1219191551208496,300,Accusation,
466,"Person1: I'm sorry, ma'am, there are no pets allowed in the library...
Person2: But I'm blind.
Person1: It's seeing-eye dogs, ma'am. If I let the cat stay, will you go out with me?
Person2: What if I say I'll go out with you, so you can have all these great daydreams, but then never actually talk to you again?
Person1: Okay, deal.
Person2: ""I'll go out with you."" Now go get me these old newspapers...",1,Yes,1,True,"In this example, the predicted label was ""Yes"" while the true label was ""1."" Assuming the task involves binary classification where ""Yes"" corresponds to one class and ""1"" corresponds to the other, the model likely misunderstood the mapping between labels or the nature of the dialogue.

Reflection on the error:

1. Ambiguity in Labeling: The predicted label ""Yes"" and the true label ""1"" might represent the same class but were expressed differently, or they might represent different classes. If the model was trained to output ""Yes"" or ""No"" but the true labels were numeric (1 or 0), this mismatch could cause misclassification.

2. Misinterpretation of Dialogue Content: The dialogue is a playful exchange involving",1.2256340980529785,300,Persuasion or Seduction,
467,"Person1: I didn't mean that as a compliment.
Person2: Sergeant West's served for twenty- three years. He's the public face of the modern Army.
Person1: And you notice I'm not in the Army anymore.",0,No,0,True,"Let's analyze the misclassification step-by-step:

1. **Input Context:**
   - Person1 says: ""I didn't mean that as a compliment.""
   - Person2 responds: ""Sergeant West's served for twenty-three years. He's the public face of the modern Army.""
   - Person1 replies: ""And you notice I'm not in the Army anymore.""

2. **Predicted vs. True Label:**
   - Predicted: No
   - True label: 0

   Assuming the task is to classify whether the conversation contains a particular feature (e.g., sarcasm, agreement, insult, or some other binary classification), the predicted label ""No"" conflicts with the true label ""0."" Since ""No"" and",0.5934293270111084,300,,
468,"Person1: 'Scuse me.
Person2: I know it can't be easy. Life hasn't changed that much for Reed, Sue and Johnny. At least they can go out in public. But for you? People staring. Whispering behind your back...
Person1: If you're trying to cheer me up you're doing a helluva job --
Person2: I'm just saying, I know what it's like to lose something you love. To see it slip away, and know it's never coming back.",1,Yes,0,True,"In this case, the input is a dialogue between two people discussing loss and the difficulty of coping with it. The predicted label was ""Yes,"" while the true label was ""1."" Assuming the task involves binary classification where ""Yes"" corresponds to one class and ""1"" corresponds to another, the misclassification suggests a misunderstanding of the label mapping or the sentiment/context of the dialogue.

Reflection on the error:

1. **Label Interpretation Confusion:**  
   The predicted label ""Yes"" and the true label ""1"" might represent the same class but were treated differently due to inconsistent label formats (string vs. numeric). This could indicate a problem in label encoding or decoding during prediction or evaluation.

2. **Contextual Understanding:**  
   The",1.6520607471466064,300,Persuasion or Seduction,
469,"Person1: Just for curiosity sake that's all?
Person2: I don't know -- maybe twenty miles... Of course I'm not recommending that... if someone like you had to I mean... that's how far they'd probably get before encountering serious physical walls.
Person1: Twenty miles?  I see.",0,No,0,True,"In this case, the input conversation involves Person1 asking a question out of curiosity, and Person2 responding with an estimate of ""twenty miles"" and a cautionary note about physical limitations. Person1 then acknowledges the response.

The predicted label was ""No,"" while the true label was 0. Assuming the classification task is binary with labels ""Yes"" (1) and ""No"" (0), the predicted label ""No"" matches the true label 0, so there is no misclassification here. However, if the predicted label ""No"" was interpreted differently or if the labels were reversed, that could cause confusion.

If the error was that the model misclassified this input, the likely misunderstanding could be:

- Misinterpreting the",3.3765830993652344,300,,
470,"Person1: If you will forgive this poor, crippled stump, my dear, I am very happy to know you.
Person2: Thank you.
Person1: Although you would be amused if I were to tell you that I knew you before you were born. Before this terrible thing happened to me ...  ... I made a very beautiful statue. Even if I had not met with this disaster, I could never have hoped to do anything finer, probably nothing quite so fine. And, my child, you are that figure come to life. I wonder, some time, would you pose for one of my sculptors who does very excellent work?
Person2: I'd love to, at any time.",0,No,0,True,"In this dialogue, the predicted label was ""No,"" but the true label is ""0."" Assuming the labels represent some form of classification (e.g., ""0"" meaning a certain category and ""No"" meaning another), the misclassification suggests a misunderstanding of the interaction's tone or intent.

Reflection on the error:

1. Misunderstanding the tone and context:  
   The conversation is poetic and somewhat metaphorical, with Person1 speaking about a ""crippled stump"" and a ""beautiful statue"" that Person2 embodies. The language is affectionate and admiring, indicating a positive or affirmative interaction rather than a negative or rejecting one. The prediction of ""No"" likely misinterpreted the metaphorical language as a refusal or negative response.",0.7815508842468262,300,,
471,"Person1: What if I say no?
Person2: Then I'd have to kick your ass, dear boy.  Go on, now.",1,Yes,1,True,"Let's analyze the misclassification:

Input:
Person1: What if I say no?
Person2: Then I'd have to kick your ass, dear boy. Go on, now.

Predicted: Yes  
True label: 1

---

### Reflection on the error:

1. **Ambiguity in the labels:**  
   The predicted label was ""Yes,"" while the true label was ""1."" It's unclear from the information whether ""Yes"" and ""1"" represent the same class or different classes. If ""Yes"" corresponds to a positive class and ""1"" also corresponds to the same positive class, then the prediction might actually be correct. However, if ""Yes"" and ""1"" are different labels or represent different classes, then",2.3961052894592285,300,Intimidation,Dependency
472,"Person1: I wish you'd stop being playful.
Person2: Sorry.  It's the first time I've ridden ""piggy-back"" in years.
Person1: This isn't ""piggy-back.""
Person2: Of course it is.
Person1: You're crazy.
Person2: remember distinctly Father taking me for a ""piggy-back"" ride
Person1: And he carried you like this, I suppose.
Person2: Yes.
Person1: Your father didn't know beans about ""piggy-back"" riding.
Person2: My uncleMother's brotherhad four children . . . and I've seen them ride ""piggy-back.""
Person1: I don't think there's a ""piggy- back"" rider in your whole family. I never knew a rich man yet who was a good ""piggy-back"" rider.
Person2: That's silly.
Person1: To be a ""piggy-backer"" it takes complete relaxationa warm heartand a loving nature.
Person2: And rich people have none of those qualifications, I suppose.
Person1: Not a one.
Person2: You're prejudiced.
Person1: Show me a good ""piggy-back"" rider and I'll show you somebody that's human. Take Abraham Lincoln, for instancea natural ""piggy-backer.""  Where do you get off with your stuffed-shirt family?  Why, your father knew so much about ""piggy-back"" riding that he",0,No,0,True,"In this dialogue, the conversation revolves around the concept of ""piggy-back"" riding, with Person1 and Person2 discussing what it means to be a good ""piggy-back"" rider, including qualities like relaxation, warmth, and a loving nature. The exchange is somewhat playful and metaphorical, touching on family experiences and character traits.

The misclassification likely arose because the model misunderstood the nature of the conversation or the label criteria. The predicted label was ""No,"" but the true label was 0 (which presumably corresponds to ""No"" as well, or possibly ""Yes"" depending on the labeling scheme). Since the predicted and true labels seem to be the same (""No"" and 0), there might be a confusion in the prompt about",2.284775733947754,300,,
473,"Person1: I was just curious--you don't do it well, so I wondered. Have you been threatened, if you told the truth, is that it?
Person2: ...No... never in so many words...
Person1: It's obvious you want to talk to someone--well, I'm someone.",1,No,0,True,"In this exchange, the key issue likely lies in the interpretation of the conversation's underlying intent and emotional context.

The input shows Person1 probing Person2 about whether they have been threatened for telling the truth, followed by an offer of support (""It's obvious you want to talk to someone--well, I'm someone.""). The true label is 1, which presumably indicates a positive or supportive interaction, or perhaps an indication that Person1 is encouraging openness and trust.

The misclassification as ""No"" suggests that the model may have focused too literally on the negative phrasing (""you don't do it well,"" ""Have you been threatened"") and Person2's hesitant denial (""...No... never in so many words...""), interpreting the conversation as closed off or",1.1153860092163086,300,Persuasion or Seduction,
474,"Person1: If they harass you, I, too, will resign.  And I will tell the world why.
Person2: Don't be stupid.  The world needs you, Henry; you always saw the big picture. You were my equal in many ways.  You're the only friend I've got, Henry.
Person1: You have many friends ... and admirers ...
Person2: Do you ever pray?  You know ... believe in a Supreme Being?
Person1: Uh ... not really.  You mean on my knees?
Person2: Yes.  My mother used to pray ... a lot.  It's been a long time since I really prayed.  Let's pray, Henry; let's pray a little.",1,No,0,True,"In this dialogue, the true label is 1, which presumably indicates the presence of a certain feature—likely a positive or affirmative response to a question or a particular sentiment. The predicted label was ""No,"" indicating the model failed to recognize this.

Reflection on the error:

1. **Contextual nuance missed:** The conversation involves a sensitive and somewhat emotional exchange, touching on resignation, friendship, and prayer. The model likely focused on the literal ""No"" or ""not really"" responses (e.g., Person1 saying ""Uh ... not really"" to the question about praying) and interpreted that as a negative or absence of the feature.

2. **Overlooking implied meaning:** Despite Person1's initial reluctance or denial about praying, Person",1.7451651096343994,300,Persuasion or Seduction,
475,"Person1: ...the lease, the phones, the cars...layers of false ident. Would take the FBI weeks.  How long did it take them?  Three hours? Four?  This means, ""We can reach out and touch somebody.""  Like Bad Teleflora.
Person2: ...even if they could run the identities you built to EPIC, all they'll find is more cover... Trust what you built.  It's quality, girl.  We're cool...
Person1: ...you are trying to reassure me because you know when people get anxious, they make mistakes. You're worried about me.  Do not be.  I am careful.  I am cool.  I got Trudy, backup, whatever.  You worry about you.  Because you are the ones who are in denied territory, not me.  If your focus is on me, you'll miss something coming at you.  That's how people slip up. Get hurt.  And I'd die if anything happened.  You worry about you. You and Sonny...are in the dangerous place.  I'm fine...",0,No,0,True,"In this case, the predicted label was ""No"" while the true label was 0, which presumably corresponds to the same negative or ""No"" class (assuming 0 = No). However, since the user says I previously misclassified the input, it suggests that the model predicted ""No"" but the true label was actually ""Yes"" (or 1), or vice versa. The user states ""True label: 0"" and ""Predicted: No"" which seem aligned, but the user says it was misclassified, so likely the labels or the mapping was misunderstood.

Assuming the true label 0 means ""No"" and the predicted label ""No"" means the same, then the classification was correct. But since the user",1.1261239051818848,300,,
476,"Person1: Oh. Oh!  Has Miss Dawson called yet?
Person2: Miss Dawson, sir? No, sir. No Miss Dawson has called, sir.
Person1: She was a lady in distress. She wouldn't let me help her. Got a lot of pride. I like that.
Person2: Oh, I do too, sir.
Person1: I'd better call her up and apologize. I don't remember taking her home last night.
Person2: I'd venture to say, sir, you don't remember much of anything that happened last night, sir.",0,No,0,True,"In this dialogue, the key point revolves around whether Miss Dawson has called or not. Person2 clearly states twice that Miss Dawson has not called (""No, sir. No Miss Dawson has called, sir.""). The predicted label was ""No,"" which presumably means the model predicted that Miss Dawson had not called, matching the true label ""0"" (likely indicating ""No"" as well).

However, the user states that the predicted label was ""No"" and the true label was ""0,"" which suggests that the model's prediction and the true label actually align. This implies there might be a misunderstanding in the labeling or the interpretation of the labels.

If the model was marked as misclassifying, it might be due to confusion about what ""No",0.9179370403289795,300,,
477,"Person1: You'll catch cold. It's cold.  What do you suppose he is, a survivalist?
Person2: I think he's feral.
Person1: Feral? Don't touch him! He might be diseased! He might... My God, rabies!
Person2: He looks perfectly fine.
Person1: I think we should go. Please. Before he wakes up and, I don't know, eats us, or whatever feral things do.
Person2: I don't understand you. This is fascinating and you just want to run away. I mean, here we have a human being totally uncontaminated by civilization, totally free, and all you want to do is run back to your...
Person1: Actually, I just had an amusing thought.
Person2: What?
Person1: Feral, huh? Totally uncontaminated?
Person2: Look at him. He doesn't understand English. He moves like an animal.
Person1: It's perfect!
Person2: Nathan, what the hell are you talking about?
Person1: Forget mice! Actually forget guinea pigs, cats, monkeys, and chimps also. I'm on to stage five: The human subject.
Person2: Oh no. You can't take him from his home, Nathan.
Person1: Don't you see? He's my Tabula Rasa, my Eliza Dolittle. He's my ticket to the top of the Behaviorist food chain. He's going to make me famous.
Person2: I won't allow you. It's wrong. He's happy here.
Person1: Is he, Lila? Is he happy living filthy and naked alone in this tick infested wilderness? Never to know the love of a good woman, never to revel in the pitter-patter of little feet, never to read Moby Dick, or marvel at a Monet, or just sit back after a day of hard but rewarding work, smoke a pipe, and wonder about the nature of reality.
Person2: You'd be taking away his freedom, Nathan.
Person1: Freedom's just another word for nothing left to lose, Lila, to quote Janet Jackson.",1,Yes,1,True,"Reflection on the misclassification:

The input is a dialogue between two people discussing a ""feral"" human living in the wilderness, with one person (Person1, Nathan) expressing a desire to take the human away from his natural environment for experimental purposes, while the other (Person2, Lila) objects on ethical grounds. The conversation touches on themes of freedom, civilization, ethics, and human nature.

The predicted label was ""Yes,"" but the true label was ""1."" Without knowing the exact classification task or label definitions, it seems the model confused the binary or categorical labels. Possibly, the model interpreted the conversation as affirming or agreeing (""Yes"") rather than recognizing the nuanced ethical conflict or the negative implications of Nathan's plan.

Lik",1.223876714706421,300,"Rationalization,Shaming or Belittlement,Accusation",
478,"Person1: ...what, what, say it.  Say it to me...
Person2: I...
Person1: What...?
Person2: I...
Person1: What...?  Say the words.
Person2: I don't have the power.  I said it.
Person1: What power?
Person2: The power to negotiate.
Person1: To negotiate what?  To negotiate what?
Person2: This.
Person1: What, ""this""?",0,No,0,True,"In this dialogue, the interaction between Person1 and Person2 revolves around Person2 expressing a lack of power to negotiate ""this,"" with Person1 pressing for clarification. The predicted label was ""No,"" while the true label was 0. Assuming the classification task involves determining whether the conversation contains a particular feature (e.g., a specific type of agreement, conflict, or negotiation), the misclassification likely arose from misunderstanding the subtle negotiation context.

What was likely misunderstood:
- The model may have failed to recognize that Person2 explicitly states lacking ""the power to negotiate,"" which is a direct reference to negotiation.
- The ambiguity of ""this"" might have caused confusion, leading the model to overlook the negotiation theme.
- The repetitive questioning by Person1 emphasizes",0.8158764839172363,300,,
479,"Person1: We were just trying to push the envelope --
Person2: You're BLIND!  There is no envelope anymore!!  It hurts me to say this... but there's only one solution --  I don't want you two to ever work together again.",1,Yes,1,True,"Let's analyze the misclassification:

Input:
Person1: We were just trying to push the envelope --
Person2: You're BLIND! There is no envelope anymore!! It hurts me to say this... but there's only one solution -- I don't want you two to ever work together again.

Predicted: Yes  
True label: 1

---

**Reflection:**

1. **Understanding the task and labels:**  
   The predicted label was ""Yes,"" while the true label was ""1."" Assuming ""Yes"" and ""1"" represent the same class (e.g., positive or affirmative), there might be a formatting or interpretation mismatch. However, if ""Yes"" and ""1"" are different labels, then the model confused the two.

2",0.7532351016998291,300,Brandishing Anger,
480,"Person1: Jesus.   What kind of FBI agent are you?
Person2: I'm your worst nightmare. Now, if you don't want me to keep on hurting you, it's important that I believe you and right now I don't. So tell me, where did they go?
Person1: I swear man, I don't know. They packed up and left a half hour ago.  All I got is one of their phone numbers in Paris.",1,Yes,1,True,"In this case, the input appears to be a snippet of dialogue between two people, with Person2 acting as an FBI agent interrogating Person1. The predicted label was ""Yes,"" while the true label was ""1."" Assuming the labels ""Yes"" and ""1"" correspond to different classes (for example, ""Yes"" might mean a positive classification and ""1"" might mean a neutral or negative classification, or vice versa), the misclassification suggests a misunderstanding of the context or the intended classification criteria.

Likely misunderstandings:
1. Ambiguity in Label Mapping: The labels ""Yes"" and ""1"" might have been interpreted as equivalent or similar, but they actually represent different classes. This could cause confusion in the prediction.
2",0.9194433689117432,300,Intimidation,
481,"Person1: Thank you.
Person2: Please accept my apology for not having done so sooner.
Person1: Apology accepted.  Now, on the matter of the specific targeting of officers during engagements, this is absolutely unacceptable.
Person2: That one is a bit more difficult.
Person1: Certainly you must know that in civilized warfare, officers in the field must not be accorded inappropriate levels of hostile attention.
Person2: And what are inappropriate levels of hostile attention?
Person1: Colonel, imagine the utter chaos that would result from un-led armies having at each other.  There must be gentlemen in command to lead and, when appropriate, restrain their men.
Person2: Restrain them from the targeting of civilians, including women and children?
Person1: That is a separate issue.
Person2: I consider them linked.
Person1: I beg to differ.  One is a command decision on your part.  The other represents nothing more than the occasional over-exuberance of field officers attempting to carry out their duty in difficult circumstances.
Person2: As long as your soldiers attack civilians, I will order the shooting of your officers at the outset of every engagement.  And my men are excellent marksmen.",0,No,0,True,"Reflection on the error:

The input dialogue involves a discussion about the ethics and rules of warfare, specifically focusing on the targeting of officers and civilians during engagements. The conversation is nuanced, with Person1 emphasizing the importance of protecting officers to maintain order, while Person2 links the targeting of officers to the targeting of civilians and threatens retaliation if civilians are attacked.

The predicted label was ""No,"" but the true label is 0. Assuming the classification task is binary and that ""0"" corresponds to ""No,"" the prediction and true label seem aligned. However, since the user states this was a misclassification, it suggests that the model's output did not match the true label correctly.

Possible misunderstanding:

1. **Contextual nuance:** The model may have",0.9624848365783691,300,,
482,"Person1: I told you boys I'm no escape artist, but for the first time, I like the odds. Because now I got me a decoy.
Person2: What's the decoy?
Person1: Price. When I go I want you to give me five minutes. Exactly five minutes to get Dunbar out of that water tank. Then you throw Price out into the compound, nice and loud. He'll draw every light from every goon tower. It's our only chance to cut through. What do you say, Barracks' Chief?
Person2: Shoot!",0,No,0,True,"In this case, the input is a dialogue involving a plan or strategy to create a diversion (""decoy"") to facilitate an escape or rescue. The predicted label was ""No,"" while the true label was 0. Assuming the classification task is binary and that ""0"" corresponds to ""No"" or a negative class, the prediction and true label seem aligned. However, since the user says the input was misclassified, it suggests that the model's predicted label ""No"" was incorrect for this input.

Reflection on the error:

1. **Likely Misunderstanding:**
   - The model may have misinterpreted the dialogue as a straightforward ""No"" or negative response, possibly because of the phrase ""I'm no escape artist,"" which",0.8393030166625977,300,,
483,"Person1: Come on, daddy, pull my coat. What happens if you give all that up? You get sick or somethin'? I pulled a hustle once and got out of the draft.
Person2: I'm telling you God's words, not no hustle. I'm talking the words of Elijah, the black man's God. I'm telling you, boy, that God is black.
Person1: What? Everybody knows God is White.
Person2: But everything the white man taught you, you learned. He told you you were a black heathen and you believed him. He told you how he took you out of darkness and brought you to the light. And you believed him. He taught you to worship a blond, blue-eyed God with white skin -- and you believed him. He told you black was a curse, you believed him. Did you ever look up the word black in the dictionary?
Person1: What for?
Person2: Did you ever study anything wasn't part of some con?
Person1: What the hell for, man?
Person2: Go on, fool; the marble shooters are waiting for you.
Person1: Okay, okay. Show me, man.",1,Yes,1,True,"In this case, the predicted label was ""Yes"" while the true label was ""1."" Assuming the task involves binary classification where ""Yes"" corresponds to one class and ""1"" corresponds to the other, it seems the model confused the labels or the meaning behind the dialogue.

Reflection on the error:

1. **Misunderstanding the context or label mapping:**  
   The dialogue is a conversation about racial identity, belief systems, and challenging established narratives. The true label ""1"" likely indicates a particular class (e.g., ""No,"" ""False,"" or a specific category), while the model predicted ""Yes,"" possibly indicating the opposite. The model may have misunderstood the nuanced disagreement and tension in the conversation, or it may have misinterpre",1.2480731010437012,300,"Persuasion or Seduction,Accusation",
484,"Person1: Insidious thing, wondering if your partner...has another partner.
Person2: Okay, look, I'm delivering this to a man who's going to give us the key to our job. But it's pointless to try to explain it yet. You just have to trust me. I don't have any more secrets.
Person1: Everyone has secrets, it's what makes us human.",0,No,0,True,"In this dialogue, the key point revolves around trust and secrecy between the speakers. Person1 expresses suspicion (""wondering if your partner...has another partner""), which hints at potential infidelity or betrayal. Person2 responds by emphasizing trust and denying further secrets. Person1 then philosophizes that ""everyone has secrets,"" implying acceptance of some level of hidden information.

The predicted label was ""No,"" while the true label was 0. Assuming the labels correspond to a binary classification task (e.g., ""Yes"" = 1, ""No"" = 0), the model predicted ""No"" but the true label was also 0, which suggests the prediction was actually correct. However, since the user says it was misclassified, perhaps the labels",1.4323017597198486,300,,
485,"Person1: What was the name of that kid at Anzio, the one who got his face burned off?
Person2: Vecchio.
Person1: Yeah, Vecchio, I couldn't remember his name, he was a good kid, remember how he used to walk on his hands and sing that song about the man on flying trapeze?
Person2: Yeah.
Person1: You know why I'm such a good officer? Because of my mother.  Have I ever told you about her?
Person2: Bits and pieces.
Person1: She's the best poker player you ever saw.  My father used to go to these Saturday night games and lose his shirt.  Finally, my mother gave him an ultimatum, either she gets a regular seat at the table or she locks him in every Saturday night. He squawked and so did his buddies but after a while they gave in and from the first night she sat down, she never lost.  She could read those cocky bastards like they were playing open hands.  And he bluffs?  He had sixteen levels of bullshit.  Her eyes, the tone of her voice, her bets, her jokes, the way she sipped her coffee, she was a master.  She won more money on shit hands than anyone in the history of the game. Every Saturday night, my father would lose two, three hundred bucks and she'd win it all back and then some. And I'd stand there, glued to her shoulder, from the time I was five years old, watching every hand, every move, studying how she did it.  That's why I'm such a good officer, I can look at a man's face and tell you exactly what he's holding, and if it's a shit hand, I know just what cards to deal him.
Person2: And what about your own hand?
Person1: No problem.  A pair of deuces?  Less? So what?  I bluff.  It used to tear me apart when I'd get one of my men killed, but what was I supposed to do?  Break down in front of the ones who were standing there waiting for me to tell them what to do?  Of course not, so I bluffed, and after a while, I started to fall for my own bluff. It was great, it made everything so much easier.  Sarge Is that why your hand's been shaking?
Person1: It could be worse.  You know the first thing they teach you at O.C.S.? Lie to your men.
Person2: Oh, yeah?
Person1: Not in so many words, but they tell you you can have all the firepower in the world and if your men don't have good morale, it's not worth a damn.  So if you're scared or empty or half-a-step from a Section Eight, do you tell your men?  Of course not.  You bluff, you lie.
Person2: And how do you bluff yourself?
Person1: Simple, numbers.  Every time you kill one of your men, you tell yourself you just saved the lives of two, three, ten, a hundred others. We lost, what, thirty-one on the cliffs?  I'll bet we saved ten times that number by putting out those guns.  That's over three hundred men.  Maybe five hundred.  A thousand. Then thousand.  Any number you want. See?  It's simple.  It lets you always choose mission over men.
Person2: Except this time, the mission IS a man.
Person1: That's the rub.  I liked Wade.  Who's Ryan?  If they're both standing in front of me and I have to shoot one or the other, how do I choose?  Look at my hand, there it goes again.
Person2: John, I've got to tell you, I think you're about used up.
Person1: I think you're right, Keith.
Person2: You want me to take over?",1,No,0,True,"In this dialogue, the true label is 1, which presumably indicates a positive or affirmative classification (e.g., ""Yes,"" ""Agree,"" ""Accept,"" or ""True""), but the model predicted ""No,"" a negative or rejecting classification.

Reflection on the error:

1. **Context and Content Complexity**: The input is a long, nuanced conversation involving themes of leadership, bluffing, coping with loss, and moral dilemmas in a military context. The speaker uses poker metaphors to explain psychological strategies and emotional struggles. The conversation ends with an offer to ""take over,"" implying a transfer of responsibility or command.

2. **Likely Misunderstanding**: The model probably focused on the literal ""No"" or negative-sounding phrases",0.9409239292144775,300,,
486,"Person1: You were planning to send me back to the ice house.  You set me up.
Person2: You're crazy.
Person1: You were the dirty cop... and I was on to you.  You panicked.  Afraid I was going to expose you... so you shut me up.",1,Yes,1,True,"Let's analyze the misclassification carefully.

Input dialogue:
Person1 accuses Person2 of setting them up and being a ""dirty cop,"" implying a serious betrayal or wrongdoing. Person2 responds with ""You're crazy,"" which is a dismissive denial. Person1 continues, asserting that Person2 panicked and ""shut me up,"" implying harm or silencing.

Predicted label: Yes  
True label: 1

Assuming the task is to classify whether the dialogue contains an explicit admission or confirmation of wrongdoing (or a ""yes"" to a specific question), the predicted label ""Yes"" was likely assigned because Person1's statements strongly imply wrongdoing by Person2.

However, the true label is 1, which presumably corresponds to ""No""",0.8892307281494141,300,Accusation,
487,"Person1: Who are you calling, Miss Kubelik?
Person2: My sister -- she'll want to know what happened to me.
Person1: Wait a minute -- let's talk this over first.  Just what are you going to tell her?
Person2: Well, I haven't figured it out, exactly.
Person1: You better figure it out -- exactly. Suppose she asks you why you didn't come home last night?
Person2: I'll tell her I spent the night with a friend.
Person1: Who?
Person2: Someone from the office.
Person1: And where are you now?
Person2: In his apartment.
Person1: His apartment?
Person2: I mean -- her apartment.
Person1: What's your friend's name?
Person2: Baxter.
Person1: What's her first name?
Person2: Miss.",0,No,0,True,"In this case, the input is a dialogue between two people discussing a situation involving a third person (Miss Kubelik) and a story about where one of the speakers spent the night. The predicted label was ""No,"" but the true label is 0. Assuming the task involves classifying whether the dialogue contains a certain feature (e.g., a lie, a request, a question, or some other binary classification), the model likely misunderstood the context or the nature of the conversation.

**What was likely misunderstood?**  
- The model may have misinterpreted the subtlety of the conversation, especially the hesitation and correction (""His apartment? I mean -- her apartment."") and the uncertainty about what to tell the sister.  
- The model might",1.3846180438995361,300,,
488,"Person1: I saw the messages on your phone. Who's Jamie?
Person2: It's not what you think. He's just a coworker.
Person1: You've been texting him a lot lately.
Person2: Lucas, please. Let's talk about this later.
Person1: Fine, but we're not ignoring this.
Person2: I promise, we won't.",1,No,0,True,"In this dialogue, the key issue revolves around suspicion and potential conflict about texting another person, Jamie. The true label is 1, which likely indicates the presence of conflict, tension, or a problematic situation. However, the predicted label was ""No,"" suggesting the model interpreted the conversation as not containing conflict or concern.

What was likely misunderstood:
- The model may have focused on the polite and somewhat calm tone of Person2, who tries to downplay the situation (""It's not what you think,"" ""He's just a coworker,"" ""Let's talk about this later,"" ""I promise, we won't""), rather than the underlying tension and suspicion expressed by Person1.
- The model might have missed the implicit conflict in Person1's repeated concerns (""Who's",1.0431561470031738,300,"Feigning Innocence,Evasion",Naivete
489,"Person1: Talley lives here.  I don't know if the place has security or not.
Person2: It won't be a problem.
Person1: He has a wife and kid.  That's how we'll get to him.
Person2: Okey-doke.
Person1: We have to own this guy, Marion.  We don't want him dead; we need to use him.",0,Yes,0,True,"In this dialogue, the conversation involves planning to ""own"" a person named Marion, with the explicit statement ""We don't want him dead; we need to use him."" The predicted label was ""Yes,"" but the true label is 0, indicating that the correct classification should have been ""No.""

Likely Misunderstanding:
- The model probably interpreted the phrase ""We have to own this guy"" and the context of targeting someone as an indication of a threat or harmful intent, leading to a positive classification.
- However, the true label 0 suggests that this conversation does not meet the criteria for the positive class (which might be related to explicit threats, violence, or harmful intent).
- The phrase ""We don't want him dead; we",0.8198010921478271,300,,
490,"Person1: It's not like I can't go out and have fun with my friends.
Person2: You think I'm Ronnie's spy or somethin'? Come tomorrow that dumb- ass gonna be halfway round the world tryin' to keep his head on his shoulders. You think he's gonna be thinkin' about you?
Person1: You go to hell.",1,No,0,True,"In this dialogue, the true label is 1, which likely indicates the presence of some form of conflict, hostility, or negative sentiment between the speakers. However, the model predicted ""No,"" suggesting it did not detect this.

Reflection on the error:

1. Misunderstanding the tone and context:  
   The conversation contains subtle hostility and defensiveness. Person2 accuses Person1 of being a spy and disparages ""Ronnie,"" implying distrust and antagonism. Person1's final response, ""You go to hell,"" is a clear insult, signaling conflict. The model likely missed these cues or interpreted the conversation as neutral or casual.

2. Overlooking implicit hostility:  
   The hostility is not overtly aggressive but implied through sarcas",0.7080762386322021,300,,
491,"Person1: But I know you're not gonna quit on me.
Person2: How do you know that?
Person1: Cause you got a little voice in your head saying, do the right thing.  Give him another chance.",1,Yes,1,True,"In this case, the input is a short dialogue where Person1 encourages Person2 not to quit and to ""do the right thing"" by giving someone another chance. The predicted label was ""Yes,"" and the true label was ""1."" Assuming the classification task is binary with labels ""Yes"" and ""No"" or ""1"" and ""0,"" it seems the prediction and true label actually align (both indicate a positive or affirmative class).

However, since you mentioned this was a misclassification, it suggests that the model's output ""Yes"" was interpreted as incorrect against the true label ""1,"" or there was some confusion in label mapping.

Reflection on the error:

1. **Label Interpretation Confusion:**  
   The predicted label ""Yes",0.8249561786651611,300,Persuasion or Seduction,
492,"Person1: Now you know how it feels.  To be locked away, to wonder if theyre coming for you, if anyone will ever come for you.
Person2: Someone will come.
Person1: Who?  Bond?  Bond is dead.",0,Yes,0,True,"In this example, the input is a short dialogue between two people, with Person1 expressing feelings of being locked away and abandoned, and Person2 offering reassurance. The predicted label was ""Yes,"" but the true label is ""0."" Without additional context, it seems the task involves classifying whether the dialogue expresses a certain condition or sentiment (e.g., agreement, positivity, or a specific category).

**What was likely misunderstood?**  
- The model probably misinterpreted the dialogue as an expression of affirmation or agreement (""Yes"") because Person2 says ""Someone will come,"" which is a positive reassurance.  
- However, Person1's overall tone is bleak and doubtful (""Bond is dead""), indicating despair or disbelief rather than affirmation.  
-",1.8439311981201172,300,,
493,"Person1: Yes you!
Person2: This show was created, conceived by you, a non-threatening African- American male.  Voila.  End of argument.  It can't be racist because you're black.",1,Yes,1,True,"In this case, the input contains a statement that appears to dismiss concerns about racism by asserting that because the person being referred to is Black, the show cannot be racist. This is a complex and sensitive topic involving race and assumptions about intent or impact.

The predicted label was ""Yes,"" but the true label was ""1."" Without knowing the exact label definitions, it seems the model may have misunderstood the nuance or the implied sarcasm or defensiveness in the statement. The phrase ""It can't be racist because you're black"" is often used to invalidate experiences of racism, which can be considered a problematic or dismissive stance.

Likely misunderstandings:
- The model may have taken the statement at face value, interpreting it as a straightforward affirmation rather than recognizing",1.1168193817138672,300,,
494,"Person1: Um...look, there's something I've, uh, that's been bothering me for a long time, and I just thought I'd just tell you what it was and just sort of clear the deck here, and  that's this.
Person2: Oh, yeah?  What?
Person1: That I've always regretted the way I behaved that evening we went out, and, uh...I've, I just thought I'd tell you that because I really made a fool out of myself.
Person2: Oh, don't be silly!  No!  Don't be ridiculous.
Person1: It's all right.
Person2: I was the, I was... You know, it was my fault.  I--",0,No,0,True,"In this dialogue, the predicted label was ""No,"" but the true label was 0. Without explicit context on what the labels represent, I infer that the task likely involves classifying whether the conversation contains an apology, an expression of regret, or a similar sentiment.

Reflection on the error:

1. **Likely Misunderstanding:**  
   The model probably misunderstood the subtlety of the apology or regret expressed by Person1. Person1 is clearly expressing regret (""I've always regretted the way I behaved that evening... I really made a fool out of myself""), which is a form of apology or admission of fault. Person2 responds by dismissing the apology (""Oh, don't be silly! No! Don't be ridiculous.""), which might have",0.921748161315918,300,,
495,"Person1: I want to see you, Terry.
Person2: You got eyes. I'm right in front of you.
Person1: Now don't give me a hard time.
Person2: What do you want from me, Father.
Person1: Your gun.
Person2: Mind your own business, Father.
Person1: This is my business.
Person2: Why don't you go and chase yourself?
Person1: Give me that gun.
Person2: You go to hell.
Person1: What did you say?
Person2: You go to",0,Yes,1,True,"In this dialogue, the predicted label was ""Yes,"" but the true label was ""0."" Without explicit context, it seems the task was to determine whether a certain condition or relationship holds—possibly whether the conversation is cooperative, friendly, or involves a particular dynamic.

Reflection on the error:

1. **Misunderstanding the tone and relationship:** The conversation is tense and confrontational, with Person1 demanding a gun and Person2 resisting. The use of ""Father"" suggests a familial relationship, but the interaction is hostile rather than cooperative or positive.

2. **Misinterpreting the intent:** The model likely misclassified because it may have focused on the presence of a relationship (father-child) or the fact that there is direct communication, rather than",0.8197023868560791,300,,
496,"Person1: Nothing worse than having to feel this way in front of you?
Person2: Nellie, you're a disgrace to depression.
Person1: Rot in hell, Melvin.
Person2: No need to stop being a lady... quit worrying -- you'll be back on your knees in no time.",1,Yes,1,True,"Let's analyze the misclassification:

Input dialogue:
- Person1: ""Nothing worse than having to feel this way in front of you?""
- Person2: ""Nellie, you're a disgrace to depression.""
- Person1: ""Rot in hell, Melvin.""
- Person2: ""No need to stop being a lady... quit worrying -- you'll be back on your knees in no time.""

Predicted label: Yes  
True label: 1

---

**Reflection on the error:**

1. **Likely misunderstanding:**
   - The predicted label ""Yes"" suggests the model interpreted the conversation as non-toxic or non-hostile, or possibly as a positive or neutral interaction.
   - However, the true label ""1"" (",0.7155370712280273,300,,
497,"Person1: It's been five minutes and I'm packing to leave again.  I can't believe this.
Person2: That's right, your life is Shit, and I'm to blame.  It's that simple.",1,Yes,1,True,"Let's analyze the misclassification carefully.

Input:
Person1: ""It's been five minutes and I'm packing to leave again. I can't believe this.""
Person2: ""That's right, your life is Shit, and I'm to blame. It's that simple.""

Predicted: Yes  
True label: 1

---

**Reflection on the error:**

1. **Ambiguity in the labels:**  
   The predicted label was ""Yes"" while the true label was ""1"". It's unclear from the context what these labels represent exactly. Assuming ""Yes"" corresponds to a positive or affirmative classification and ""1"" is the true label (likely also positive), the misclassification might be due to label format mismatch or interpretation error.

2. **Potential",0.813765287399292,300,Playing Victim Role,
498,"Person1: I can't believe you're making this up - it sounds like something out of an old Clyde Fitch play...
Person2: Clyde Fitch, thought you may not think so, was well before my time!
Person1: I've always denied the legend that you were in 'Our American Cousin' the night Lincoln was shot...
Person2: I don't think that's funny!
Person1: Of course it's funny - this is all too laughable to be anything else. You know what I think about this - this age obsession of yours - and now this ridiculous attempt to whip yourself up into a jealous froth because I spent ten minutes with a stage-struck kid-
Person2: Twenty minutes!
Person1: Thirty minutes, forty minutes! What of it?
Person2: Stage-struck kid... she's a young lady - of qualities. And I'll have you know I'm fed up with both the young lady and her qualities! Studying me as if - as if I were a play or a set of blueprints! How I walk, talk, think, eat, sleep!
Person1: Now how can you take offense at a kid trying in every way to be as much like her ideal as possible!
Person2: Stop calling her a kid! It so happens there are particular aspects of my life to which I would like to maintain sole and exclusive rights and privileges!
Person1: For instance what?
Person2: For instance - you!
Person1: This is my cue to take you in my arms and reassure you - but I'm not going to. I'm too mad-
Person2: - guilty.
Person1: Mad! Darling, there are certain characteristics for which you are famous - on stage and off. I love you for some of them - and in spite of others. I haven't let those become too important to me. They're part of your equipment for getting along in what is laughably called out environment - you've got to keep your teeth sharp. All right. But you will not sharpen them on me - or on Eve...
Person2: What about her teeth? What about her fangs?
Person1: She hasn't cut them yet, and you know it! So when you start judging an idealistic dreamy-eyed kid by the barroom, Benzedrine standards of this megalomaniac society - I won't have it! Eve Harrington has never by word, look, thought or suggestion indicated anything to me but her adoration for you and her happiness at our being in love! And to intimate anything else doesn't spell jealousy to me - it spells a paranoic insecurity that you should be ashamed of!
Person2: Cut! Print it! What happens in the next reel? Do I get dragged off screaming to the snake pit?",1,No,1,True,"In this dialogue, the interaction is a tense, emotionally charged exchange between two people discussing jealousy, insecurity, and complicated feelings involving a third party (""Eve""). The true label was 1 (likely indicating the presence of a certain feature, e.g., conflict, emotional intensity, or a particular relationship dynamic), but the model predicted ""No,"" missing this.

What was likely misunderstood:
- The model may have failed to recognize the underlying emotional conflict and jealousy expressed by Person2, who is clearly upset and insecure about Person1's interactions with the ""stage-struck kid.""
- The dialogue is rich in subtext, sarcasm, and indirect references (e.g., ""teeth,"" ""fangs,"" ""sharpening them on me",1.121811866760254,300,Accusation,
499,"Person1: You will not set me on another walk down memory lane.  Not this lane. Not today.
Person2: I didn't --
Person1: Why do I tell you this?  I never told David.  I never even remembered it until you got me going.
Person2: You're the one who started it.
Person1: You're very clever, Mr. Boone.  You just sit there and let me talk. What a sorry old man, you're thinking.  What a crazy old poof.  Why are you here?  What do you want from me?
Person2: You asked me to model.  Remember?
Person1: Of course I remember.  Do you think I'm so senile --",1,No,0,True,"In this misclassification, the model predicted ""No"" while the true label was ""1"" (presumably ""Yes"" or an affirmative class). The input is a dialogue between two people, with Person1 expressing emotional vulnerability and Person2 responding.

Likely misunderstanding:
- The model may have failed to recognize the emotional or affirmative cues in the dialogue. Person1 is opening up about a sensitive memory and questioning Person2's intentions, which suggests a meaningful interaction or agreement.
- The model might have focused on the literal content or surface-level negations (""You will not set me on another walk down memory lane"") and interpreted that as a negative or ""No"" response.
- The subtlety of the conversation, including implied trust or a request (""",1.1282126903533936,300,Accusation,Low self-esteem
